ISO-10303-21;
HEADER;
/* Generated by software containing ST-Developer
 * from STEP Tools, Inc. (www.steptools.com) 
 */

FILE_DESCRIPTION(
/* description */ (''),
/* implementation_level */ '2;1');

FILE_NAME(
/* name */ 'Final Assembly.step',
/* time_stamp */ '2026-01-30T19:47:01-05:00',
/* author */ (''),
/* organization */ (''),
/* preprocessor_version */ 'ST-DEVELOPER v20.1',
/* originating_system */ 'Autodesk Translation Framework v14.24.0.0',
/* authorisation */ '');

FILE_SCHEMA (('AUTOMOTIVE_DESIGN { 1 0 10303 214 3 1 1 }'));
ENDSEC;

DATA;
#10=MECHANICAL_DESIGN_GEOMETRIC_PRESENTATION_REPRESENTATION('',(#145,#146,
#147,#148,#149,#150,#151,#152,#153,#154,#155,#156,#157),#12717);
#11=CONICAL_SURFACE('',#8155,0.0713029912329464,0.785398163397448);
#12=CONICAL_SURFACE('',#8156,0.0688976377952756,0.785398163397447);
#13=CONICAL_SURFACE('',#8157,0.0713029912329464,0.785398163397448);
#14=CONICAL_SURFACE('',#8158,0.0688976377952756,0.785398163397448);
#15=CONICAL_SURFACE('',#8189,0.0713029912329464,0.785398163397448);
#16=CONICAL_SURFACE('',#8192,0.0688976377952756,0.785398163397447);
#17=CONICAL_SURFACE('',#8195,0.0713029912329464,0.785398163397448);
#18=CONICAL_SURFACE('',#8198,0.0688976377952756,0.785398163397448);
#19=CONICAL_SURFACE('',#8213,0.108267716535433,0.78539816339745);
#20=ITEM_DEFINED_TRANSFORMATION($,$,#7911,#8067);
#21=ITEM_DEFINED_TRANSFORMATION($,$,#8125,#8218);
#22=ITEM_DEFINED_TRANSFORMATION($,$,#8170,#8219);
#23=ITEM_DEFINED_TRANSFORMATION($,$,#8125,#8220);
#24=ITEM_DEFINED_TRANSFORMATION($,$,#8170,#8221);
#25=ITEM_DEFINED_TRANSFORMATION($,$,#7655,#8222);
#26=ITEM_DEFINED_TRANSFORMATION($,$,#7677,#8223);
#27=ITEM_DEFINED_TRANSFORMATION($,$,#7698,#8224);
#28=ITEM_DEFINED_TRANSFORMATION($,$,#7730,#8225);
#29=ITEM_DEFINED_TRANSFORMATION($,$,#7761,#8226);
#30=ITEM_DEFINED_TRANSFORMATION($,$,#7790,#8227);
#31=ITEM_DEFINED_TRANSFORMATION($,$,#7883,#8228);
#32=ITEM_DEFINED_TRANSFORMATION($,$,#7910,#8229);
#33=ITEM_DEFINED_TRANSFORMATION($,$,#8068,#8230);
#34=ITEM_DEFINED_TRANSFORMATION($,$,#8103,#8231);
#35=ITEM_DEFINED_TRANSFORMATION($,$,#8123,#8232);
#36=ITEM_DEFINED_TRANSFORMATION($,$,#8124,#8233);
#37=(
REPRESENTATION_RELATIONSHIP($,$,#12783,#12782)
REPRESENTATION_RELATIONSHIP_WITH_TRANSFORMATION(#20)
SHAPE_REPRESENTATION_RELATIONSHIP()
);
#38=(
REPRESENTATION_RELATIONSHIP($,$,#12788,#12786)
REPRESENTATION_RELATIONSHIP_WITH_TRANSFORMATION(#21)
SHAPE_REPRESENTATION_RELATIONSHIP()
);
#39=(
REPRESENTATION_RELATIONSHIP($,$,#12789,#12786)
REPRESENTATION_RELATIONSHIP_WITH_TRANSFORMATION(#22)
SHAPE_REPRESENTATION_RELATIONSHIP()
);
#40=(
REPRESENTATION_RELATIONSHIP($,$,#12788,#12787)
REPRESENTATION_RELATIONSHIP_WITH_TRANSFORMATION(#23)
SHAPE_REPRESENTATION_RELATIONSHIP()
);
#41=(
REPRESENTATION_RELATIONSHIP($,$,#12789,#12787)
REPRESENTATION_RELATIONSHIP_WITH_TRANSFORMATION(#24)
SHAPE_REPRESENTATION_RELATIONSHIP()
);
#42=(
REPRESENTATION_RELATIONSHIP($,$,#12775,#12774)
REPRESENTATION_RELATIONSHIP_WITH_TRANSFORMATION(#25)
SHAPE_REPRESENTATION_RELATIONSHIP()
);
#43=(
REPRESENTATION_RELATIONSHIP($,$,#12776,#12774)
REPRESENTATION_RELATIONSHIP_WITH_TRANSFORMATION(#26)
SHAPE_REPRESENTATION_RELATIONSHIP()
);
#44=(
REPRESENTATION_RELATIONSHIP($,$,#12777,#12774)
REPRESENTATION_RELATIONSHIP_WITH_TRANSFORMATION(#27)
SHAPE_REPRESENTATION_RELATIONSHIP()
);
#45=(
REPRESENTATION_RELATIONSHIP($,$,#12778,#12774)
REPRESENTATION_RELATIONSHIP_WITH_TRANSFORMATION(#28)
SHAPE_REPRESENTATION_RELATIONSHIP()
);
#46=(
REPRESENTATION_RELATIONSHIP($,$,#12779,#12774)
REPRESENTATION_RELATIONSHIP_WITH_TRANSFORMATION(#29)
SHAPE_REPRESENTATION_RELATIONSHIP()
);
#47=(
REPRESENTATION_RELATIONSHIP($,$,#12780,#12774)
REPRESENTATION_RELATIONSHIP_WITH_TRANSFORMATION(#30)
SHAPE_REPRESENTATION_RELATIONSHIP()
);
#48=(
REPRESENTATION_RELATIONSHIP($,$,#12781,#12774)
REPRESENTATION_RELATIONSHIP_WITH_TRANSFORMATION(#31)
SHAPE_REPRESENTATION_RELATIONSHIP()
);
#49=(
REPRESENTATION_RELATIONSHIP($,$,#12782,#12774)
REPRESENTATION_RELATIONSHIP_WITH_TRANSFORMATION(#32)
SHAPE_REPRESENTATION_RELATIONSHIP()
);
#50=(
REPRESENTATION_RELATIONSHIP($,$,#12784,#12774)
REPRESENTATION_RELATIONSHIP_WITH_TRANSFORMATION(#33)
SHAPE_REPRESENTATION_RELATIONSHIP()
);
#51=(
REPRESENTATION_RELATIONSHIP($,$,#12785,#12774)
REPRESENTATION_RELATIONSHIP_WITH_TRANSFORMATION(#34)
SHAPE_REPRESENTATION_RELATIONSHIP()
);
#52=(
REPRESENTATION_RELATIONSHIP($,$,#12786,#12774)
REPRESENTATION_RELATIONSHIP_WITH_TRANSFORMATION(#35)
SHAPE_REPRESENTATION_RELATIONSHIP()
);
#53=(
REPRESENTATION_RELATIONSHIP($,$,#12787,#12774)
REPRESENTATION_RELATIONSHIP_WITH_TRANSFORMATION(#36)
SHAPE_REPRESENTATION_RELATIONSHIP()
);
#54=CONTEXT_DEPENDENT_SHAPE_REPRESENTATION(#37,#12751);
#55=CONTEXT_DEPENDENT_SHAPE_REPRESENTATION(#38,#12758);
#56=CONTEXT_DEPENDENT_SHAPE_REPRESENTATION(#39,#12759);
#57=CONTEXT_DEPENDENT_SHAPE_REPRESENTATION(#40,#12760);
#58=CONTEXT_DEPENDENT_SHAPE_REPRESENTATION(#41,#12761);
#59=CONTEXT_DEPENDENT_SHAPE_REPRESENTATION(#42,#12762);
#60=CONTEXT_DEPENDENT_SHAPE_REPRESENTATION(#43,#12763);
#61=CONTEXT_DEPENDENT_SHAPE_REPRESENTATION(#44,#12764);
#62=CONTEXT_DEPENDENT_SHAPE_REPRESENTATION(#45,#12765);
#63=CONTEXT_DEPENDENT_SHAPE_REPRESENTATION(#46,#12766);
#64=CONTEXT_DEPENDENT_SHAPE_REPRESENTATION(#47,#12767);
#65=CONTEXT_DEPENDENT_SHAPE_REPRESENTATION(#48,#12768);
#66=CONTEXT_DEPENDENT_SHAPE_REPRESENTATION(#49,#12769);
#67=CONTEXT_DEPENDENT_SHAPE_REPRESENTATION(#50,#12770);
#68=CONTEXT_DEPENDENT_SHAPE_REPRESENTATION(#51,#12771);
#69=CONTEXT_DEPENDENT_SHAPE_REPRESENTATION(#52,#12772);
#70=CONTEXT_DEPENDENT_SHAPE_REPRESENTATION(#53,#12773);
#71=NEXT_ASSEMBLY_USAGE_OCCURRENCE('Base:1','Base:1','Base:1',#12799,#12800,
'Base:1');
#72=NEXT_ASSEMBLY_USAGE_OCCURRENCE('Hinge_Bottom_V1:1',
'Hinge_Bottom_V1:1','Hinge_Bottom_V1:1',#12803,#12805,
'Hinge_Bottom_V1:1');
#73=NEXT_ASSEMBLY_USAGE_OCCURRENCE('Hinge_Top_V1:1','Hinge_Top_V1:1',
'Hinge_Top_V1:1',#12803,#12806,'Hinge_Top_V1:1');
#74=NEXT_ASSEMBLY_USAGE_OCCURRENCE('Hinge_Bottom_V1:1',
'Hinge_Bottom_V1:1','Hinge_Bottom_V1:1',#12804,#12805,
'Hinge_Bottom_V1:1');
#75=NEXT_ASSEMBLY_USAGE_OCCURRENCE('Hinge_Top_V1:1','Hinge_Top_V1:1',
'Hinge_Top_V1:1',#12804,#12806,'Hinge_Top_V1:1');
#76=NEXT_ASSEMBLY_USAGE_OCCURRENCE('Left Arm V1:1','Left Arm V1:1',
'Left Arm V1:1',#12791,#12792,'Left Arm V1:1');
#77=NEXT_ASSEMBLY_USAGE_OCCURRENCE('Right  Arm V1:2','Right  Arm V1:2',
'Right  Arm V1:2',#12791,#12793,'Right  Arm V1:2');
#78=NEXT_ASSEMBLY_USAGE_OCCURRENCE('Back Plate V1:1','Back Plate V1:1',
'Back Plate V1:1',#12791,#12794,'Back Plate V1:1');
#79=NEXT_ASSEMBLY_USAGE_OCCURRENCE('Roof Base V1:1','Roof Base V1:1',
'Roof Base V1:1',#12791,#12795,'Roof Base V1:1');
#80=NEXT_ASSEMBLY_USAGE_OCCURRENCE('Water Holder V1:1',
'Water Holder V1:1','Water Holder V1:1',#12791,#12796,
'Water Holder V1:1');
#81=NEXT_ASSEMBLY_USAGE_OCCURRENCE('Soil Holder V1:1',
'Soil Holder V1:1','Soil Holder V1:1',#12791,#12797,'Soil Holder V1:1');
#82=NEXT_ASSEMBLY_USAGE_OCCURRENCE('Roof Top V1:1','Roof Top V1:1',
'Roof Top V1:1',#12791,#12798,'Roof Top V1:1');
#83=NEXT_ASSEMBLY_USAGE_OCCURRENCE('Base Component V1:1',
'Base Component V1:1','Base Component V1:1',#12791,#12799,
'Base Component V1:1');
#84=NEXT_ASSEMBLY_USAGE_OCCURRENCE('Water Reservoir V1:1',
'Water Reservoir V1:1','Water Reservoir V1:1',#12791,#12801,
'Water Reservoir V1:1');
#85=NEXT_ASSEMBLY_USAGE_OCCURRENCE('Front Door V1:1','Front Door V1:1',
'Front Door V1:1',#12791,#12802,'Front Door V1:1');
#86=NEXT_ASSEMBLY_USAGE_OCCURRENCE('Hinge_PrintInPlaceV2_VC:1',
'Hinge_PrintInPlaceV2_VC:1','Hinge_PrintInPlaceV2_VC:1',#12791,#12803,
'Hinge_PrintInPlaceV2_VC:1');
#87=NEXT_ASSEMBLY_USAGE_OCCURRENCE('Hinge_PrintInPlaceV2_VC:2',
'Hinge_PrintInPlaceV2_VC:2','Hinge_PrintInPlaceV2_VC:2',#12791,#12804,
'Hinge_PrintInPlaceV2_VC:2');
#88=B_SPLINE_CURVE_WITH_KNOTS('',3,(#11469,#11470,#11471,#11472,#11473,
#11474,#11475,#11476,#11477,#11478,#11479,#11480),.UNSPECIFIED.,.F.,.F.,
(4,2,2,2,2,4),(-0.000944727706556568,0.,0.380660011336015,0.515751266452749,
0.590647461212513,0.647646001362355),.UNSPECIFIED.);
#89=B_SPLINE_CURVE_WITH_KNOTS('',3,(#11520,#11521,#11522,#11523,#11524,
#11525,#11526,#11527,#11528,#11529,#11530,#11531),.UNSPECIFIED.,.F.,.F.,
(4,2,2,2,2,4),(0.,0.0595116475339927,0.135814039975836,0.204564177976724,
0.291923137613385,0.292917057807964),.UNSPECIFIED.);
#90=B_SPLINE_CURVE_WITH_KNOTS('',3,(#11613,#11614,#11615,#11616,#11617,
#11618,#11619,#11620,#11621,#11622,#11623,#11624),.UNSPECIFIED.,.F.,.F.,
(4,2,2,2,2,4),(0.,0.0739402706102822,0.171097932350001,0.346342489215377,
0.840146584050751,0.841372113570201),.UNSPECIFIED.);
#91=B_SPLINE_CURVE_WITH_KNOTS('',3,(#11659,#11660,#11661,#11662,#11663,
#11664,#11665,#11666,#11667,#11668,#11669,#11670),.UNSPECIFIED.,.F.,.F.,
(4,2,2,2,2,4),(-0.000998849817715949,0.,0.0676368547330839,0.135063832759801,
0.208960713625175,0.292619406057045),.UNSPECIFIED.);
#92=B_SPLINE_CURVE_WITH_KNOTS('',3,(#12098,#12099,#12100,#12101),
 .UNSPECIFIED.,.F.,.F.,(4,4),(-0.597016248935872,0.),.UNSPECIFIED.);
#93=B_SPLINE_CURVE_WITH_KNOTS('',3,(#12103,#12104,#12105,#12106),
 .UNSPECIFIED.,.F.,.F.,(4,4),(-1.,1.82666257845449E-16),.UNSPECIFIED.);
#94=B_SPLINE_CURVE_WITH_KNOTS('',3,(#12108,#12109,#12110,#12111),
 .UNSPECIFIED.,.F.,.F.,(4,4),(-0.597537838562481,0.),.UNSPECIFIED.);
#95=B_SPLINE_CURVE_WITH_KNOTS('',3,(#12112,#12113,#12114,#12115),
 .UNSPECIFIED.,.F.,.F.,(4,4),(0.00962970752117942,0.990370292479175),
 .UNSPECIFIED.);
#96=ELLIPSE('',#7945,0.223606797749979,0.1);
#97=ELLIPSE('',#7946,0.282842712474619,0.2);
#98=ELLIPSE('',#7949,0.223606797749979,0.1);
#99=ELLIPSE('',#7950,0.282842712474619,0.2);
#100=ELLIPSE('',#7957,0.223606820585992,0.1);
#101=ELLIPSE('',#7958,0.282842730528072,0.2);
#102=ELLIPSE('',#7959,0.282842712474619,0.2);
#103=ELLIPSE('',#7960,0.223606797749979,0.1);
#104=ELLIPSE('',#7962,0.141421356237307,0.1);
#105=ELLIPSE('',#7965,0.14142135623731,0.1);
#106=ELLIPSE('',#7976,0.146371103705615,0.1035);
#107=ELLIPSE('',#7978,0.146371103705615,0.1035);
#108=ELLIPSE('',#7993,0.146371103705615,0.1035);
#109=ELLIPSE('',#7998,0.146371103705615,0.1035);
#110=ELLIPSE('',#8005,0.146371103705615,0.1035);
#111=ELLIPSE('',#8008,0.146371103705615,0.1035);
#112=B_SPLINE_SURFACE_WITH_KNOTS('',3,3,((#11414,#11415,#11416,#11417,#11418,
#11419,#11420),(#11421,#11422,#11423,#11424,#11425,#11426,#11427),(#11428,
#11429,#11430,#11431,#11432,#11433,#11434),(#11435,#11436,#11437,#11438,
#11439,#11440,#11441),(#11442,#11443,#11444,#11445,#11446,#11447,#11448),
(#11449,#11450,#11451,#11452,#11453,#11454,#11455),(#11456,#11457,#11458,
#11459,#11460,#11461,#11462)),.UNSPECIFIED.,.F.,.F.,.F.,(4,1,1,1,4),(4,
1,1,1,4),(0.,0.285714285714286,0.571428571428571,0.785714285714286,1.),
(-2.39135045973395E-15,0.224399475256412,0.67319842576924,1.12199737628207,
1.5707963267949),.UNSPECIFIED.);
#113=B_SPLINE_SURFACE_WITH_KNOTS('',3,3,((#11488,#11489,#11490,#11491,#11492,
#11493),(#11494,#11495,#11496,#11497,#11498,#11499),(#11500,#11501,#11502,
#11503,#11504,#11505),(#11506,#11507,#11508,#11509,#11510,#11511),(#11512,
#11513,#11514,#11515,#11516,#11517)),.UNSPECIFIED.,.F.,.F.,.F.,(4,1,4),
(4,1,1,4),(0.,0.571428571428571,1.),(-1.5707963267949,-0.897597901025656,
-0.448798950512828,8.88178419700125E-16),.UNSPECIFIED.);
#114=B_SPLINE_SURFACE_WITH_KNOTS('',3,3,((#11555,#11556,#11557,#11558,#11559,
#11560,#11561,#11562),(#11563,#11564,#11565,#11566,#11567,#11568,#11569,
#11570),(#11571,#11572,#11573,#11574,#11575,#11576,#11577,#11578),(#11579,
#11580,#11581,#11582,#11583,#11584,#11585,#11586),(#11587,#11588,#11589,
#11590,#11591,#11592,#11593,#11594),(#11595,#11596,#11597,#11598,#11599,
#11600,#11601,#11602),(#11603,#11604,#11605,#11606,#11607,#11608,#11609,
#11610)),.UNSPECIFIED.,.F.,.F.,.F.,(4,1,1,1,4),(4,1,1,1,1,4),(0.,0.285714285714286,
0.571428571428571,0.785714285714286,1.),(1.57079632679489,2.01959527730772,
2.46839422782055,2.69279370307696,2.91719317833338,3.14159265358979),
 .UNSPECIFIED.);
#115=B_SPLINE_SURFACE_WITH_KNOTS('',3,3,((#11627,#11628,#11629,#11630,#11631,
#11632),(#11633,#11634,#11635,#11636,#11637,#11638),(#11639,#11640,#11641,
#11642,#11643,#11644),(#11645,#11646,#11647,#11648,#11649,#11650),(#11651,
#11652,#11653,#11654,#11655,#11656)),.UNSPECIFIED.,.F.,.F.,.F.,(4,1,4),
(4,1,1,4),(0.,0.571428571428571,1.),(-8.88178419700125E-16,0.673198425769241,
1.12199737628207,1.5707963267949),.UNSPECIFIED.);
#116=B_SPLINE_SURFACE_WITH_KNOTS('',3,3,((#12080,#12081,#12082,#12083),
(#12084,#12085,#12086,#12087),(#12088,#12089,#12090,#12091),(#12092,#12093,
#12094,#12095)),.UNSPECIFIED.,.F.,.F.,.F.,(4,4),(4,4),(0.,1.),(-1.82666257845449E-16,
1.),.UNSPECIFIED.);
#117=B_SPLINE_SURFACE_WITH_KNOTS('',3,3,((#12116,#12117,#12118,#12119),
(#12120,#12121,#12122,#12123),(#12124,#12125,#12126,#12127),(#12128,#12129,
#12130,#12131),(#12132,#12133,#12134,#12135),(#12136,#12137,#12138,#12139)),
 .UNSPECIFIED.,.F.,.F.,.F.,(4,1,1,4),(4,4),(0.,0.285714285714286,0.571428571428571,
1.),(0.,0.980101007103174),.UNSPECIFIED.);
#118=B_SPLINE_SURFACE_WITH_KNOTS('',3,3,((#12145,#12146,#12147,#12148),
(#12149,#12150,#12151,#12152),(#12153,#12154,#12155,#12156),(#12157,#12158,
#12159,#12160),(#12161,#12162,#12163,#12164),(#12165,#12166,#12167,#12168)),
 .UNSPECIFIED.,.F.,.F.,.F.,(4,1,1,4),(4,4),(0.,0.285714285714286,0.571428571428571,
1.),(0.,1.),.UNSPECIFIED.);
#119=B_SPLINE_SURFACE_WITH_KNOTS('',3,3,((#12177,#12178,#12179,#12180),
(#12181,#12182,#12183,#12184),(#12185,#12186,#12187,#12188),(#12189,#12190,
#12191,#12192),(#12193,#12194,#12195,#12196),(#12197,#12198,#12199,#12200)),
 .UNSPECIFIED.,.F.,.F.,.F.,(4,1,1,4),(4,4),(0.,0.288441558441559,0.576883116883117,
1.00954545454546),(0.,1.),.UNSPECIFIED.);
#120=B_SPLINE_SURFACE_WITH_KNOTS('',3,3,((#12203,#12204,#12205,#12206),
(#12207,#12208,#12209,#12210),(#12211,#12212,#12213,#12214),(#12215,#12216,
#12217,#12218),(#12219,#12220,#12221,#12222),(#12223,#12224,#12225,#12226)),
 .UNSPECIFIED.,.F.,.F.,.F.,(4,1,1,4),(4,4),(-0.00954545454545463,0.423116883116883,
0.711558441558442,1.),(0.,1.),.UNSPECIFIED.);
#121=SHAPE_REPRESENTATION_RELATIONSHIP('SRR','None',#12775,#133);
#122=SHAPE_REPRESENTATION_RELATIONSHIP('SRR','None',#12776,#134);
#123=SHAPE_REPRESENTATION_RELATIONSHIP('SRR','None',#12777,#135);
#124=SHAPE_REPRESENTATION_RELATIONSHIP('SRR','None',#12778,#136);
#125=SHAPE_REPRESENTATION_RELATIONSHIP('SRR','None',#12779,#137);
#126=SHAPE_REPRESENTATION_RELATIONSHIP('SRR','None',#12780,#138);
#127=SHAPE_REPRESENTATION_RELATIONSHIP('SRR','None',#12781,#139);
#128=SHAPE_REPRESENTATION_RELATIONSHIP('SRR','None',#12782,#140);
#129=SHAPE_REPRESENTATION_RELATIONSHIP('SRR','None',#12784,#141);
#130=SHAPE_REPRESENTATION_RELATIONSHIP('SRR','None',#12785,#142);
#131=SHAPE_REPRESENTATION_RELATIONSHIP('SRR','None',#12788,#143);
#132=SHAPE_REPRESENTATION_RELATIONSHIP('SRR','None',#12789,#144);
#133=ADVANCED_BREP_SHAPE_REPRESENTATION('',(#158),#12702);
#134=ADVANCED_BREP_SHAPE_REPRESENTATION('',(#159),#12703);
#135=ADVANCED_BREP_SHAPE_REPRESENTATION('',(#160),#12704);
#136=ADVANCED_BREP_SHAPE_REPRESENTATION('',(#161),#12705);
#137=ADVANCED_BREP_SHAPE_REPRESENTATION('',(#162,#163),#12706);
#138=ADVANCED_BREP_SHAPE_REPRESENTATION('',(#164),#12707);
#139=ADVANCED_BREP_SHAPE_REPRESENTATION('',(#165),#12708);
#140=ADVANCED_BREP_SHAPE_REPRESENTATION('',(#166),#12709);
#141=ADVANCED_BREP_SHAPE_REPRESENTATION('',(#167),#12711);
#142=ADVANCED_BREP_SHAPE_REPRESENTATION('',(#168),#12712);
#143=ADVANCED_BREP_SHAPE_REPRESENTATION('',(#169),#12715);
#144=ADVANCED_BREP_SHAPE_REPRESENTATION('',(#170),#12716);
#145=STYLED_ITEM('',(#12858),#158);
#146=STYLED_ITEM('',(#12858),#159);
#147=STYLED_ITEM('',(#12858),#160);
#148=STYLED_ITEM('',(#12858),#161);
#149=STYLED_ITEM('',(#12858),#162);
#150=STYLED_ITEM('',(#12858),#163);
#151=STYLED_ITEM('',(#12858),#164);
#152=STYLED_ITEM('',(#12858),#165);
#153=STYLED_ITEM('',(#12858),#166);
#154=STYLED_ITEM('',(#12858),#167);
#155=STYLED_ITEM('',(#12858),#168);
#156=STYLED_ITEM('',(#12859),#169);
#157=STYLED_ITEM('',(#12859),#170);
#158=MANIFOLD_SOLID_BREP('Body1',#7508);
#159=MANIFOLD_SOLID_BREP('Body1',#7509);
#160=MANIFOLD_SOLID_BREP('Body1',#7510);
#161=MANIFOLD_SOLID_BREP('Body1',#7511);
#162=MANIFOLD_SOLID_BREP('Body2',#7512);
#163=MANIFOLD_SOLID_BREP('Body5',#7513);
#164=MANIFOLD_SOLID_BREP('Body1',#7514);
#165=MANIFOLD_SOLID_BREP('Body3',#7515);
#166=MANIFOLD_SOLID_BREP('Body1',#7516);
#167=MANIFOLD_SOLID_BREP('Body2',#7517);
#168=MANIFOLD_SOLID_BREP('Body8',#7518);
#169=MANIFOLD_SOLID_BREP('Body1',#7519);
#170=MANIFOLD_SOLID_BREP('Body1',#7520);
#171=FACE_BOUND('',#914,.T.);
#172=FACE_BOUND('',#920,.T.);
#173=FACE_BOUND('',#926,.T.);
#174=FACE_BOUND('',#928,.T.);
#175=FACE_BOUND('',#941,.T.);
#176=FACE_BOUND('',#952,.T.);
#177=FACE_BOUND('',#960,.T.);
#178=FACE_BOUND('',#961,.T.);
#179=FACE_BOUND('',#973,.T.);
#180=FACE_BOUND('',#974,.T.);
#181=FACE_BOUND('',#975,.T.);
#182=FACE_BOUND('',#989,.T.);
#183=FACE_BOUND('',#990,.T.);
#184=FACE_BOUND('',#991,.T.);
#185=FACE_BOUND('',#1005,.T.);
#186=FACE_BOUND('',#1012,.T.);
#187=FACE_BOUND('',#1014,.T.);
#188=FACE_BOUND('',#1028,.T.);
#189=FACE_BOUND('',#1030,.T.);
#190=FACE_BOUND('',#1066,.T.);
#191=FACE_BOUND('',#1067,.T.);
#192=FACE_BOUND('',#1068,.T.);
#193=FACE_BOUND('',#1069,.T.);
#194=FACE_BOUND('',#1070,.T.);
#195=FACE_BOUND('',#1071,.T.);
#196=FACE_BOUND('',#1072,.T.);
#197=FACE_BOUND('',#1073,.T.);
#198=FACE_BOUND('',#1074,.T.);
#199=FACE_BOUND('',#1075,.T.);
#200=FACE_BOUND('',#1076,.T.);
#201=FACE_BOUND('',#1077,.T.);
#202=FACE_BOUND('',#1078,.T.);
#203=FACE_BOUND('',#1079,.T.);
#204=FACE_BOUND('',#1080,.T.);
#205=FACE_BOUND('',#1081,.T.);
#206=FACE_BOUND('',#1082,.T.);
#207=FACE_BOUND('',#1083,.T.);
#208=FACE_BOUND('',#1084,.T.);
#209=FACE_BOUND('',#1085,.T.);
#210=FACE_BOUND('',#1086,.T.);
#211=FACE_BOUND('',#1096,.T.);
#212=FACE_BOUND('',#1097,.T.);
#213=FACE_BOUND('',#1098,.T.);
#214=FACE_BOUND('',#1099,.T.);
#215=FACE_BOUND('',#1100,.T.);
#216=FACE_BOUND('',#1101,.T.);
#217=FACE_BOUND('',#1102,.T.);
#218=FACE_BOUND('',#1103,.T.);
#219=FACE_BOUND('',#1104,.T.);
#220=FACE_BOUND('',#1105,.T.);
#221=FACE_BOUND('',#1106,.T.);
#222=FACE_BOUND('',#1107,.T.);
#223=FACE_BOUND('',#1108,.T.);
#224=FACE_BOUND('',#1109,.T.);
#225=FACE_BOUND('',#1110,.T.);
#226=FACE_BOUND('',#1111,.T.);
#227=FACE_BOUND('',#1112,.T.);
#228=FACE_BOUND('',#1113,.T.);
#229=FACE_BOUND('',#1114,.T.);
#230=FACE_BOUND('',#1115,.T.);
#231=FACE_BOUND('',#1116,.T.);
#232=FACE_BOUND('',#1122,.T.);
#233=FACE_BOUND('',#1130,.T.);
#234=FACE_BOUND('',#1135,.T.);
#235=FACE_BOUND('',#1153,.T.);
#236=FACE_BOUND('',#1154,.T.);
#237=FACE_BOUND('',#1155,.T.);
#238=FACE_BOUND('',#1156,.T.);
#239=FACE_BOUND('',#1157,.T.);
#240=FACE_BOUND('',#1158,.T.);
#241=FACE_BOUND('',#1159,.T.);
#242=FACE_BOUND('',#1160,.T.);
#243=FACE_BOUND('',#1189,.T.);
#244=FACE_BOUND('',#1191,.T.);
#245=FACE_BOUND('',#1195,.T.);
#246=FACE_BOUND('',#1197,.T.);
#247=FACE_BOUND('',#1209,.T.);
#248=FACE_BOUND('',#1210,.T.);
#249=FACE_BOUND('',#1214,.T.);
#250=FACE_BOUND('',#1215,.T.);
#251=FACE_BOUND('',#1219,.T.);
#252=FACE_BOUND('',#1220,.T.);
#253=FACE_BOUND('',#1228,.T.);
#254=FACE_BOUND('',#1234,.T.);
#255=FACE_BOUND('',#1235,.T.);
#256=FACE_BOUND('',#1240,.T.);
#257=FACE_BOUND('',#1241,.T.);
#258=FACE_BOUND('',#1242,.T.);
#259=FACE_BOUND('',#1251,.T.);
#260=FACE_BOUND('',#1252,.T.);
#261=FACE_BOUND('',#1257,.T.);
#262=FACE_BOUND('',#1258,.T.);
#263=FACE_BOUND('',#1282,.T.);
#264=FACE_BOUND('',#1283,.T.);
#265=FACE_BOUND('',#1313,.T.);
#266=FACE_BOUND('',#1316,.T.);
#267=FACE_BOUND('',#1330,.T.);
#268=FACE_BOUND('',#1332,.T.);
#269=FACE_BOUND('',#1334,.T.);
#270=FACE_BOUND('',#1336,.T.);
#271=FACE_BOUND('',#1337,.T.);
#272=FACE_BOUND('',#1339,.T.);
#273=FACE_BOUND('',#1340,.T.);
#274=FACE_BOUND('',#1355,.T.);
#275=FACE_BOUND('',#1357,.T.);
#276=FACE_BOUND('',#1363,.T.);
#277=FACE_BOUND('',#1366,.T.);
#278=FACE_BOUND('',#1367,.T.);
#279=FACE_BOUND('',#1369,.T.);
#280=FACE_BOUND('',#1370,.T.);
#281=FACE_BOUND('',#1383,.T.);
#282=CYLINDRICAL_SURFACE('',#7669,0.2);
#283=CYLINDRICAL_SURFACE('',#7689,0.2);
#284=CYLINDRICAL_SURFACE('',#7716,0.2);
#285=CYLINDRICAL_SURFACE('',#7721,0.2);
#286=CYLINDRICAL_SURFACE('',#7753,0.2);
#287=CYLINDRICAL_SURFACE('',#7756,0.2);
#288=CYLINDRICAL_SURFACE('',#7758,0.2);
#289=CYLINDRICAL_SURFACE('',#7760,0.2);
#290=CYLINDRICAL_SURFACE('',#7762,0.13);
#291=CYLINDRICAL_SURFACE('',#7791,0.05);
#292=CYLINDRICAL_SURFACE('',#7798,0.05);
#293=CYLINDRICAL_SURFACE('',#7800,0.05);
#294=CYLINDRICAL_SURFACE('',#7806,0.2);
#295=CYLINDRICAL_SURFACE('',#7809,0.2);
#296=CYLINDRICAL_SURFACE('',#7812,0.2);
#297=CYLINDRICAL_SURFACE('',#7815,0.2);
#298=CYLINDRICAL_SURFACE('',#7818,0.2);
#299=CYLINDRICAL_SURFACE('',#7821,0.2);
#300=CYLINDRICAL_SURFACE('',#7824,0.2);
#301=CYLINDRICAL_SURFACE('',#7827,0.2);
#302=CYLINDRICAL_SURFACE('',#7830,0.2);
#303=CYLINDRICAL_SURFACE('',#7833,0.2);
#304=CYLINDRICAL_SURFACE('',#7836,0.2);
#305=CYLINDRICAL_SURFACE('',#7839,0.2);
#306=CYLINDRICAL_SURFACE('',#7842,0.2);
#307=CYLINDRICAL_SURFACE('',#7845,0.2);
#308=CYLINDRICAL_SURFACE('',#7848,0.2);
#309=CYLINDRICAL_SURFACE('',#7851,0.2);
#310=CYLINDRICAL_SURFACE('',#7854,0.2);
#311=CYLINDRICAL_SURFACE('',#7857,0.2);
#312=CYLINDRICAL_SURFACE('',#7860,0.2);
#313=CYLINDRICAL_SURFACE('',#7863,0.2);
#314=CYLINDRICAL_SURFACE('',#7866,0.2);
#315=CYLINDRICAL_SURFACE('',#7884,0.0984249999999998);
#316=CYLINDRICAL_SURFACE('',#7898,0.2);
#317=CYLINDRICAL_SURFACE('',#7901,0.200000000000001);
#318=CYLINDRICAL_SURFACE('',#7904,0.2);
#319=CYLINDRICAL_SURFACE('',#7907,0.2);
#320=CYLINDRICAL_SURFACE('',#7938,0.2);
#321=CYLINDRICAL_SURFACE('',#7941,0.2);
#322=CYLINDRICAL_SURFACE('',#7947,0.1);
#323=CYLINDRICAL_SURFACE('',#7952,0.1);
#324=CYLINDRICAL_SURFACE('',#7955,0.1);
#325=CYLINDRICAL_SURFACE('',#7961,0.1);
#326=CYLINDRICAL_SURFACE('',#7964,0.1);
#327=CYLINDRICAL_SURFACE('',#7966,0.1);
#328=CYLINDRICAL_SURFACE('',#7969,0.1);
#329=CYLINDRICAL_SURFACE('',#7991,0.1035);
#330=CYLINDRICAL_SURFACE('',#7994,0.1035);
#331=CYLINDRICAL_SURFACE('',#7995,0.1035);
#332=CYLINDRICAL_SURFACE('',#7996,0.1035);
#333=CYLINDRICAL_SURFACE('',#8003,0.1035);
#334=CYLINDRICAL_SURFACE('',#8006,0.1035);
#335=CYLINDRICAL_SURFACE('',#8013,0.25);
#336=CYLINDRICAL_SURFACE('',#8024,0.2);
#337=CYLINDRICAL_SURFACE('',#8027,0.2);
#338=CYLINDRICAL_SURFACE('',#8030,0.2);
#339=CYLINDRICAL_SURFACE('',#8033,0.2);
#340=CYLINDRICAL_SURFACE('',#8082,0.2);
#341=CYLINDRICAL_SURFACE('',#8090,0.2);
#342=CYLINDRICAL_SURFACE('',#8093,0.2);
#343=CYLINDRICAL_SURFACE('',#8096,0.2);
#344=CYLINDRICAL_SURFACE('',#8136,0.15748031496063);
#345=CYLINDRICAL_SURFACE('',#8143,0.15748031496063);
#346=CYLINDRICAL_SURFACE('',#8145,0.0688976377952756);
#347=CYLINDRICAL_SURFACE('',#8150,0.0713029912329464);
#348=CYLINDRICAL_SURFACE('',#8159,0.078740157480315);
#349=CYLINDRICAL_SURFACE('',#8162,0.177165354330709);
#350=CYLINDRICAL_SURFACE('',#8168,0.196850393700787);
#351=CYLINDRICAL_SURFACE('',#8169,0.196850393700787);
#352=CYLINDRICAL_SURFACE('',#8171,0.177165354330709);
#353=CYLINDRICAL_SURFACE('',#8177,0.15748031496063);
#354=CYLINDRICAL_SURFACE('',#8201,0.0713029912329464);
#355=CYLINDRICAL_SURFACE('',#8202,0.0688976377952756);
#356=CYLINDRICAL_SURFACE('',#8207,0.0885826771653543);
#357=CYLINDRICAL_SURFACE('',#8209,0.177165354330709);
#358=CYLINDRICAL_SURFACE('',#8216,0.196850393700787);
#359=CYLINDRICAL_SURFACE('',#8217,0.196850393700787);
#360=CIRCLE('',#7660,0.2);
#361=CIRCLE('',#7670,0.2);
#362=CIRCLE('',#7684,0.2);
#363=CIRCLE('',#7690,0.2);
#364=CIRCLE('',#7707,0.2);
#365=CIRCLE('',#7710,0.2);
#366=CIRCLE('',#7717,0.2);
#367=CIRCLE('',#7719,0.2);
#368=CIRCLE('',#7732,0.2);
#369=CIRCLE('',#7733,0.2);
#370=CIRCLE('',#7734,0.2);
#371=CIRCLE('',#7735,0.2);
#372=CIRCLE('',#7749,0.2);
#373=CIRCLE('',#7750,0.2);
#374=CIRCLE('',#7751,0.2);
#375=CIRCLE('',#7752,0.2);
#376=CIRCLE('',#7763,0.13);
#377=CIRCLE('',#7764,0.13);
#378=CIRCLE('',#7792,0.05);
#379=CIRCLE('',#7793,0.05);
#380=CIRCLE('',#7795,0.05);
#381=CIRCLE('',#7796,0.05);
#382=CIRCLE('',#7799,0.05);
#383=CIRCLE('',#7801,0.05);
#384=CIRCLE('',#7807,0.2);
#385=CIRCLE('',#7808,0.2);
#386=CIRCLE('',#7810,0.2);
#387=CIRCLE('',#7811,0.2);
#388=CIRCLE('',#7813,0.2);
#389=CIRCLE('',#7814,0.2);
#390=CIRCLE('',#7816,0.2);
#391=CIRCLE('',#7817,0.2);
#392=CIRCLE('',#7819,0.2);
#393=CIRCLE('',#7820,0.2);
#394=CIRCLE('',#7822,0.2);
#395=CIRCLE('',#7823,0.2);
#396=CIRCLE('',#7825,0.2);
#397=CIRCLE('',#7826,0.2);
#398=CIRCLE('',#7828,0.2);
#399=CIRCLE('',#7829,0.2);
#400=CIRCLE('',#7831,0.2);
#401=CIRCLE('',#7832,0.2);
#402=CIRCLE('',#7834,0.2);
#403=CIRCLE('',#7835,0.2);
#404=CIRCLE('',#7837,0.2);
#405=CIRCLE('',#7838,0.2);
#406=CIRCLE('',#7840,0.2);
#407=CIRCLE('',#7841,0.2);
#408=CIRCLE('',#7843,0.2);
#409=CIRCLE('',#7844,0.2);
#410=CIRCLE('',#7846,0.2);
#411=CIRCLE('',#7847,0.2);
#412=CIRCLE('',#7849,0.2);
#413=CIRCLE('',#7850,0.2);
#414=CIRCLE('',#7852,0.2);
#415=CIRCLE('',#7853,0.2);
#416=CIRCLE('',#7855,0.2);
#417=CIRCLE('',#7856,0.2);
#418=CIRCLE('',#7858,0.2);
#419=CIRCLE('',#7859,0.2);
#420=CIRCLE('',#7861,0.2);
#421=CIRCLE('',#7862,0.2);
#422=CIRCLE('',#7864,0.2);
#423=CIRCLE('',#7865,0.2);
#424=CIRCLE('',#7867,0.2);
#425=CIRCLE('',#7868,0.2);
#426=CIRCLE('',#7885,0.0984249999999998);
#427=CIRCLE('',#7886,0.0984249999999998);
#428=CIRCLE('',#7889,0.2);
#429=CIRCLE('',#7890,0.200000382971575);
#430=CIRCLE('',#7891,0.200000000000001);
#431=CIRCLE('',#7892,0.199999617028424);
#432=CIRCLE('',#7899,0.2);
#433=CIRCLE('',#7902,0.200000000000001);
#434=CIRCLE('',#7905,0.2);
#435=CIRCLE('',#7908,0.2);
#436=CIRCLE('',#7929,0.2);
#437=CIRCLE('',#7930,0.2);
#438=CIRCLE('',#7931,0.2);
#439=CIRCLE('',#7932,0.2);
#440=CIRCLE('',#7939,0.2);
#441=CIRCLE('',#7940,0.2);
#442=CIRCLE('',#7942,0.2);
#443=CIRCLE('',#7943,0.2);
#444=CIRCLE('',#7944,0.0999999999999995);
#445=CIRCLE('',#7948,0.0999999999999994);
#446=CIRCLE('',#7953,0.0999999999999995);
#447=CIRCLE('',#7954,0.1);
#448=CIRCLE('',#7956,0.0999999999999998);
#449=CIRCLE('',#7982,0.1035);
#450=CIRCLE('',#7984,0.1035);
#451=CIRCLE('',#7992,0.1035);
#452=CIRCLE('',#7997,0.1035);
#453=CIRCLE('',#8004,0.1035);
#454=CIRCLE('',#8007,0.1035);
#455=CIRCLE('',#8014,0.25);
#456=CIRCLE('',#8015,0.25);
#457=CIRCLE('',#8025,0.2);
#458=CIRCLE('',#8028,0.2);
#459=CIRCLE('',#8031,0.2);
#460=CIRCLE('',#8034,0.2);
#461=CIRCLE('',#8070,0.25);
#462=CIRCLE('',#8071,0.25);
#463=CIRCLE('',#8072,0.25);
#464=CIRCLE('',#8073,0.25);
#465=CIRCLE('',#8083,0.2);
#466=CIRCLE('',#8084,0.2);
#467=CIRCLE('',#8087,0.2);
#468=CIRCLE('',#8088,0.2);
#469=CIRCLE('',#8089,0.2);
#470=CIRCLE('',#8091,0.2);
#471=CIRCLE('',#8094,0.2);
#472=CIRCLE('',#8097,0.2);
#473=CIRCLE('',#8127,0.196850393700787);
#474=CIRCLE('',#8128,0.196850393700787);
#475=CIRCLE('',#8129,0.0909880306030252);
#476=CIRCLE('',#8130,0.0885826771653543);
#477=CIRCLE('',#8132,0.196850393700787);
#478=CIRCLE('',#8133,0.196850393700787);
#479=CIRCLE('',#8134,0.0909880306030252);
#480=CIRCLE('',#8135,0.0885826771653543);
#481=CIRCLE('',#8137,0.15748031496063);
#482=CIRCLE('',#8138,0.15748031496063);
#483=CIRCLE('',#8142,0.15748031496063);
#484=CIRCLE('',#8144,0.15748031496063);
#485=CIRCLE('',#8146,0.0688976377952756);
#486=CIRCLE('',#8147,0.0688976377952756);
#487=CIRCLE('',#8148,0.0688976377952756);
#488=CIRCLE('',#8149,0.0688976377952756);
#489=CIRCLE('',#8151,0.0713029912329464);
#490=CIRCLE('',#8152,0.0713029912329464);
#491=CIRCLE('',#8153,0.0713029912329464);
#492=CIRCLE('',#8154,0.0713029912329464);
#493=CIRCLE('',#8160,0.078740157480315);
#494=CIRCLE('',#8161,0.078740157480315);
#495=CIRCLE('',#8163,0.177165354330709);
#496=CIRCLE('',#8164,0.177165354330709);
#497=CIRCLE('',#8172,0.177165354330709);
#498=CIRCLE('',#8173,0.177165354330709);
#499=CIRCLE('',#8175,0.15748031496063);
#500=CIRCLE('',#8176,0.0885826771653543);
#501=CIRCLE('',#8178,0.15748031496063);
#502=CIRCLE('',#8180,0.196850393700787);
#503=CIRCLE('',#8181,0.196850393700787);
#504=CIRCLE('',#8182,0.0909880306030252);
#505=CIRCLE('',#8183,0.0885826771653543);
#506=CIRCLE('',#8185,0.196850393700787);
#507=CIRCLE('',#8186,0.196850393700787);
#508=CIRCLE('',#8187,0.0909880306030252);
#509=CIRCLE('',#8188,0.0885826771653543);
#510=CIRCLE('',#8190,0.0713029912329464);
#511=CIRCLE('',#8191,0.0713029912329464);
#512=CIRCLE('',#8193,0.0688976377952756);
#513=CIRCLE('',#8194,0.0688976377952756);
#514=CIRCLE('',#8196,0.0713029912329464);
#515=CIRCLE('',#8197,0.0713029912329464);
#516=CIRCLE('',#8199,0.0688976377952756);
#517=CIRCLE('',#8200,0.0688976377952756);
#518=CIRCLE('',#8205,0.177165354330709);
#519=CIRCLE('',#8208,0.0885826771653543);
#520=CIRCLE('',#8210,0.177165354330709);
#521=CIRCLE('',#8212,0.108267716535433);
#522=FACE_OUTER_BOUND('',#900,.T.);
#523=FACE_OUTER_BOUND('',#901,.T.);
#524=FACE_OUTER_BOUND('',#902,.T.);
#525=FACE_OUTER_BOUND('',#903,.T.);
#526=FACE_OUTER_BOUND('',#904,.T.);
#527=FACE_OUTER_BOUND('',#905,.T.);
#528=FACE_OUTER_BOUND('',#906,.T.);
#529=FACE_OUTER_BOUND('',#907,.T.);
#530=FACE_OUTER_BOUND('',#908,.T.);
#531=FACE_OUTER_BOUND('',#909,.T.);
#532=FACE_OUTER_BOUND('',#910,.T.);
#533=FACE_OUTER_BOUND('',#911,.T.);
#534=FACE_OUTER_BOUND('',#912,.T.);
#535=FACE_OUTER_BOUND('',#913,.T.);
#536=FACE_OUTER_BOUND('',#915,.T.);
#537=FACE_OUTER_BOUND('',#916,.T.);
#538=FACE_OUTER_BOUND('',#917,.T.);
#539=FACE_OUTER_BOUND('',#918,.T.);
#540=FACE_OUTER_BOUND('',#919,.T.);
#541=FACE_OUTER_BOUND('',#921,.T.);
#542=FACE_OUTER_BOUND('',#922,.T.);
#543=FACE_OUTER_BOUND('',#923,.T.);
#544=FACE_OUTER_BOUND('',#924,.T.);
#545=FACE_OUTER_BOUND('',#925,.T.);
#546=FACE_OUTER_BOUND('',#927,.T.);
#547=FACE_OUTER_BOUND('',#929,.T.);
#548=FACE_OUTER_BOUND('',#930,.T.);
#549=FACE_OUTER_BOUND('',#931,.T.);
#550=FACE_OUTER_BOUND('',#932,.T.);
#551=FACE_OUTER_BOUND('',#933,.T.);
#552=FACE_OUTER_BOUND('',#934,.T.);
#553=FACE_OUTER_BOUND('',#935,.T.);
#554=FACE_OUTER_BOUND('',#936,.T.);
#555=FACE_OUTER_BOUND('',#937,.T.);
#556=FACE_OUTER_BOUND('',#938,.T.);
#557=FACE_OUTER_BOUND('',#939,.T.);
#558=FACE_OUTER_BOUND('',#940,.T.);
#559=FACE_OUTER_BOUND('',#942,.T.);
#560=FACE_OUTER_BOUND('',#943,.T.);
#561=FACE_OUTER_BOUND('',#944,.T.);
#562=FACE_OUTER_BOUND('',#945,.T.);
#563=FACE_OUTER_BOUND('',#946,.T.);
#564=FACE_OUTER_BOUND('',#947,.T.);
#565=FACE_OUTER_BOUND('',#948,.T.);
#566=FACE_OUTER_BOUND('',#949,.T.);
#567=FACE_OUTER_BOUND('',#950,.T.);
#568=FACE_OUTER_BOUND('',#951,.T.);
#569=FACE_OUTER_BOUND('',#953,.T.);
#570=FACE_OUTER_BOUND('',#954,.T.);
#571=FACE_OUTER_BOUND('',#955,.T.);
#572=FACE_OUTER_BOUND('',#956,.T.);
#573=FACE_OUTER_BOUND('',#957,.T.);
#574=FACE_OUTER_BOUND('',#958,.T.);
#575=FACE_OUTER_BOUND('',#959,.T.);
#576=FACE_OUTER_BOUND('',#962,.T.);
#577=FACE_OUTER_BOUND('',#963,.T.);
#578=FACE_OUTER_BOUND('',#964,.T.);
#579=FACE_OUTER_BOUND('',#965,.T.);
#580=FACE_OUTER_BOUND('',#966,.T.);
#581=FACE_OUTER_BOUND('',#967,.T.);
#582=FACE_OUTER_BOUND('',#968,.T.);
#583=FACE_OUTER_BOUND('',#969,.T.);
#584=FACE_OUTER_BOUND('',#970,.T.);
#585=FACE_OUTER_BOUND('',#971,.T.);
#586=FACE_OUTER_BOUND('',#972,.T.);
#587=FACE_OUTER_BOUND('',#976,.T.);
#588=FACE_OUTER_BOUND('',#977,.T.);
#589=FACE_OUTER_BOUND('',#978,.T.);
#590=FACE_OUTER_BOUND('',#979,.T.);
#591=FACE_OUTER_BOUND('',#980,.T.);
#592=FACE_OUTER_BOUND('',#981,.T.);
#593=FACE_OUTER_BOUND('',#982,.T.);
#594=FACE_OUTER_BOUND('',#983,.T.);
#595=FACE_OUTER_BOUND('',#984,.T.);
#596=FACE_OUTER_BOUND('',#985,.T.);
#597=FACE_OUTER_BOUND('',#986,.T.);
#598=FACE_OUTER_BOUND('',#987,.T.);
#599=FACE_OUTER_BOUND('',#988,.T.);
#600=FACE_OUTER_BOUND('',#992,.T.);
#601=FACE_OUTER_BOUND('',#993,.T.);
#602=FACE_OUTER_BOUND('',#994,.T.);
#603=FACE_OUTER_BOUND('',#995,.T.);
#604=FACE_OUTER_BOUND('',#996,.T.);
#605=FACE_OUTER_BOUND('',#997,.T.);
#606=FACE_OUTER_BOUND('',#998,.T.);
#607=FACE_OUTER_BOUND('',#999,.T.);
#608=FACE_OUTER_BOUND('',#1000,.T.);
#609=FACE_OUTER_BOUND('',#1001,.T.);
#610=FACE_OUTER_BOUND('',#1002,.T.);
#611=FACE_OUTER_BOUND('',#1003,.T.);
#612=FACE_OUTER_BOUND('',#1004,.T.);
#613=FACE_OUTER_BOUND('',#1006,.T.);
#614=FACE_OUTER_BOUND('',#1007,.T.);
#615=FACE_OUTER_BOUND('',#1008,.T.);
#616=FACE_OUTER_BOUND('',#1009,.T.);
#617=FACE_OUTER_BOUND('',#1010,.T.);
#618=FACE_OUTER_BOUND('',#1011,.T.);
#619=FACE_OUTER_BOUND('',#1013,.T.);
#620=FACE_OUTER_BOUND('',#1015,.T.);
#621=FACE_OUTER_BOUND('',#1016,.T.);
#622=FACE_OUTER_BOUND('',#1017,.T.);
#623=FACE_OUTER_BOUND('',#1018,.T.);
#624=FACE_OUTER_BOUND('',#1019,.T.);
#625=FACE_OUTER_BOUND('',#1020,.T.);
#626=FACE_OUTER_BOUND('',#1021,.T.);
#627=FACE_OUTER_BOUND('',#1022,.T.);
#628=FACE_OUTER_BOUND('',#1023,.T.);
#629=FACE_OUTER_BOUND('',#1024,.T.);
#630=FACE_OUTER_BOUND('',#1025,.T.);
#631=FACE_OUTER_BOUND('',#1026,.T.);
#632=FACE_OUTER_BOUND('',#1027,.T.);
#633=FACE_OUTER_BOUND('',#1029,.T.);
#634=FACE_OUTER_BOUND('',#1031,.T.);
#635=FACE_OUTER_BOUND('',#1032,.T.);
#636=FACE_OUTER_BOUND('',#1033,.T.);
#637=FACE_OUTER_BOUND('',#1034,.T.);
#638=FACE_OUTER_BOUND('',#1035,.T.);
#639=FACE_OUTER_BOUND('',#1036,.T.);
#640=FACE_OUTER_BOUND('',#1037,.T.);
#641=FACE_OUTER_BOUND('',#1038,.T.);
#642=FACE_OUTER_BOUND('',#1039,.T.);
#643=FACE_OUTER_BOUND('',#1040,.T.);
#644=FACE_OUTER_BOUND('',#1041,.T.);
#645=FACE_OUTER_BOUND('',#1042,.T.);
#646=FACE_OUTER_BOUND('',#1043,.T.);
#647=FACE_OUTER_BOUND('',#1044,.T.);
#648=FACE_OUTER_BOUND('',#1045,.T.);
#649=FACE_OUTER_BOUND('',#1046,.T.);
#650=FACE_OUTER_BOUND('',#1047,.T.);
#651=FACE_OUTER_BOUND('',#1048,.T.);
#652=FACE_OUTER_BOUND('',#1049,.T.);
#653=FACE_OUTER_BOUND('',#1050,.T.);
#654=FACE_OUTER_BOUND('',#1051,.T.);
#655=FACE_OUTER_BOUND('',#1052,.T.);
#656=FACE_OUTER_BOUND('',#1053,.T.);
#657=FACE_OUTER_BOUND('',#1054,.T.);
#658=FACE_OUTER_BOUND('',#1055,.T.);
#659=FACE_OUTER_BOUND('',#1056,.T.);
#660=FACE_OUTER_BOUND('',#1057,.T.);
#661=FACE_OUTER_BOUND('',#1058,.T.);
#662=FACE_OUTER_BOUND('',#1059,.T.);
#663=FACE_OUTER_BOUND('',#1060,.T.);
#664=FACE_OUTER_BOUND('',#1061,.T.);
#665=FACE_OUTER_BOUND('',#1062,.T.);
#666=FACE_OUTER_BOUND('',#1063,.T.);
#667=FACE_OUTER_BOUND('',#1064,.T.);
#668=FACE_OUTER_BOUND('',#1065,.T.);
#669=FACE_OUTER_BOUND('',#1087,.T.);
#670=FACE_OUTER_BOUND('',#1088,.T.);
#671=FACE_OUTER_BOUND('',#1089,.T.);
#672=FACE_OUTER_BOUND('',#1090,.T.);
#673=FACE_OUTER_BOUND('',#1091,.T.);
#674=FACE_OUTER_BOUND('',#1092,.T.);
#675=FACE_OUTER_BOUND('',#1093,.T.);
#676=FACE_OUTER_BOUND('',#1094,.T.);
#677=FACE_OUTER_BOUND('',#1095,.T.);
#678=FACE_OUTER_BOUND('',#1117,.T.);
#679=FACE_OUTER_BOUND('',#1118,.T.);
#680=FACE_OUTER_BOUND('',#1119,.T.);
#681=FACE_OUTER_BOUND('',#1120,.T.);
#682=FACE_OUTER_BOUND('',#1121,.T.);
#683=FACE_OUTER_BOUND('',#1123,.T.);
#684=FACE_OUTER_BOUND('',#1124,.T.);
#685=FACE_OUTER_BOUND('',#1125,.T.);
#686=FACE_OUTER_BOUND('',#1126,.T.);
#687=FACE_OUTER_BOUND('',#1127,.T.);
#688=FACE_OUTER_BOUND('',#1128,.T.);
#689=FACE_OUTER_BOUND('',#1129,.T.);
#690=FACE_OUTER_BOUND('',#1131,.T.);
#691=FACE_OUTER_BOUND('',#1132,.T.);
#692=FACE_OUTER_BOUND('',#1133,.T.);
#693=FACE_OUTER_BOUND('',#1134,.T.);
#694=FACE_OUTER_BOUND('',#1136,.T.);
#695=FACE_OUTER_BOUND('',#1137,.T.);
#696=FACE_OUTER_BOUND('',#1138,.T.);
#697=FACE_OUTER_BOUND('',#1139,.T.);
#698=FACE_OUTER_BOUND('',#1140,.T.);
#699=FACE_OUTER_BOUND('',#1141,.T.);
#700=FACE_OUTER_BOUND('',#1142,.T.);
#701=FACE_OUTER_BOUND('',#1143,.T.);
#702=FACE_OUTER_BOUND('',#1144,.T.);
#703=FACE_OUTER_BOUND('',#1145,.T.);
#704=FACE_OUTER_BOUND('',#1146,.T.);
#705=FACE_OUTER_BOUND('',#1147,.T.);
#706=FACE_OUTER_BOUND('',#1148,.T.);
#707=FACE_OUTER_BOUND('',#1149,.T.);
#708=FACE_OUTER_BOUND('',#1150,.T.);
#709=FACE_OUTER_BOUND('',#1151,.T.);
#710=FACE_OUTER_BOUND('',#1152,.T.);
#711=FACE_OUTER_BOUND('',#1161,.T.);
#712=FACE_OUTER_BOUND('',#1162,.T.);
#713=FACE_OUTER_BOUND('',#1163,.T.);
#714=FACE_OUTER_BOUND('',#1164,.T.);
#715=FACE_OUTER_BOUND('',#1165,.T.);
#716=FACE_OUTER_BOUND('',#1166,.T.);
#717=FACE_OUTER_BOUND('',#1167,.T.);
#718=FACE_OUTER_BOUND('',#1168,.T.);
#719=FACE_OUTER_BOUND('',#1169,.T.);
#720=FACE_OUTER_BOUND('',#1170,.T.);
#721=FACE_OUTER_BOUND('',#1171,.T.);
#722=FACE_OUTER_BOUND('',#1172,.T.);
#723=FACE_OUTER_BOUND('',#1173,.T.);
#724=FACE_OUTER_BOUND('',#1174,.T.);
#725=FACE_OUTER_BOUND('',#1175,.T.);
#726=FACE_OUTER_BOUND('',#1176,.T.);
#727=FACE_OUTER_BOUND('',#1177,.T.);
#728=FACE_OUTER_BOUND('',#1178,.T.);
#729=FACE_OUTER_BOUND('',#1179,.T.);
#730=FACE_OUTER_BOUND('',#1180,.T.);
#731=FACE_OUTER_BOUND('',#1181,.T.);
#732=FACE_OUTER_BOUND('',#1182,.T.);
#733=FACE_OUTER_BOUND('',#1183,.T.);
#734=FACE_OUTER_BOUND('',#1184,.T.);
#735=FACE_OUTER_BOUND('',#1185,.T.);
#736=FACE_OUTER_BOUND('',#1186,.T.);
#737=FACE_OUTER_BOUND('',#1187,.T.);
#738=FACE_OUTER_BOUND('',#1188,.T.);
#739=FACE_OUTER_BOUND('',#1190,.T.);
#740=FACE_OUTER_BOUND('',#1192,.T.);
#741=FACE_OUTER_BOUND('',#1193,.T.);
#742=FACE_OUTER_BOUND('',#1194,.T.);
#743=FACE_OUTER_BOUND('',#1196,.T.);
#744=FACE_OUTER_BOUND('',#1198,.T.);
#745=FACE_OUTER_BOUND('',#1199,.T.);
#746=FACE_OUTER_BOUND('',#1200,.T.);
#747=FACE_OUTER_BOUND('',#1201,.T.);
#748=FACE_OUTER_BOUND('',#1202,.T.);
#749=FACE_OUTER_BOUND('',#1203,.T.);
#750=FACE_OUTER_BOUND('',#1204,.T.);
#751=FACE_OUTER_BOUND('',#1205,.T.);
#752=FACE_OUTER_BOUND('',#1206,.T.);
#753=FACE_OUTER_BOUND('',#1207,.T.);
#754=FACE_OUTER_BOUND('',#1208,.T.);
#755=FACE_OUTER_BOUND('',#1211,.T.);
#756=FACE_OUTER_BOUND('',#1212,.T.);
#757=FACE_OUTER_BOUND('',#1213,.T.);
#758=FACE_OUTER_BOUND('',#1216,.T.);
#759=FACE_OUTER_BOUND('',#1217,.T.);
#760=FACE_OUTER_BOUND('',#1218,.T.);
#761=FACE_OUTER_BOUND('',#1221,.T.);
#762=FACE_OUTER_BOUND('',#1222,.T.);
#763=FACE_OUTER_BOUND('',#1223,.T.);
#764=FACE_OUTER_BOUND('',#1224,.T.);
#765=FACE_OUTER_BOUND('',#1225,.T.);
#766=FACE_OUTER_BOUND('',#1226,.T.);
#767=FACE_OUTER_BOUND('',#1227,.T.);
#768=FACE_OUTER_BOUND('',#1229,.T.);
#769=FACE_OUTER_BOUND('',#1230,.T.);
#770=FACE_OUTER_BOUND('',#1231,.T.);
#771=FACE_OUTER_BOUND('',#1232,.T.);
#772=FACE_OUTER_BOUND('',#1233,.T.);
#773=FACE_OUTER_BOUND('',#1236,.T.);
#774=FACE_OUTER_BOUND('',#1237,.T.);
#775=FACE_OUTER_BOUND('',#1238,.T.);
#776=FACE_OUTER_BOUND('',#1239,.T.);
#777=FACE_OUTER_BOUND('',#1243,.T.);
#778=FACE_OUTER_BOUND('',#1244,.T.);
#779=FACE_OUTER_BOUND('',#1245,.T.);
#780=FACE_OUTER_BOUND('',#1246,.T.);
#781=FACE_OUTER_BOUND('',#1247,.T.);
#782=FACE_OUTER_BOUND('',#1248,.T.);
#783=FACE_OUTER_BOUND('',#1249,.T.);
#784=FACE_OUTER_BOUND('',#1250,.T.);
#785=FACE_OUTER_BOUND('',#1253,.T.);
#786=FACE_OUTER_BOUND('',#1254,.T.);
#787=FACE_OUTER_BOUND('',#1255,.T.);
#788=FACE_OUTER_BOUND('',#1256,.T.);
#789=FACE_OUTER_BOUND('',#1259,.T.);
#790=FACE_OUTER_BOUND('',#1260,.T.);
#791=FACE_OUTER_BOUND('',#1261,.T.);
#792=FACE_OUTER_BOUND('',#1262,.T.);
#793=FACE_OUTER_BOUND('',#1263,.T.);
#794=FACE_OUTER_BOUND('',#1264,.T.);
#795=FACE_OUTER_BOUND('',#1265,.T.);
#796=FACE_OUTER_BOUND('',#1266,.T.);
#797=FACE_OUTER_BOUND('',#1267,.T.);
#798=FACE_OUTER_BOUND('',#1268,.T.);
#799=FACE_OUTER_BOUND('',#1269,.T.);
#800=FACE_OUTER_BOUND('',#1270,.T.);
#801=FACE_OUTER_BOUND('',#1271,.T.);
#802=FACE_OUTER_BOUND('',#1272,.T.);
#803=FACE_OUTER_BOUND('',#1273,.T.);
#804=FACE_OUTER_BOUND('',#1274,.T.);
#805=FACE_OUTER_BOUND('',#1275,.T.);
#806=FACE_OUTER_BOUND('',#1276,.T.);
#807=FACE_OUTER_BOUND('',#1277,.T.);
#808=FACE_OUTER_BOUND('',#1278,.T.);
#809=FACE_OUTER_BOUND('',#1279,.T.);
#810=FACE_OUTER_BOUND('',#1280,.T.);
#811=FACE_OUTER_BOUND('',#1281,.T.);
#812=FACE_OUTER_BOUND('',#1284,.T.);
#813=FACE_OUTER_BOUND('',#1285,.T.);
#814=FACE_OUTER_BOUND('',#1286,.T.);
#815=FACE_OUTER_BOUND('',#1287,.T.);
#816=FACE_OUTER_BOUND('',#1288,.T.);
#817=FACE_OUTER_BOUND('',#1289,.T.);
#818=FACE_OUTER_BOUND('',#1290,.T.);
#819=FACE_OUTER_BOUND('',#1291,.T.);
#820=FACE_OUTER_BOUND('',#1292,.T.);
#821=FACE_OUTER_BOUND('',#1293,.T.);
#822=FACE_OUTER_BOUND('',#1294,.T.);
#823=FACE_OUTER_BOUND('',#1295,.T.);
#824=FACE_OUTER_BOUND('',#1296,.T.);
#825=FACE_OUTER_BOUND('',#1297,.T.);
#826=FACE_OUTER_BOUND('',#1298,.T.);
#827=FACE_OUTER_BOUND('',#1299,.T.);
#828=FACE_OUTER_BOUND('',#1300,.T.);
#829=FACE_OUTER_BOUND('',#1301,.T.);
#830=FACE_OUTER_BOUND('',#1302,.T.);
#831=FACE_OUTER_BOUND('',#1303,.T.);
#832=FACE_OUTER_BOUND('',#1304,.T.);
#833=FACE_OUTER_BOUND('',#1305,.T.);
#834=FACE_OUTER_BOUND('',#1306,.T.);
#835=FACE_OUTER_BOUND('',#1307,.T.);
#836=FACE_OUTER_BOUND('',#1308,.T.);
#837=FACE_OUTER_BOUND('',#1309,.T.);
#838=FACE_OUTER_BOUND('',#1310,.T.);
#839=FACE_OUTER_BOUND('',#1311,.T.);
#840=FACE_OUTER_BOUND('',#1312,.T.);
#841=FACE_OUTER_BOUND('',#1314,.T.);
#842=FACE_OUTER_BOUND('',#1315,.T.);
#843=FACE_OUTER_BOUND('',#1317,.T.);
#844=FACE_OUTER_BOUND('',#1318,.T.);
#845=FACE_OUTER_BOUND('',#1319,.T.);
#846=FACE_OUTER_BOUND('',#1320,.T.);
#847=FACE_OUTER_BOUND('',#1321,.T.);
#848=FACE_OUTER_BOUND('',#1322,.T.);
#849=FACE_OUTER_BOUND('',#1323,.T.);
#850=FACE_OUTER_BOUND('',#1324,.T.);
#851=FACE_OUTER_BOUND('',#1325,.T.);
#852=FACE_OUTER_BOUND('',#1326,.T.);
#853=FACE_OUTER_BOUND('',#1327,.T.);
#854=FACE_OUTER_BOUND('',#1328,.T.);
#855=FACE_OUTER_BOUND('',#1329,.T.);
#856=FACE_OUTER_BOUND('',#1331,.T.);
#857=FACE_OUTER_BOUND('',#1333,.T.);
#858=FACE_OUTER_BOUND('',#1335,.T.);
#859=FACE_OUTER_BOUND('',#1338,.T.);
#860=FACE_OUTER_BOUND('',#1341,.T.);
#861=FACE_OUTER_BOUND('',#1342,.T.);
#862=FACE_OUTER_BOUND('',#1343,.T.);
#863=FACE_OUTER_BOUND('',#1344,.T.);
#864=FACE_OUTER_BOUND('',#1345,.T.);
#865=FACE_OUTER_BOUND('',#1346,.T.);
#866=FACE_OUTER_BOUND('',#1347,.T.);
#867=FACE_OUTER_BOUND('',#1348,.T.);
#868=FACE_OUTER_BOUND('',#1349,.T.);
#869=FACE_OUTER_BOUND('',#1350,.T.);
#870=FACE_OUTER_BOUND('',#1351,.T.);
#871=FACE_OUTER_BOUND('',#1352,.T.);
#872=FACE_OUTER_BOUND('',#1353,.T.);
#873=FACE_OUTER_BOUND('',#1354,.T.);
#874=FACE_OUTER_BOUND('',#1356,.T.);
#875=FACE_OUTER_BOUND('',#1358,.T.);
#876=FACE_OUTER_BOUND('',#1359,.T.);
#877=FACE_OUTER_BOUND('',#1360,.T.);
#878=FACE_OUTER_BOUND('',#1361,.T.);
#879=FACE_OUTER_BOUND('',#1362,.T.);
#880=FACE_OUTER_BOUND('',#1364,.T.);
#881=FACE_OUTER_BOUND('',#1365,.T.);
#882=FACE_OUTER_BOUND('',#1368,.T.);
#883=FACE_OUTER_BOUND('',#1371,.T.);
#884=FACE_OUTER_BOUND('',#1372,.T.);
#885=FACE_OUTER_BOUND('',#1373,.T.);
#886=FACE_OUTER_BOUND('',#1374,.T.);
#887=FACE_OUTER_BOUND('',#1375,.T.);
#888=FACE_OUTER_BOUND('',#1376,.T.);
#889=FACE_OUTER_BOUND('',#1377,.T.);
#890=FACE_OUTER_BOUND('',#1378,.T.);
#891=FACE_OUTER_BOUND('',#1379,.T.);
#892=FACE_OUTER_BOUND('',#1380,.T.);
#893=FACE_OUTER_BOUND('',#1381,.T.);
#894=FACE_OUTER_BOUND('',#1382,.T.);
#895=FACE_OUTER_BOUND('',#1384,.T.);
#896=FACE_OUTER_BOUND('',#1385,.T.);
#897=FACE_OUTER_BOUND('',#1386,.T.);
#898=FACE_OUTER_BOUND('',#1387,.T.);
#899=FACE_OUTER_BOUND('',#1388,.T.);
#900=EDGE_LOOP('',(#4788,#4789,#4790,#4791));
#901=EDGE_LOOP('',(#4792,#4793,#4794,#4795));
#902=EDGE_LOOP('',(#4796,#4797,#4798,#4799));
#903=EDGE_LOOP('',(#4800,#4801,#4802,#4803,#4804,#4805,#4806,#4807,#4808));
#904=EDGE_LOOP('',(#4809,#4810,#4811,#4812));
#905=EDGE_LOOP('',(#4813,#4814,#4815,#4816));
#906=EDGE_LOOP('',(#4817,#4818,#4819,#4820,#4821,#4822,#4823,#4824));
#907=EDGE_LOOP('',(#4825,#4826,#4827,#4828));
#908=EDGE_LOOP('',(#4829,#4830,#4831,#4832));
#909=EDGE_LOOP('',(#4833,#4834,#4835,#4836));
#910=EDGE_LOOP('',(#4837,#4838,#4839,#4840));
#911=EDGE_LOOP('',(#4841,#4842,#4843,#4844,#4845,#4846,#4847,#4848));
#912=EDGE_LOOP('',(#4849,#4850,#4851,#4852));
#913=EDGE_LOOP('',(#4853,#4854,#4855,#4856,#4857,#4858,#4859,#4860,#4861));
#914=EDGE_LOOP('',(#4862,#4863,#4864,#4865));
#915=EDGE_LOOP('',(#4866,#4867,#4868,#4869));
#916=EDGE_LOOP('',(#4870,#4871,#4872,#4873));
#917=EDGE_LOOP('',(#4874,#4875,#4876,#4877));
#918=EDGE_LOOP('',(#4878,#4879,#4880,#4881));
#919=EDGE_LOOP('',(#4882,#4883,#4884,#4885));
#920=EDGE_LOOP('',(#4886,#4887,#4888,#4889));
#921=EDGE_LOOP('',(#4890,#4891,#4892,#4893));
#922=EDGE_LOOP('',(#4894,#4895,#4896,#4897));
#923=EDGE_LOOP('',(#4898,#4899,#4900,#4901));
#924=EDGE_LOOP('',(#4902,#4903,#4904,#4905));
#925=EDGE_LOOP('',(#4906,#4907,#4908,#4909));
#926=EDGE_LOOP('',(#4910,#4911,#4912,#4913));
#927=EDGE_LOOP('',(#4914,#4915,#4916,#4917,#4918,#4919,#4920,#4921,#4922));
#928=EDGE_LOOP('',(#4923,#4924,#4925,#4926));
#929=EDGE_LOOP('',(#4927,#4928,#4929,#4930));
#930=EDGE_LOOP('',(#4931,#4932,#4933,#4934));
#931=EDGE_LOOP('',(#4935,#4936,#4937,#4938,#4939,#4940,#4941,#4942));
#932=EDGE_LOOP('',(#4943,#4944,#4945,#4946));
#933=EDGE_LOOP('',(#4947,#4948,#4949,#4950));
#934=EDGE_LOOP('',(#4951,#4952,#4953,#4954));
#935=EDGE_LOOP('',(#4955,#4956,#4957,#4958));
#936=EDGE_LOOP('',(#4959,#4960,#4961,#4962,#4963,#4964,#4965,#4966));
#937=EDGE_LOOP('',(#4967,#4968,#4969,#4970));
#938=EDGE_LOOP('',(#4971,#4972,#4973,#4974));
#939=EDGE_LOOP('',(#4975,#4976,#4977,#4978));
#940=EDGE_LOOP('',(#4979,#4980,#4981,#4982,#4983,#4984,#4985,#4986,#4987));
#941=EDGE_LOOP('',(#4988,#4989,#4990,#4991));
#942=EDGE_LOOP('',(#4992,#4993,#4994,#4995));
#943=EDGE_LOOP('',(#4996,#4997,#4998,#4999));
#944=EDGE_LOOP('',(#5000,#5001,#5002,#5003));
#945=EDGE_LOOP('',(#5004,#5005,#5006,#5007));
#946=EDGE_LOOP('',(#5008,#5009,#5010,#5011));
#947=EDGE_LOOP('',(#5012,#5013,#5014,#5015));
#948=EDGE_LOOP('',(#5016,#5017,#5018,#5019));
#949=EDGE_LOOP('',(#5020,#5021,#5022,#5023,#5024,#5025,#5026,#5027,#5028));
#950=EDGE_LOOP('',(#5029,#5030,#5031,#5032,#5033,#5034,#5035,#5036,#5037,
#5038,#5039,#5040));
#951=EDGE_LOOP('',(#5041,#5042,#5043,#5044,#5045,#5046,#5047,#5048,#5049));
#952=EDGE_LOOP('',(#5050,#5051,#5052,#5053));
#953=EDGE_LOOP('',(#5054,#5055,#5056,#5057));
#954=EDGE_LOOP('',(#5058,#5059,#5060,#5061));
#955=EDGE_LOOP('',(#5062,#5063,#5064,#5065));
#956=EDGE_LOOP('',(#5066,#5067,#5068,#5069));
#957=EDGE_LOOP('',(#5070,#5071,#5072,#5073));
#958=EDGE_LOOP('',(#5074,#5075,#5076,#5077));
#959=EDGE_LOOP('',(#5078,#5079,#5080,#5081,#5082,#5083,#5084,#5085,#5086,
#5087));
#960=EDGE_LOOP('',(#5088,#5089,#5090,#5091));
#961=EDGE_LOOP('',(#5092,#5093,#5094,#5095));
#962=EDGE_LOOP('',(#5096,#5097,#5098,#5099,#5100,#5101,#5102,#5103));
#963=EDGE_LOOP('',(#5104,#5105,#5106,#5107));
#964=EDGE_LOOP('',(#5108,#5109,#5110,#5111,#5112,#5113,#5114,#5115));
#965=EDGE_LOOP('',(#5116,#5117,#5118,#5119));
#966=EDGE_LOOP('',(#5120,#5121,#5122,#5123));
#967=EDGE_LOOP('',(#5124,#5125,#5126,#5127));
#968=EDGE_LOOP('',(#5128,#5129,#5130,#5131));
#969=EDGE_LOOP('',(#5132,#5133,#5134,#5135));
#970=EDGE_LOOP('',(#5136,#5137,#5138,#5139,#5140,#5141,#5142,#5143,#5144,
#5145));
#971=EDGE_LOOP('',(#5146,#5147,#5148,#5149,#5150,#5151));
#972=EDGE_LOOP('',(#5152,#5153,#5154,#5155,#5156,#5157,#5158,#5159));
#973=EDGE_LOOP('',(#5160,#5161,#5162,#5163));
#974=EDGE_LOOP('',(#5164,#5165,#5166,#5167));
#975=EDGE_LOOP('',(#5168,#5169,#5170,#5171));
#976=EDGE_LOOP('',(#5172,#5173,#5174,#5175));
#977=EDGE_LOOP('',(#5176,#5177,#5178,#5179));
#978=EDGE_LOOP('',(#5180,#5181,#5182,#5183));
#979=EDGE_LOOP('',(#5184,#5185,#5186,#5187));
#980=EDGE_LOOP('',(#5188,#5189,#5190,#5191));
#981=EDGE_LOOP('',(#5192,#5193,#5194,#5195));
#982=EDGE_LOOP('',(#5196,#5197,#5198,#5199));
#983=EDGE_LOOP('',(#5200,#5201,#5202,#5203));
#984=EDGE_LOOP('',(#5204,#5205,#5206,#5207));
#985=EDGE_LOOP('',(#5208,#5209,#5210,#5211));
#986=EDGE_LOOP('',(#5212,#5213,#5214,#5215));
#987=EDGE_LOOP('',(#5216,#5217,#5218,#5219));
#988=EDGE_LOOP('',(#5220,#5221,#5222,#5223,#5224,#5225,#5226,#5227));
#989=EDGE_LOOP('',(#5228,#5229,#5230,#5231));
#990=EDGE_LOOP('',(#5232,#5233,#5234,#5235));
#991=EDGE_LOOP('',(#5236,#5237,#5238,#5239));
#992=EDGE_LOOP('',(#5240,#5241,#5242,#5243));
#993=EDGE_LOOP('',(#5244,#5245,#5246,#5247));
#994=EDGE_LOOP('',(#5248,#5249,#5250,#5251));
#995=EDGE_LOOP('',(#5252,#5253,#5254,#5255));
#996=EDGE_LOOP('',(#5256,#5257,#5258,#5259));
#997=EDGE_LOOP('',(#5260,#5261,#5262,#5263));
#998=EDGE_LOOP('',(#5264,#5265,#5266,#5267));
#999=EDGE_LOOP('',(#5268,#5269,#5270,#5271));
#1000=EDGE_LOOP('',(#5272,#5273,#5274,#5275));
#1001=EDGE_LOOP('',(#5276,#5277,#5278,#5279));
#1002=EDGE_LOOP('',(#5280,#5281,#5282,#5283));
#1003=EDGE_LOOP('',(#5284,#5285,#5286,#5287));
#1004=EDGE_LOOP('',(#5288,#5289,#5290,#5291));
#1005=EDGE_LOOP('',(#5292));
#1006=EDGE_LOOP('',(#5293,#5294,#5295,#5296));
#1007=EDGE_LOOP('',(#5297,#5298,#5299,#5300));
#1008=EDGE_LOOP('',(#5301,#5302,#5303,#5304));
#1009=EDGE_LOOP('',(#5305,#5306,#5307,#5308));
#1010=EDGE_LOOP('',(#5309,#5310,#5311,#5312));
#1011=EDGE_LOOP('',(#5313,#5314,#5315,#5316));
#1012=EDGE_LOOP('',(#5317,#5318,#5319,#5320));
#1013=EDGE_LOOP('',(#5321,#5322,#5323,#5324));
#1014=EDGE_LOOP('',(#5325));
#1015=EDGE_LOOP('',(#5326,#5327,#5328,#5329));
#1016=EDGE_LOOP('',(#5330,#5331,#5332,#5333));
#1017=EDGE_LOOP('',(#5334,#5335,#5336,#5337));
#1018=EDGE_LOOP('',(#5338,#5339,#5340,#5341));
#1019=EDGE_LOOP('',(#5342,#5343,#5344,#5345));
#1020=EDGE_LOOP('',(#5346,#5347,#5348,#5349));
#1021=EDGE_LOOP('',(#5350,#5351,#5352,#5353));
#1022=EDGE_LOOP('',(#5354,#5355,#5356,#5357));
#1023=EDGE_LOOP('',(#5358,#5359,#5360,#5361));
#1024=EDGE_LOOP('',(#5362,#5363,#5364,#5365));
#1025=EDGE_LOOP('',(#5366,#5367,#5368,#5369));
#1026=EDGE_LOOP('',(#5370,#5371,#5372,#5373,#5374,#5375));
#1027=EDGE_LOOP('',(#5376,#5377,#5378,#5379,#5380,#5381,#5382,#5383,#5384));
#1028=EDGE_LOOP('',(#5385,#5386,#5387,#5388));
#1029=EDGE_LOOP('',(#5389,#5390,#5391,#5392,#5393,#5394,#5395,#5396,#5397));
#1030=EDGE_LOOP('',(#5398,#5399,#5400,#5401));
#1031=EDGE_LOOP('',(#5402,#5403,#5404,#5405));
#1032=EDGE_LOOP('',(#5406,#5407,#5408,#5409,#5410,#5411,#5412,#5413,#5414));
#1033=EDGE_LOOP('',(#5415,#5416,#5417,#5418));
#1034=EDGE_LOOP('',(#5419,#5420,#5421,#5422));
#1035=EDGE_LOOP('',(#5423,#5424,#5425,#5426));
#1036=EDGE_LOOP('',(#5427,#5428,#5429,#5430));
#1037=EDGE_LOOP('',(#5431,#5432,#5433,#5434));
#1038=EDGE_LOOP('',(#5435,#5436,#5437,#5438,#5439,#5440,#5441,#5442,#5443));
#1039=EDGE_LOOP('',(#5444,#5445,#5446,#5447,#5448,#5449,#5450,#5451,#5452,
#5453));
#1040=EDGE_LOOP('',(#5454,#5455,#5456,#5457));
#1041=EDGE_LOOP('',(#5458,#5459,#5460,#5461));
#1042=EDGE_LOOP('',(#5462,#5463,#5464,#5465));
#1043=EDGE_LOOP('',(#5466,#5467,#5468,#5469));
#1044=EDGE_LOOP('',(#5470,#5471,#5472,#5473));
#1045=EDGE_LOOP('',(#5474,#5475,#5476,#5477));
#1046=EDGE_LOOP('',(#5478,#5479,#5480,#5481));
#1047=EDGE_LOOP('',(#5482,#5483,#5484,#5485));
#1048=EDGE_LOOP('',(#5486,#5487,#5488,#5489));
#1049=EDGE_LOOP('',(#5490,#5491,#5492,#5493));
#1050=EDGE_LOOP('',(#5494,#5495,#5496,#5497));
#1051=EDGE_LOOP('',(#5498,#5499,#5500,#5501));
#1052=EDGE_LOOP('',(#5502,#5503,#5504,#5505));
#1053=EDGE_LOOP('',(#5506,#5507,#5508,#5509));
#1054=EDGE_LOOP('',(#5510,#5511,#5512,#5513));
#1055=EDGE_LOOP('',(#5514,#5515,#5516,#5517));
#1056=EDGE_LOOP('',(#5518,#5519,#5520,#5521));
#1057=EDGE_LOOP('',(#5522,#5523,#5524,#5525));
#1058=EDGE_LOOP('',(#5526,#5527,#5528,#5529));
#1059=EDGE_LOOP('',(#5530,#5531,#5532,#5533));
#1060=EDGE_LOOP('',(#5534,#5535,#5536,#5537));
#1061=EDGE_LOOP('',(#5538,#5539,#5540,#5541));
#1062=EDGE_LOOP('',(#5542,#5543,#5544,#5545));
#1063=EDGE_LOOP('',(#5546,#5547,#5548,#5549,#5550,#5551,#5552,#5553));
#1064=EDGE_LOOP('',(#5554,#5555,#5556,#5557));
#1065=EDGE_LOOP('',(#5558,#5559,#5560,#5561));
#1066=EDGE_LOOP('',(#5562));
#1067=EDGE_LOOP('',(#5563));
#1068=EDGE_LOOP('',(#5564));
#1069=EDGE_LOOP('',(#5565));
#1070=EDGE_LOOP('',(#5566));
#1071=EDGE_LOOP('',(#5567));
#1072=EDGE_LOOP('',(#5568));
#1073=EDGE_LOOP('',(#5569));
#1074=EDGE_LOOP('',(#5570));
#1075=EDGE_LOOP('',(#5571));
#1076=EDGE_LOOP('',(#5572));
#1077=EDGE_LOOP('',(#5573));
#1078=EDGE_LOOP('',(#5574));
#1079=EDGE_LOOP('',(#5575));
#1080=EDGE_LOOP('',(#5576));
#1081=EDGE_LOOP('',(#5577));
#1082=EDGE_LOOP('',(#5578));
#1083=EDGE_LOOP('',(#5579));
#1084=EDGE_LOOP('',(#5580));
#1085=EDGE_LOOP('',(#5581));
#1086=EDGE_LOOP('',(#5582));
#1087=EDGE_LOOP('',(#5583,#5584,#5585,#5586));
#1088=EDGE_LOOP('',(#5587,#5588,#5589,#5590));
#1089=EDGE_LOOP('',(#5591,#5592,#5593,#5594,#5595,#5596));
#1090=EDGE_LOOP('',(#5597,#5598,#5599,#5600));
#1091=EDGE_LOOP('',(#5601,#5602,#5603,#5604,#5605,#5606,#5607,#5608));
#1092=EDGE_LOOP('',(#5609,#5610,#5611,#5612));
#1093=EDGE_LOOP('',(#5613,#5614,#5615,#5616,#5617,#5618,#5619,#5620));
#1094=EDGE_LOOP('',(#5621,#5622,#5623,#5624));
#1095=EDGE_LOOP('',(#5625,#5626,#5627,#5628));
#1096=EDGE_LOOP('',(#5629));
#1097=EDGE_LOOP('',(#5630));
#1098=EDGE_LOOP('',(#5631));
#1099=EDGE_LOOP('',(#5632));
#1100=EDGE_LOOP('',(#5633));
#1101=EDGE_LOOP('',(#5634));
#1102=EDGE_LOOP('',(#5635));
#1103=EDGE_LOOP('',(#5636));
#1104=EDGE_LOOP('',(#5637));
#1105=EDGE_LOOP('',(#5638));
#1106=EDGE_LOOP('',(#5639));
#1107=EDGE_LOOP('',(#5640));
#1108=EDGE_LOOP('',(#5641));
#1109=EDGE_LOOP('',(#5642));
#1110=EDGE_LOOP('',(#5643));
#1111=EDGE_LOOP('',(#5644));
#1112=EDGE_LOOP('',(#5645));
#1113=EDGE_LOOP('',(#5646));
#1114=EDGE_LOOP('',(#5647));
#1115=EDGE_LOOP('',(#5648));
#1116=EDGE_LOOP('',(#5649));
#1117=EDGE_LOOP('',(#5650,#5651,#5652,#5653));
#1118=EDGE_LOOP('',(#5654,#5655,#5656,#5657));
#1119=EDGE_LOOP('',(#5658,#5659,#5660,#5661,#5662,#5663,#5664,#5665));
#1120=EDGE_LOOP('',(#5666,#5667,#5668,#5669));
#1121=EDGE_LOOP('',(#5670,#5671,#5672,#5673));
#1122=EDGE_LOOP('',(#5674));
#1123=EDGE_LOOP('',(#5675,#5676,#5677,#5678));
#1124=EDGE_LOOP('',(#5679,#5680,#5681,#5682));
#1125=EDGE_LOOP('',(#5683,#5684,#5685,#5686,#5687));
#1126=EDGE_LOOP('',(#5688,#5689,#5690,#5691,#5692,#5693));
#1127=EDGE_LOOP('',(#5694,#5695,#5696,#5697,#5698,#5699));
#1128=EDGE_LOOP('',(#5700,#5701,#5702,#5703,#5704));
#1129=EDGE_LOOP('',(#5705,#5706,#5707,#5708,#5709));
#1130=EDGE_LOOP('',(#5710));
#1131=EDGE_LOOP('',(#5711,#5712,#5713,#5714,#5715,#5716));
#1132=EDGE_LOOP('',(#5717,#5718,#5719,#5720,#5721,#5722));
#1133=EDGE_LOOP('',(#5723,#5724,#5725,#5726,#5727));
#1134=EDGE_LOOP('',(#5728,#5729,#5730,#5731,#5732,#5733,#5734,#5735));
#1135=EDGE_LOOP('',(#5736,#5737,#5738,#5739));
#1136=EDGE_LOOP('',(#5740,#5741,#5742,#5743));
#1137=EDGE_LOOP('',(#5744,#5745,#5746,#5747));
#1138=EDGE_LOOP('',(#5748,#5749,#5750,#5751));
#1139=EDGE_LOOP('',(#5752,#5753,#5754,#5755));
#1140=EDGE_LOOP('',(#5756,#5757,#5758,#5759));
#1141=EDGE_LOOP('',(#5760,#5761,#5762,#5763));
#1142=EDGE_LOOP('',(#5764,#5765,#5766,#5767,#5768,#5769));
#1143=EDGE_LOOP('',(#5770,#5771,#5772,#5773));
#1144=EDGE_LOOP('',(#5774,#5775,#5776,#5777));
#1145=EDGE_LOOP('',(#5778,#5779,#5780,#5781));
#1146=EDGE_LOOP('',(#5782,#5783,#5784,#5785));
#1147=EDGE_LOOP('',(#5786,#5787,#5788,#5789));
#1148=EDGE_LOOP('',(#5790,#5791,#5792,#5793));
#1149=EDGE_LOOP('',(#5794,#5795,#5796,#5797,#5798,#5799));
#1150=EDGE_LOOP('',(#5800,#5801,#5802,#5803));
#1151=EDGE_LOOP('',(#5804,#5805,#5806,#5807));
#1152=EDGE_LOOP('',(#5808,#5809,#5810,#5811,#5812,#5813,#5814,#5815,#5816));
#1153=EDGE_LOOP('',(#5817,#5818,#5819,#5820,#5821,#5822));
#1154=EDGE_LOOP('',(#5823,#5824,#5825,#5826,#5827,#5828));
#1155=EDGE_LOOP('',(#5829,#5830,#5831,#5832,#5833,#5834,#5835,#5836,#5837));
#1156=EDGE_LOOP('',(#5838,#5839,#5840,#5841));
#1157=EDGE_LOOP('',(#5842,#5843,#5844,#5845));
#1158=EDGE_LOOP('',(#5846,#5847,#5848,#5849));
#1159=EDGE_LOOP('',(#5850,#5851,#5852,#5853));
#1160=EDGE_LOOP('',(#5854,#5855,#5856,#5857));
#1161=EDGE_LOOP('',(#5858,#5859,#5860,#5861,#5862));
#1162=EDGE_LOOP('',(#5863,#5864,#5865,#5866,#5867));
#1163=EDGE_LOOP('',(#5868,#5869,#5870,#5871));
#1164=EDGE_LOOP('',(#5872,#5873,#5874,#5875));
#1165=EDGE_LOOP('',(#5876,#5877,#5878,#5879));
#1166=EDGE_LOOP('',(#5880,#5881,#5882,#5883));
#1167=EDGE_LOOP('',(#5884,#5885,#5886,#5887));
#1168=EDGE_LOOP('',(#5888,#5889,#5890,#5891));
#1169=EDGE_LOOP('',(#5892,#5893,#5894,#5895));
#1170=EDGE_LOOP('',(#5896,#5897,#5898,#5899));
#1171=EDGE_LOOP('',(#5900,#5901,#5902,#5903,#5904,#5905));
#1172=EDGE_LOOP('',(#5906,#5907,#5908,#5909));
#1173=EDGE_LOOP('',(#5910,#5911,#5912,#5913));
#1174=EDGE_LOOP('',(#5914,#5915,#5916,#5917));
#1175=EDGE_LOOP('',(#5918,#5919,#5920,#5921));
#1176=EDGE_LOOP('',(#5922,#5923,#5924,#5925));
#1177=EDGE_LOOP('',(#5926,#5927,#5928,#5929,#5930,#5931,#5932));
#1178=EDGE_LOOP('',(#5933,#5934,#5935,#5936));
#1179=EDGE_LOOP('',(#5937,#5938,#5939,#5940));
#1180=EDGE_LOOP('',(#5941,#5942,#5943,#5944,#5945,#5946,#5947));
#1181=EDGE_LOOP('',(#5948,#5949,#5950,#5951,#5952,#5953,#5954));
#1182=EDGE_LOOP('',(#5955,#5956,#5957,#5958));
#1183=EDGE_LOOP('',(#5959,#5960,#5961,#5962,#5963,#5964,#5965));
#1184=EDGE_LOOP('',(#5966,#5967,#5968,#5969,#5970,#5971,#5972));
#1185=EDGE_LOOP('',(#5973,#5974,#5975,#5976));
#1186=EDGE_LOOP('',(#5977,#5978,#5979,#5980,#5981,#5982,#5983,#5984));
#1187=EDGE_LOOP('',(#5985,#5986,#5987,#5988,#5989,#5990,#5991,#5992));
#1188=EDGE_LOOP('',(#5993,#5994,#5995,#5996));
#1189=EDGE_LOOP('',(#5997));
#1190=EDGE_LOOP('',(#5998,#5999,#6000,#6001));
#1191=EDGE_LOOP('',(#6002));
#1192=EDGE_LOOP('',(#6003,#6004,#6005,#6006));
#1193=EDGE_LOOP('',(#6007,#6008,#6009,#6010));
#1194=EDGE_LOOP('',(#6011,#6012,#6013,#6014));
#1195=EDGE_LOOP('',(#6015));
#1196=EDGE_LOOP('',(#6016,#6017,#6018,#6019));
#1197=EDGE_LOOP('',(#6020));
#1198=EDGE_LOOP('',(#6021,#6022,#6023,#6024));
#1199=EDGE_LOOP('',(#6025,#6026,#6027,#6028));
#1200=EDGE_LOOP('',(#6029,#6030,#6031,#6032));
#1201=EDGE_LOOP('',(#6033,#6034,#6035,#6036));
#1202=EDGE_LOOP('',(#6037,#6038,#6039,#6040));
#1203=EDGE_LOOP('',(#6041,#6042,#6043,#6044));
#1204=EDGE_LOOP('',(#6045,#6046,#6047,#6048));
#1205=EDGE_LOOP('',(#6049,#6050,#6051,#6052));
#1206=EDGE_LOOP('',(#6053,#6054,#6055,#6056));
#1207=EDGE_LOOP('',(#6057,#6058,#6059,#6060));
#1208=EDGE_LOOP('',(#6061,#6062,#6063,#6064,#6065));
#1209=EDGE_LOOP('',(#6066));
#1210=EDGE_LOOP('',(#6067));
#1211=EDGE_LOOP('',(#6068,#6069,#6070,#6071));
#1212=EDGE_LOOP('',(#6072,#6073,#6074,#6075));
#1213=EDGE_LOOP('',(#6076,#6077,#6078,#6079,#6080,#6081,#6082,#6083));
#1214=EDGE_LOOP('',(#6084));
#1215=EDGE_LOOP('',(#6085));
#1216=EDGE_LOOP('',(#6086,#6087,#6088,#6089));
#1217=EDGE_LOOP('',(#6090,#6091,#6092,#6093));
#1218=EDGE_LOOP('',(#6094,#6095,#6096,#6097));
#1219=EDGE_LOOP('',(#6098));
#1220=EDGE_LOOP('',(#6099));
#1221=EDGE_LOOP('',(#6100,#6101,#6102,#6103));
#1222=EDGE_LOOP('',(#6104,#6105,#6106,#6107));
#1223=EDGE_LOOP('',(#6108,#6109,#6110,#6111,#6112,#6113,#6114,#6115,#6116,
#6117,#6118,#6119,#6120,#6121,#6122,#6123,#6124,#6125,#6126,#6127));
#1224=EDGE_LOOP('',(#6128,#6129,#6130,#6131));
#1225=EDGE_LOOP('',(#6132,#6133,#6134,#6135,#6136,#6137,#6138,#6139));
#1226=EDGE_LOOP('',(#6140,#6141,#6142,#6143));
#1227=EDGE_LOOP('',(#6144,#6145,#6146,#6147));
#1228=EDGE_LOOP('',(#6148,#6149,#6150,#6151));
#1229=EDGE_LOOP('',(#6152,#6153,#6154,#6155));
#1230=EDGE_LOOP('',(#6156,#6157,#6158,#6159));
#1231=EDGE_LOOP('',(#6160,#6161,#6162,#6163));
#1232=EDGE_LOOP('',(#6164,#6165,#6166,#6167));
#1233=EDGE_LOOP('',(#6168,#6169,#6170,#6171));
#1234=EDGE_LOOP('',(#6172));
#1235=EDGE_LOOP('',(#6173));
#1236=EDGE_LOOP('',(#6174,#6175,#6176,#6177));
#1237=EDGE_LOOP('',(#6178,#6179,#6180,#6181));
#1238=EDGE_LOOP('',(#6182,#6183,#6184,#6185));
#1239=EDGE_LOOP('',(#6186,#6187,#6188,#6189));
#1240=EDGE_LOOP('',(#6190));
#1241=EDGE_LOOP('',(#6191));
#1242=EDGE_LOOP('',(#6192,#6193,#6194,#6195));
#1243=EDGE_LOOP('',(#6196,#6197,#6198,#6199));
#1244=EDGE_LOOP('',(#6200,#6201,#6202,#6203));
#1245=EDGE_LOOP('',(#6204,#6205,#6206,#6207));
#1246=EDGE_LOOP('',(#6208,#6209,#6210,#6211,#6212));
#1247=EDGE_LOOP('',(#6213,#6214,#6215,#6216));
#1248=EDGE_LOOP('',(#6217,#6218,#6219));
#1249=EDGE_LOOP('',(#6220,#6221,#6222,#6223,#6224,#6225,#6226,#6227,#6228,
#6229,#6230,#6231));
#1250=EDGE_LOOP('',(#6232,#6233,#6234,#6235,#6236,#6237,#6238,#6239,#6240,
#6241,#6242,#6243,#6244,#6245,#6246,#6247,#6248,#6249,#6250,#6251,#6252,
#6253,#6254,#6255));
#1251=EDGE_LOOP('',(#6256));
#1252=EDGE_LOOP('',(#6257,#6258,#6259,#6260));
#1253=EDGE_LOOP('',(#6261,#6262,#6263,#6264));
#1254=EDGE_LOOP('',(#6265,#6266,#6267,#6268));
#1255=EDGE_LOOP('',(#6269,#6270,#6271,#6272,#6273));
#1256=EDGE_LOOP('',(#6274,#6275,#6276,#6277,#6278));
#1257=EDGE_LOOP('',(#6279));
#1258=EDGE_LOOP('',(#6280));
#1259=EDGE_LOOP('',(#6281,#6282,#6283,#6284));
#1260=EDGE_LOOP('',(#6285,#6286,#6287,#6288));
#1261=EDGE_LOOP('',(#6289,#6290,#6291,#6292));
#1262=EDGE_LOOP('',(#6293,#6294,#6295,#6296));
#1263=EDGE_LOOP('',(#6297,#6298,#6299,#6300,#6301));
#1264=EDGE_LOOP('',(#6302,#6303,#6304,#6305,#6306));
#1265=EDGE_LOOP('',(#6307,#6308,#6309,#6310));
#1266=EDGE_LOOP('',(#6311,#6312,#6313,#6314));
#1267=EDGE_LOOP('',(#6315,#6316,#6317,#6318));
#1268=EDGE_LOOP('',(#6319,#6320,#6321,#6322));
#1269=EDGE_LOOP('',(#6323,#6324,#6325,#6326));
#1270=EDGE_LOOP('',(#6327,#6328,#6329,#6330));
#1271=EDGE_LOOP('',(#6331,#6332,#6333,#6334));
#1272=EDGE_LOOP('',(#6335,#6336,#6337,#6338));
#1273=EDGE_LOOP('',(#6339,#6340,#6341,#6342));
#1274=EDGE_LOOP('',(#6343,#6344,#6345,#6346));
#1275=EDGE_LOOP('',(#6347,#6348,#6349,#6350));
#1276=EDGE_LOOP('',(#6351,#6352,#6353,#6354));
#1277=EDGE_LOOP('',(#6355,#6356,#6357,#6358));
#1278=EDGE_LOOP('',(#6359,#6360,#6361,#6362));
#1279=EDGE_LOOP('',(#6363,#6364,#6365,#6366));
#1280=EDGE_LOOP('',(#6367,#6368,#6369,#6370));
#1281=EDGE_LOOP('',(#6371,#6372,#6373,#6374,#6375,#6376,#6377,#6378));
#1282=EDGE_LOOP('',(#6379,#6380,#6381,#6382));
#1283=EDGE_LOOP('',(#6383));
#1284=EDGE_LOOP('',(#6384,#6385,#6386,#6387));
#1285=EDGE_LOOP('',(#6388,#6389,#6390,#6391));
#1286=EDGE_LOOP('',(#6392,#6393,#6394,#6395));
#1287=EDGE_LOOP('',(#6396,#6397,#6398,#6399));
#1288=EDGE_LOOP('',(#6400,#6401,#6402,#6403,#6404));
#1289=EDGE_LOOP('',(#6405,#6406,#6407,#6408,#6409));
#1290=EDGE_LOOP('',(#6410,#6411,#6412,#6413));
#1291=EDGE_LOOP('',(#6414,#6415,#6416,#6417));
#1292=EDGE_LOOP('',(#6418,#6419,#6420,#6421,#6422,#6423,#6424,#6425));
#1293=EDGE_LOOP('',(#6426,#6427,#6428,#6429));
#1294=EDGE_LOOP('',(#6430,#6431,#6432,#6433,#6434,#6435,#6436,#6437));
#1295=EDGE_LOOP('',(#6438,#6439,#6440,#6441));
#1296=EDGE_LOOP('',(#6442,#6443,#6444,#6445));
#1297=EDGE_LOOP('',(#6446,#6447,#6448,#6449));
#1298=EDGE_LOOP('',(#6450,#6451,#6452,#6453));
#1299=EDGE_LOOP('',(#6454,#6455,#6456,#6457));
#1300=EDGE_LOOP('',(#6458,#6459,#6460,#6461,#6462,#6463,#6464,#6465,#6466,
#6467,#6468,#6469,#6470,#6471,#6472,#6473,#6474,#6475,#6476,#6477));
#1301=EDGE_LOOP('',(#6478,#6479,#6480,#6481));
#1302=EDGE_LOOP('',(#6482,#6483,#6484,#6485));
#1303=EDGE_LOOP('',(#6486,#6487,#6488,#6489));
#1304=EDGE_LOOP('',(#6490,#6491,#6492,#6493,#6494,#6495,#6496,#6497));
#1305=EDGE_LOOP('',(#6498,#6499,#6500,#6501));
#1306=EDGE_LOOP('',(#6502,#6503,#6504,#6505));
#1307=EDGE_LOOP('',(#6506,#6507,#6508,#6509));
#1308=EDGE_LOOP('',(#6510,#6511,#6512,#6513));
#1309=EDGE_LOOP('',(#6514,#6515,#6516,#6517));
#1310=EDGE_LOOP('',(#6518,#6519,#6520,#6521,#6522,#6523,#6524,#6525));
#1311=EDGE_LOOP('',(#6526,#6527,#6528,#6529));
#1312=EDGE_LOOP('',(#6530,#6531,#6532,#6533));
#1313=EDGE_LOOP('',(#6534,#6535,#6536,#6537));
#1314=EDGE_LOOP('',(#6538,#6539,#6540,#6541));
#1315=EDGE_LOOP('',(#6542,#6543,#6544,#6545));
#1316=EDGE_LOOP('',(#6546,#6547,#6548,#6549));
#1317=EDGE_LOOP('',(#6550,#6551,#6552,#6553));
#1318=EDGE_LOOP('',(#6554,#6555,#6556,#6557));
#1319=EDGE_LOOP('',(#6558,#6559,#6560,#6561));
#1320=EDGE_LOOP('',(#6562,#6563,#6564,#6565));
#1321=EDGE_LOOP('',(#6566,#6567,#6568,#6569));
#1322=EDGE_LOOP('',(#6570,#6571,#6572,#6573));
#1323=EDGE_LOOP('',(#6574,#6575,#6576,#6577));
#1324=EDGE_LOOP('',(#6578,#6579,#6580,#6581));
#1325=EDGE_LOOP('',(#6582,#6583,#6584,#6585));
#1326=EDGE_LOOP('',(#6586,#6587,#6588,#6589));
#1327=EDGE_LOOP('',(#6590,#6591,#6592,#6593));
#1328=EDGE_LOOP('',(#6594,#6595,#6596,#6597));
#1329=EDGE_LOOP('',(#6598,#6599,#6600,#6601));
#1330=EDGE_LOOP('',(#6602,#6603,#6604,#6605));
#1331=EDGE_LOOP('',(#6606,#6607,#6608,#6609));
#1332=EDGE_LOOP('',(#6610,#6611,#6612,#6613));
#1333=EDGE_LOOP('',(#6614,#6615,#6616,#6617));
#1334=EDGE_LOOP('',(#6618,#6619,#6620,#6621));
#1335=EDGE_LOOP('',(#6622,#6623,#6624,#6625,#6626,#6627,#6628,#6629,#6630,
#6631));
#1336=EDGE_LOOP('',(#6632));
#1337=EDGE_LOOP('',(#6633));
#1338=EDGE_LOOP('',(#6634,#6635,#6636,#6637,#6638,#6639,#6640,#6641,#6642,
#6643));
#1339=EDGE_LOOP('',(#6644));
#1340=EDGE_LOOP('',(#6645));
#1341=EDGE_LOOP('',(#6646,#6647,#6648,#6649));
#1342=EDGE_LOOP('',(#6650,#6651,#6652,#6653));
#1343=EDGE_LOOP('',(#6654,#6655,#6656,#6657));
#1344=EDGE_LOOP('',(#6658,#6659,#6660,#6661));
#1345=EDGE_LOOP('',(#6662,#6663,#6664,#6665));
#1346=EDGE_LOOP('',(#6666,#6667,#6668,#6669,#6670,#6671));
#1347=EDGE_LOOP('',(#6672,#6673,#6674,#6675,#6676,#6677));
#1348=EDGE_LOOP('',(#6678,#6679,#6680,#6681,#6682));
#1349=EDGE_LOOP('',(#6683,#6684,#6685,#6686,#6687));
#1350=EDGE_LOOP('',(#6688,#6689,#6690,#6691,#6692));
#1351=EDGE_LOOP('',(#6693,#6694,#6695,#6696,#6697));
#1352=EDGE_LOOP('',(#6698,#6699,#6700,#6701));
#1353=EDGE_LOOP('',(#6702,#6703,#6704,#6705));
#1354=EDGE_LOOP('',(#6706,#6707,#6708,#6709,#6710));
#1355=EDGE_LOOP('',(#6711));
#1356=EDGE_LOOP('',(#6712,#6713,#6714,#6715,#6716));
#1357=EDGE_LOOP('',(#6717));
#1358=EDGE_LOOP('',(#6718,#6719,#6720,#6721));
#1359=EDGE_LOOP('',(#6722,#6723,#6724,#6725));
#1360=EDGE_LOOP('',(#6726,#6727,#6728,#6729));
#1361=EDGE_LOOP('',(#6730,#6731,#6732,#6733));
#1362=EDGE_LOOP('',(#6734,#6735,#6736,#6737,#6738));
#1363=EDGE_LOOP('',(#6739));
#1364=EDGE_LOOP('',(#6740,#6741,#6742,#6743));
#1365=EDGE_LOOP('',(#6744,#6745,#6746,#6747,#6748,#6749,#6750,#6751,#6752,
#6753));
#1366=EDGE_LOOP('',(#6754));
#1367=EDGE_LOOP('',(#6755));
#1368=EDGE_LOOP('',(#6756,#6757,#6758,#6759,#6760,#6761,#6762,#6763,#6764,
#6765));
#1369=EDGE_LOOP('',(#6766));
#1370=EDGE_LOOP('',(#6767));
#1371=EDGE_LOOP('',(#6768,#6769,#6770,#6771,#6772));
#1372=EDGE_LOOP('',(#6773,#6774,#6775,#6776,#6777));
#1373=EDGE_LOOP('',(#6778,#6779,#6780,#6781,#6782));
#1374=EDGE_LOOP('',(#6783,#6784,#6785,#6786,#6787));
#1375=EDGE_LOOP('',(#6788,#6789,#6790,#6791,#6792,#6793));
#1376=EDGE_LOOP('',(#6794,#6795,#6796,#6797,#6798,#6799));
#1377=EDGE_LOOP('',(#6800,#6801,#6802,#6803,#6804));
#1378=EDGE_LOOP('',(#6805,#6806,#6807,#6808,#6809));
#1379=EDGE_LOOP('',(#6810,#6811,#6812,#6813));
#1380=EDGE_LOOP('',(#6814,#6815,#6816,#6817));
#1381=EDGE_LOOP('',(#6818,#6819,#6820,#6821));
#1382=EDGE_LOOP('',(#6822,#6823,#6824,#6825,#6826));
#1383=EDGE_LOOP('',(#6827));
#1384=EDGE_LOOP('',(#6828,#6829,#6830,#6831));
#1385=EDGE_LOOP('',(#6832,#6833,#6834,#6835));
#1386=EDGE_LOOP('',(#6836,#6837,#6838,#6839));
#1387=EDGE_LOOP('',(#6840,#6841,#6842,#6843));
#1388=EDGE_LOOP('',(#6844,#6845,#6846,#6847));
#1389=LINE('',#10243,#2233);
#1390=LINE('',#10245,#2234);
#1391=LINE('',#10247,#2235);
#1392=LINE('',#10248,#2236);
#1393=LINE('',#10252,#2237);
#1394=LINE('',#10254,#2238);
#1395=LINE('',#10256,#2239);
#1396=LINE('',#10257,#2240);
#1397=LINE('',#10259,#2241);
#1398=LINE('',#10260,#2242);
#1399=LINE('',#10263,#2243);
#1400=LINE('',#10265,#2244);
#1401=LINE('',#10269,#2245);
#1402=LINE('',#10271,#2246);
#1403=LINE('',#10272,#2247);
#1404=LINE('',#10275,#2248);
#1405=LINE('',#10276,#2249);
#1406=LINE('',#10280,#2250);
#1407=LINE('',#10282,#2251);
#1408=LINE('',#10284,#2252);
#1409=LINE('',#10285,#2253);
#1410=LINE('',#10288,#2254);
#1411=LINE('',#10290,#2255);
#1412=LINE('',#10292,#2256);
#1413=LINE('',#10294,#2257);
#1414=LINE('',#10296,#2258);
#1415=LINE('',#10298,#2259);
#1416=LINE('',#10299,#2260);
#1417=LINE('',#10302,#2261);
#1418=LINE('',#10303,#2262);
#1419=LINE('',#10306,#2263);
#1420=LINE('',#10307,#2264);
#1421=LINE('',#10311,#2265);
#1422=LINE('',#10313,#2266);
#1423=LINE('',#10315,#2267);
#1424=LINE('',#10316,#2268);
#1425=LINE('',#10318,#2269);
#1426=LINE('',#10319,#2270);
#1427=LINE('',#10321,#2271);
#1428=LINE('',#10322,#2272);
#1429=LINE('',#10325,#2273);
#1430=LINE('',#10328,#2274);
#1431=LINE('',#10331,#2275);
#1432=LINE('',#10333,#2276);
#1433=LINE('',#10334,#2277);
#1434=LINE('',#10335,#2278);
#1435=LINE('',#10336,#2279);
#1436=LINE('',#10340,#2280);
#1437=LINE('',#10342,#2281);
#1438=LINE('',#10348,#2282);
#1439=LINE('',#10350,#2283);
#1440=LINE('',#10352,#2284);
#1441=LINE('',#10353,#2285);
#1442=LINE('',#10357,#2286);
#1443=LINE('',#10359,#2287);
#1444=LINE('',#10361,#2288);
#1445=LINE('',#10362,#2289);
#1446=LINE('',#10364,#2290);
#1447=LINE('',#10365,#2291);
#1448=LINE('',#10368,#2292);
#1449=LINE('',#10370,#2293);
#1450=LINE('',#10371,#2294);
#1451=LINE('',#10374,#2295);
#1452=LINE('',#10376,#2296);
#1453=LINE('',#10377,#2297);
#1454=LINE('',#10380,#2298);
#1455=LINE('',#10382,#2299);
#1456=LINE('',#10384,#2300);
#1457=LINE('',#10385,#2301);
#1458=LINE('',#10388,#2302);
#1459=LINE('',#10392,#2303);
#1460=LINE('',#10393,#2304);
#1461=LINE('',#10396,#2305);
#1462=LINE('',#10398,#2306);
#1463=LINE('',#10400,#2307);
#1464=LINE('',#10401,#2308);
#1465=LINE('',#10405,#2309);
#1466=LINE('',#10406,#2310);
#1467=LINE('',#10407,#2311);
#1468=LINE('',#10411,#2312);
#1469=LINE('',#10412,#2313);
#1470=LINE('',#10413,#2314);
#1471=LINE('',#10415,#2315);
#1472=LINE('',#10417,#2316);
#1473=LINE('',#10419,#2317);
#1474=LINE('',#10420,#2318);
#1475=LINE('',#10422,#2319);
#1476=LINE('',#10427,#2320);
#1477=LINE('',#10428,#2321);
#1478=LINE('',#10431,#2322);
#1479=LINE('',#10432,#2323);
#1480=LINE('',#10435,#2324);
#1481=LINE('',#10436,#2325);
#1482=LINE('',#10439,#2326);
#1483=LINE('',#10440,#2327);
#1484=LINE('',#10442,#2328);
#1485=LINE('',#10444,#2329);
#1486=LINE('',#10446,#2330);
#1487=LINE('',#10452,#2331);
#1488=LINE('',#10454,#2332);
#1489=LINE('',#10456,#2333);
#1490=LINE('',#10457,#2334);
#1491=LINE('',#10461,#2335);
#1492=LINE('',#10463,#2336);
#1493=LINE('',#10465,#2337);
#1494=LINE('',#10466,#2338);
#1495=LINE('',#10468,#2339);
#1496=LINE('',#10469,#2340);
#1497=LINE('',#10473,#2341);
#1498=LINE('',#10475,#2342);
#1499=LINE('',#10477,#2343);
#1500=LINE('',#10478,#2344);
#1501=LINE('',#10481,#2345);
#1502=LINE('',#10483,#2346);
#1503=LINE('',#10484,#2347);
#1504=LINE('',#10487,#2348);
#1505=LINE('',#10489,#2349);
#1506=LINE('',#10490,#2350);
#1507=LINE('',#10492,#2351);
#1508=LINE('',#10495,#2352);
#1509=LINE('',#10497,#2353);
#1510=LINE('',#10499,#2354);
#1511=LINE('',#10503,#2355);
#1512=LINE('',#10504,#2356);
#1513=LINE('',#10507,#2357);
#1514=LINE('',#10509,#2358);
#1515=LINE('',#10510,#2359);
#1516=LINE('',#10512,#2360);
#1517=LINE('',#10514,#2361);
#1518=LINE('',#10516,#2362);
#1519=LINE('',#10517,#2363);
#1520=LINE('',#10520,#2364);
#1521=LINE('',#10524,#2365);
#1522=LINE('',#10525,#2366);
#1523=LINE('',#10528,#2367);
#1524=LINE('',#10530,#2368);
#1525=LINE('',#10532,#2369);
#1526=LINE('',#10533,#2370);
#1527=LINE('',#10537,#2371);
#1528=LINE('',#10538,#2372);
#1529=LINE('',#10539,#2373);
#1530=LINE('',#10542,#2374);
#1531=LINE('',#10543,#2375);
#1532=LINE('',#10547,#2376);
#1533=LINE('',#10549,#2377);
#1534=LINE('',#10551,#2378);
#1535=LINE('',#10552,#2379);
#1536=LINE('',#10556,#2380);
#1537=LINE('',#10558,#2381);
#1538=LINE('',#10560,#2382);
#1539=LINE('',#10561,#2383);
#1540=LINE('',#10564,#2384);
#1541=LINE('',#10565,#2385);
#1542=LINE('',#10568,#2386);
#1543=LINE('',#10571,#2387);
#1544=LINE('',#10574,#2388);
#1545=LINE('',#10575,#2389);
#1546=LINE('',#10577,#2390);
#1547=LINE('',#10580,#2391);
#1548=LINE('',#10581,#2392);
#1549=LINE('',#10582,#2393);
#1550=LINE('',#10583,#2394);
#1551=LINE('',#10586,#2395);
#1552=LINE('',#10588,#2396);
#1553=LINE('',#10589,#2397);
#1554=LINE('',#10590,#2398);
#1555=LINE('',#10592,#2399);
#1556=LINE('',#10594,#2400);
#1557=LINE('',#10595,#2401);
#1558=LINE('',#10597,#2402);
#1559=LINE('',#10600,#2403);
#1560=LINE('',#10605,#2404);
#1561=LINE('',#10607,#2405);
#1562=LINE('',#10608,#2406);
#1563=LINE('',#10616,#2407);
#1564=LINE('',#10620,#2408);
#1565=LINE('',#10624,#2409);
#1566=LINE('',#10627,#2410);
#1567=LINE('',#10630,#2411);
#1568=LINE('',#10632,#2412);
#1569=LINE('',#10634,#2413);
#1570=LINE('',#10635,#2414);
#1571=LINE('',#10638,#2415);
#1572=LINE('',#10640,#2416);
#1573=LINE('',#10642,#2417);
#1574=LINE('',#10643,#2418);
#1575=LINE('',#10646,#2419);
#1576=LINE('',#10648,#2420);
#1577=LINE('',#10650,#2421);
#1578=LINE('',#10651,#2422);
#1579=LINE('',#10654,#2423);
#1580=LINE('',#10656,#2424);
#1581=LINE('',#10657,#2425);
#1582=LINE('',#10660,#2426);
#1583=LINE('',#10662,#2427);
#1584=LINE('',#10663,#2428);
#1585=LINE('',#10667,#2429);
#1586=LINE('',#10668,#2430);
#1587=LINE('',#10669,#2431);
#1588=LINE('',#10672,#2432);
#1589=LINE('',#10673,#2433);
#1590=LINE('',#10676,#2434);
#1591=LINE('',#10677,#2435);
#1592=LINE('',#10679,#2436);
#1593=LINE('',#10683,#2437);
#1594=LINE('',#10684,#2438);
#1595=LINE('',#10685,#2439);
#1596=LINE('',#10688,#2440);
#1597=LINE('',#10689,#2441);
#1598=LINE('',#10693,#2442);
#1599=LINE('',#10694,#2443);
#1600=LINE('',#10695,#2444);
#1601=LINE('',#10698,#2445);
#1602=LINE('',#10699,#2446);
#1603=LINE('',#10702,#2447);
#1604=LINE('',#10703,#2448);
#1605=LINE('',#10705,#2449);
#1606=LINE('',#10710,#2450);
#1607=LINE('',#10714,#2451);
#1608=LINE('',#10718,#2452);
#1609=LINE('',#10719,#2453);
#1610=LINE('',#10722,#2454);
#1611=LINE('',#10725,#2455);
#1612=LINE('',#10727,#2456);
#1613=LINE('',#10729,#2457);
#1614=LINE('',#10731,#2458);
#1615=LINE('',#10738,#2459);
#1616=LINE('',#10743,#2460);
#1617=LINE('',#10745,#2461);
#1618=LINE('',#10747,#2462);
#1619=LINE('',#10748,#2463);
#1620=LINE('',#10751,#2464);
#1621=LINE('',#10753,#2465);
#1622=LINE('',#10754,#2466);
#1623=LINE('',#10757,#2467);
#1624=LINE('',#10759,#2468);
#1625=LINE('',#10760,#2469);
#1626=LINE('',#10762,#2470);
#1627=LINE('',#10764,#2471);
#1628=LINE('',#10768,#2472);
#1629=LINE('',#10770,#2473);
#1630=LINE('',#10772,#2474);
#1631=LINE('',#10773,#2475);
#1632=LINE('',#10776,#2476);
#1633=LINE('',#10778,#2477);
#1634=LINE('',#10779,#2478);
#1635=LINE('',#10782,#2479);
#1636=LINE('',#10784,#2480);
#1637=LINE('',#10785,#2481);
#1638=LINE('',#10787,#2482);
#1639=LINE('',#10788,#2483);
#1640=LINE('',#10794,#2484);
#1641=LINE('',#10796,#2485);
#1642=LINE('',#10798,#2486);
#1643=LINE('',#10799,#2487);
#1644=LINE('',#10802,#2488);
#1645=LINE('',#10804,#2489);
#1646=LINE('',#10805,#2490);
#1647=LINE('',#10808,#2491);
#1648=LINE('',#10810,#2492);
#1649=LINE('',#10811,#2493);
#1650=LINE('',#10813,#2494);
#1651=LINE('',#10814,#2495);
#1652=LINE('',#10818,#2496);
#1653=LINE('',#10820,#2497);
#1654=LINE('',#10822,#2498);
#1655=LINE('',#10823,#2499);
#1656=LINE('',#10826,#2500);
#1657=LINE('',#10828,#2501);
#1658=LINE('',#10829,#2502);
#1659=LINE('',#10832,#2503);
#1660=LINE('',#10834,#2504);
#1661=LINE('',#10835,#2505);
#1662=LINE('',#10838,#2506);
#1663=LINE('',#10840,#2507);
#1664=LINE('',#10841,#2508);
#1665=LINE('',#10844,#2509);
#1666=LINE('',#10846,#2510);
#1667=LINE('',#10847,#2511);
#1668=LINE('',#10850,#2512);
#1669=LINE('',#10852,#2513);
#1670=LINE('',#10853,#2514);
#1671=LINE('',#10856,#2515);
#1672=LINE('',#10858,#2516);
#1673=LINE('',#10859,#2517);
#1674=LINE('',#10862,#2518);
#1675=LINE('',#10863,#2519);
#1676=LINE('',#10865,#2520);
#1677=LINE('',#10866,#2521);
#1678=LINE('',#10875,#2522);
#1679=LINE('',#10878,#2523);
#1680=LINE('',#10881,#2524);
#1681=LINE('',#10885,#2525);
#1682=LINE('',#10889,#2526);
#1683=LINE('',#10891,#2527);
#1684=LINE('',#10893,#2528);
#1685=LINE('',#10894,#2529);
#1686=LINE('',#10897,#2530);
#1687=LINE('',#10898,#2531);
#1688=LINE('',#10902,#2532);
#1689=LINE('',#10905,#2533);
#1690=LINE('',#10908,#2534);
#1691=LINE('',#10911,#2535);
#1692=LINE('',#10912,#2536);
#1693=LINE('',#10914,#2537);
#1694=LINE('',#10917,#2538);
#1695=LINE('',#10919,#2539);
#1696=LINE('',#10920,#2540);
#1697=LINE('',#10923,#2541);
#1698=LINE('',#10925,#2542);
#1699=LINE('',#10926,#2543);
#1700=LINE('',#10928,#2544);
#1701=LINE('',#10930,#2545);
#1702=LINE('',#10932,#2546);
#1703=LINE('',#10934,#2547);
#1704=LINE('',#10935,#2548);
#1705=LINE('',#10940,#2549);
#1706=LINE('',#10946,#2550);
#1707=LINE('',#10952,#2551);
#1708=LINE('',#10958,#2552);
#1709=LINE('',#10964,#2553);
#1710=LINE('',#10970,#2554);
#1711=LINE('',#10976,#2555);
#1712=LINE('',#10982,#2556);
#1713=LINE('',#10988,#2557);
#1714=LINE('',#10994,#2558);
#1715=LINE('',#11000,#2559);
#1716=LINE('',#11006,#2560);
#1717=LINE('',#11012,#2561);
#1718=LINE('',#11018,#2562);
#1719=LINE('',#11024,#2563);
#1720=LINE('',#11030,#2564);
#1721=LINE('',#11036,#2565);
#1722=LINE('',#11042,#2566);
#1723=LINE('',#11048,#2567);
#1724=LINE('',#11054,#2568);
#1725=LINE('',#11060,#2569);
#1726=LINE('',#11065,#2570);
#1727=LINE('',#11067,#2571);
#1728=LINE('',#11069,#2572);
#1729=LINE('',#11070,#2573);
#1730=LINE('',#11074,#2574);
#1731=LINE('',#11076,#2575);
#1732=LINE('',#11078,#2576);
#1733=LINE('',#11079,#2577);
#1734=LINE('',#11081,#2578);
#1735=LINE('',#11082,#2579);
#1736=LINE('',#11084,#2580);
#1737=LINE('',#11085,#2581);
#1738=LINE('',#11089,#2582);
#1739=LINE('',#11091,#2583);
#1740=LINE('',#11093,#2584);
#1741=LINE('',#11094,#2585);
#1742=LINE('',#11096,#2586);
#1743=LINE('',#11097,#2587);
#1744=LINE('',#11099,#2588);
#1745=LINE('',#11101,#2589);
#1746=LINE('',#11106,#2590);
#1747=LINE('',#11107,#2591);
#1748=LINE('',#11108,#2592);
#1749=LINE('',#11111,#2593);
#1750=LINE('',#11112,#2594);
#1751=LINE('',#11115,#2595);
#1752=LINE('',#11116,#2596);
#1753=LINE('',#11118,#2597);
#1754=LINE('',#11125,#2598);
#1755=LINE('',#11130,#2599);
#1756=LINE('',#11132,#2600);
#1757=LINE('',#11134,#2601);
#1758=LINE('',#11135,#2602);
#1759=LINE('',#11141,#2603);
#1760=LINE('',#11145,#2604);
#1761=LINE('',#11149,#2605);
#1762=LINE('',#11152,#2606);
#1763=LINE('',#11156,#2607);
#1764=LINE('',#11157,#2608);
#1765=LINE('',#11158,#2609);
#1766=LINE('',#11161,#2610);
#1767=LINE('',#11162,#2611);
#1768=LINE('',#11165,#2612);
#1769=LINE('',#11166,#2613);
#1770=LINE('',#11168,#2614);
#1771=LINE('',#11172,#2615);
#1772=LINE('',#11173,#2616);
#1773=LINE('',#11175,#2617);
#1774=LINE('',#11176,#2618);
#1775=LINE('',#11181,#2619);
#1776=LINE('',#11182,#2620);
#1777=LINE('',#11185,#2621);
#1778=LINE('',#11187,#2622);
#1779=LINE('',#11188,#2623);
#1780=LINE('',#11192,#2624);
#1781=LINE('',#11195,#2625);
#1782=LINE('',#11197,#2626);
#1783=LINE('',#11198,#2627);
#1784=LINE('',#11203,#2628);
#1785=LINE('',#11204,#2629);
#1786=LINE('',#11207,#2630);
#1787=LINE('',#11209,#2631);
#1788=LINE('',#11210,#2632);
#1789=LINE('',#11219,#2633);
#1790=LINE('',#11221,#2634);
#1791=LINE('',#11223,#2635);
#1792=LINE('',#11224,#2636);
#1793=LINE('',#11227,#2637);
#1794=LINE('',#11229,#2638);
#1795=LINE('',#11230,#2639);
#1796=LINE('',#11233,#2640);
#1797=LINE('',#11235,#2641);
#1798=LINE('',#11236,#2642);
#1799=LINE('',#11239,#2643);
#1800=LINE('',#11241,#2644);
#1801=LINE('',#11242,#2645);
#1802=LINE('',#11245,#2646);
#1803=LINE('',#11247,#2647);
#1804=LINE('',#11248,#2648);
#1805=LINE('',#11250,#2649);
#1806=LINE('',#11251,#2650);
#1807=LINE('',#11256,#2651);
#1808=LINE('',#11258,#2652);
#1809=LINE('',#11260,#2653);
#1810=LINE('',#11261,#2654);
#1811=LINE('',#11264,#2655);
#1812=LINE('',#11266,#2656);
#1813=LINE('',#11267,#2657);
#1814=LINE('',#11270,#2658);
#1815=LINE('',#11272,#2659);
#1816=LINE('',#11273,#2660);
#1817=LINE('',#11276,#2661);
#1818=LINE('',#11278,#2662);
#1819=LINE('',#11279,#2663);
#1820=LINE('',#11282,#2664);
#1821=LINE('',#11284,#2665);
#1822=LINE('',#11285,#2666);
#1823=LINE('',#11287,#2667);
#1824=LINE('',#11288,#2668);
#1825=LINE('',#11293,#2669);
#1826=LINE('',#11295,#2670);
#1827=LINE('',#11297,#2671);
#1828=LINE('',#11298,#2672);
#1829=LINE('',#11301,#2673);
#1830=LINE('',#11303,#2674);
#1831=LINE('',#11304,#2675);
#1832=LINE('',#11310,#2676);
#1833=LINE('',#11312,#2677);
#1834=LINE('',#11316,#2678);
#1835=LINE('',#11320,#2679);
#1836=LINE('',#11323,#2680);
#1837=LINE('',#11326,#2681);
#1838=LINE('',#11328,#2682);
#1839=LINE('',#11330,#2683);
#1840=LINE('',#11332,#2684);
#1841=LINE('',#11334,#2685);
#1842=LINE('',#11336,#2686);
#1843=LINE('',#11338,#2687);
#1844=LINE('',#11340,#2688);
#1845=LINE('',#11341,#2689);
#1846=LINE('',#11344,#2690);
#1847=LINE('',#11346,#2691);
#1848=LINE('',#11348,#2692);
#1849=LINE('',#11349,#2693);
#1850=LINE('',#11352,#2694);
#1851=LINE('',#11354,#2695);
#1852=LINE('',#11356,#2696);
#1853=LINE('',#11357,#2697);
#1854=LINE('',#11360,#2698);
#1855=LINE('',#11362,#2699);
#1856=LINE('',#11364,#2700);
#1857=LINE('',#11365,#2701);
#1858=LINE('',#11367,#2702);
#1859=LINE('',#11368,#2703);
#1860=LINE('',#11371,#2704);
#1861=LINE('',#11373,#2705);
#1862=LINE('',#11375,#2706);
#1863=LINE('',#11376,#2707);
#1864=LINE('',#11379,#2708);
#1865=LINE('',#11381,#2709);
#1866=LINE('',#11382,#2710);
#1867=LINE('',#11385,#2711);
#1868=LINE('',#11386,#2712);
#1869=LINE('',#11389,#2713);
#1870=LINE('',#11390,#2714);
#1871=LINE('',#11392,#2715);
#1872=LINE('',#11396,#2716);
#1873=LINE('',#11398,#2717);
#1874=LINE('',#11400,#2718);
#1875=LINE('',#11401,#2719);
#1876=LINE('',#11406,#2720);
#1877=LINE('',#11412,#2721);
#1878=LINE('',#11486,#2722);
#1879=LINE('',#11487,#2723);
#1880=LINE('',#11536,#2724);
#1881=LINE('',#11538,#2725);
#1882=LINE('',#11539,#2726);
#1883=LINE('',#11545,#2727);
#1884=LINE('',#11548,#2728);
#1885=LINE('',#11551,#2729);
#1886=LINE('',#11554,#2730);
#1887=LINE('',#11675,#2731);
#1888=LINE('',#11678,#2732);
#1889=LINE('',#11680,#2733);
#1890=LINE('',#11682,#2734);
#1891=LINE('',#11683,#2735);
#1892=LINE('',#11686,#2736);
#1893=LINE('',#11689,#2737);
#1894=LINE('',#11692,#2738);
#1895=LINE('',#11694,#2739);
#1896=LINE('',#11696,#2740);
#1897=LINE('',#11697,#2741);
#1898=LINE('',#11700,#2742);
#1899=LINE('',#11702,#2743);
#1900=LINE('',#11704,#2744);
#1901=LINE('',#11705,#2745);
#1902=LINE('',#11707,#2746);
#1903=LINE('',#11710,#2747);
#1904=LINE('',#11711,#2748);
#1905=LINE('',#11713,#2749);
#1906=LINE('',#11714,#2750);
#1907=LINE('',#11717,#2751);
#1908=LINE('',#11718,#2752);
#1909=LINE('',#11722,#2753);
#1910=LINE('',#11724,#2754);
#1911=LINE('',#11726,#2755);
#1912=LINE('',#11727,#2756);
#1913=LINE('',#11730,#2757);
#1914=LINE('',#11732,#2758);
#1915=LINE('',#11733,#2759);
#1916=LINE('',#11735,#2760);
#1917=LINE('',#11737,#2761);
#1918=LINE('',#11738,#2762);
#1919=LINE('',#11741,#2763);
#1920=LINE('',#11743,#2764);
#1921=LINE('',#11745,#2765);
#1922=LINE('',#11747,#2766);
#1923=LINE('',#11749,#2767);
#1924=LINE('',#11750,#2768);
#1925=LINE('',#11752,#2769);
#1926=LINE('',#11753,#2770);
#1927=LINE('',#11759,#2771);
#1928=LINE('',#11760,#2772);
#1929=LINE('',#11761,#2773);
#1930=LINE('',#11766,#2774);
#1931=LINE('',#11767,#2775);
#1932=LINE('',#11770,#2776);
#1933=LINE('',#11772,#2777);
#1934=LINE('',#11773,#2778);
#1935=LINE('',#11775,#2779);
#1936=LINE('',#11779,#2780);
#1937=LINE('',#11780,#2781);
#1938=LINE('',#11786,#2782);
#1939=LINE('',#11788,#2783);
#1940=LINE('',#11790,#2784);
#1941=LINE('',#11791,#2785);
#1942=LINE('',#11795,#2786);
#1943=LINE('',#11797,#2787);
#1944=LINE('',#11799,#2788);
#1945=LINE('',#11800,#2789);
#1946=LINE('',#11802,#2790);
#1947=LINE('',#11803,#2791);
#1948=LINE('',#11807,#2792);
#1949=LINE('',#11809,#2793);
#1950=LINE('',#11811,#2794);
#1951=LINE('',#11812,#2795);
#1952=LINE('',#11815,#2796);
#1953=LINE('',#11817,#2797);
#1954=LINE('',#11818,#2798);
#1955=LINE('',#11821,#2799);
#1956=LINE('',#11823,#2800);
#1957=LINE('',#11824,#2801);
#1958=LINE('',#11829,#2802);
#1959=LINE('',#11832,#2803);
#1960=LINE('',#11834,#2804);
#1961=LINE('',#11839,#2805);
#1962=LINE('',#11844,#2806);
#1963=LINE('',#11846,#2807);
#1964=LINE('',#11848,#2808);
#1965=LINE('',#11849,#2809);
#1966=LINE('',#11850,#2810);
#1967=LINE('',#11853,#2811);
#1968=LINE('',#11855,#2812);
#1969=LINE('',#11856,#2813);
#1970=LINE('',#11859,#2814);
#1971=LINE('',#11860,#2815);
#1972=LINE('',#11862,#2816);
#1973=LINE('',#11864,#2817);
#1974=LINE('',#11865,#2818);
#1975=LINE('',#11870,#2819);
#1976=LINE('',#11876,#2820);
#1977=LINE('',#11881,#2821);
#1978=LINE('',#11882,#2822);
#1979=LINE('',#11883,#2823);
#1980=LINE('',#11886,#2824);
#1981=LINE('',#11887,#2825);
#1982=LINE('',#11889,#2826);
#1983=LINE('',#11891,#2827);
#1984=LINE('',#11892,#2828);
#1985=LINE('',#11893,#2829);
#1986=LINE('',#11895,#2830);
#1987=LINE('',#11897,#2831);
#1988=LINE('',#11898,#2832);
#1989=LINE('',#11900,#2833);
#1990=LINE('',#11902,#2834);
#1991=LINE('',#11903,#2835);
#1992=LINE('',#11908,#2836);
#1993=LINE('',#11912,#2837);
#1994=LINE('',#11913,#2838);
#1995=LINE('',#11915,#2839);
#1996=LINE('',#11919,#2840);
#1997=LINE('',#11921,#2841);
#1998=LINE('',#11923,#2842);
#1999=LINE('',#11924,#2843);
#2000=LINE('',#11927,#2844);
#2001=LINE('',#11929,#2845);
#2002=LINE('',#11930,#2846);
#2003=LINE('',#11933,#2847);
#2004=LINE('',#11934,#2848);
#2005=LINE('',#11937,#2849);
#2006=LINE('',#11938,#2850);
#2007=LINE('',#11940,#2851);
#2008=LINE('',#11943,#2852);
#2009=LINE('',#11944,#2853);
#2010=LINE('',#11945,#2854);
#2011=LINE('',#11948,#2855);
#2012=LINE('',#11951,#2856);
#2013=LINE('',#11954,#2857);
#2014=LINE('',#11955,#2858);
#2015=LINE('',#11958,#2859);
#2016=LINE('',#11962,#2860);
#2017=LINE('',#11963,#2861);
#2018=LINE('',#11966,#2862);
#2019=LINE('',#11970,#2863);
#2020=LINE('',#11971,#2864);
#2021=LINE('',#11974,#2865);
#2022=LINE('',#11977,#2866);
#2023=LINE('',#11980,#2867);
#2024=LINE('',#11981,#2868);
#2025=LINE('',#11983,#2869);
#2026=LINE('',#11984,#2870);
#2027=LINE('',#11986,#2871);
#2028=LINE('',#11989,#2872);
#2029=LINE('',#11990,#2873);
#2030=LINE('',#11992,#2874);
#2031=LINE('',#11993,#2875);
#2032=LINE('',#11994,#2876);
#2033=LINE('',#11997,#2877);
#2034=LINE('',#11998,#2878);
#2035=LINE('',#12000,#2879);
#2036=LINE('',#12001,#2880);
#2037=LINE('',#12003,#2881);
#2038=LINE('',#12005,#2882);
#2039=LINE('',#12006,#2883);
#2040=LINE('',#12009,#2884);
#2041=LINE('',#12013,#2885);
#2042=LINE('',#12014,#2886);
#2043=LINE('',#12015,#2887);
#2044=LINE('',#12018,#2888);
#2045=LINE('',#12021,#2889);
#2046=LINE('',#12023,#2890);
#2047=LINE('',#12026,#2891);
#2048=LINE('',#12032,#2892);
#2049=LINE('',#12033,#2893);
#2050=LINE('',#12034,#2894);
#2051=LINE('',#12037,#2895);
#2052=LINE('',#12038,#2896);
#2053=LINE('',#12041,#2897);
#2054=LINE('',#12042,#2898);
#2055=LINE('',#12044,#2899);
#2056=LINE('',#12048,#2900);
#2057=LINE('',#12049,#2901);
#2058=LINE('',#12050,#2902);
#2059=LINE('',#12053,#2903);
#2060=LINE('',#12054,#2904);
#2061=LINE('',#12057,#2905);
#2062=LINE('',#12058,#2906);
#2063=LINE('',#12060,#2907);
#2064=LINE('',#12062,#2908);
#2065=LINE('',#12064,#2909);
#2066=LINE('',#12074,#2910);
#2067=LINE('',#12076,#2911);
#2068=LINE('',#12078,#2912);
#2069=LINE('',#12079,#2913);
#2070=LINE('',#12141,#2914);
#2071=LINE('',#12144,#2915);
#2072=LINE('',#12173,#2916);
#2073=LINE('',#12175,#2917);
#2074=LINE('',#12176,#2918);
#2075=LINE('',#12202,#2919);
#2076=LINE('',#12228,#2920);
#2077=LINE('',#12233,#2921);
#2078=LINE('',#12234,#2922);
#2079=LINE('',#12235,#2923);
#2080=LINE('',#12238,#2924);
#2081=LINE('',#12240,#2925);
#2082=LINE('',#12242,#2926);
#2083=LINE('',#12244,#2927);
#2084=LINE('',#12246,#2928);
#2085=LINE('',#12247,#2929);
#2086=LINE('',#12250,#2930);
#2087=LINE('',#12251,#2931);
#2088=LINE('',#12254,#2932);
#2089=LINE('',#12255,#2933);
#2090=LINE('',#12257,#2934);
#2091=LINE('',#12258,#2935);
#2092=LINE('',#12261,#2936);
#2093=LINE('',#12263,#2937);
#2094=LINE('',#12264,#2938);
#2095=LINE('',#12267,#2939);
#2096=LINE('',#12269,#2940);
#2097=LINE('',#12270,#2941);
#2098=LINE('',#12273,#2942);
#2099=LINE('',#12274,#2943);
#2100=LINE('',#12280,#2944);
#2101=LINE('',#12283,#2945);
#2102=LINE('',#12286,#2946);
#2103=LINE('',#12288,#2947);
#2104=LINE('',#12289,#2948);
#2105=LINE('',#12292,#2949);
#2106=LINE('',#12293,#2950);
#2107=LINE('',#12295,#2951);
#2108=LINE('',#12299,#2952);
#2109=LINE('',#12302,#2953);
#2110=LINE('',#12305,#2954);
#2111=LINE('',#12308,#2955);
#2112=LINE('',#12312,#2956);
#2113=LINE('',#12313,#2957);
#2114=LINE('',#12316,#2958);
#2115=LINE('',#12319,#2959);
#2116=LINE('',#12321,#2960);
#2117=LINE('',#12322,#2961);
#2118=LINE('',#12325,#2962);
#2119=LINE('',#12328,#2963);
#2120=LINE('',#12330,#2964);
#2121=LINE('',#12338,#2965);
#2122=LINE('',#12340,#2966);
#2123=LINE('',#12342,#2967);
#2124=LINE('',#12343,#2968);
#2125=LINE('',#12346,#2969);
#2126=LINE('',#12348,#2970);
#2127=LINE('',#12349,#2971);
#2128=LINE('',#12352,#2972);
#2129=LINE('',#12354,#2973);
#2130=LINE('',#12356,#2974);
#2131=LINE('',#12357,#2975);
#2132=LINE('',#12360,#2976);
#2133=LINE('',#12362,#2977);
#2134=LINE('',#12363,#2978);
#2135=LINE('',#12365,#2979);
#2136=LINE('',#12366,#2980);
#2137=LINE('',#12369,#2981);
#2138=LINE('',#12371,#2982);
#2139=LINE('',#12373,#2983);
#2140=LINE('',#12374,#2984);
#2141=LINE('',#12378,#2985);
#2142=LINE('',#12380,#2986);
#2143=LINE('',#12381,#2987);
#2144=LINE('',#12384,#2988);
#2145=LINE('',#12386,#2989);
#2146=LINE('',#12387,#2990);
#2147=LINE('',#12390,#2991);
#2148=LINE('',#12391,#2992);
#2149=LINE('',#12394,#2993);
#2150=LINE('',#12395,#2994);
#2151=LINE('',#12398,#2995);
#2152=LINE('',#12399,#2996);
#2153=LINE('',#12401,#2997);
#2154=LINE('',#12404,#2998);
#2155=LINE('',#12405,#2999);
#2156=LINE('',#12407,#3000);
#2157=LINE('',#12411,#3001);
#2158=LINE('',#12413,#3002);
#2159=LINE('',#12415,#3003);
#2160=LINE('',#12416,#3004);
#2161=LINE('',#12419,#3005);
#2162=LINE('',#12421,#3006);
#2163=LINE('',#12422,#3007);
#2164=LINE('',#12425,#3008);
#2165=LINE('',#12427,#3009);
#2166=LINE('',#12428,#3010);
#2167=LINE('',#12430,#3011);
#2168=LINE('',#12431,#3012);
#2169=LINE('',#12440,#3013);
#2170=LINE('',#12444,#3014);
#2171=LINE('',#12448,#3015);
#2172=LINE('',#12450,#3016);
#2173=LINE('',#12452,#3017);
#2174=LINE('',#12454,#3018);
#2175=LINE('',#12456,#3019);
#2176=LINE('',#12457,#3020);
#2177=LINE('',#12465,#3021);
#2178=LINE('',#12469,#3022);
#2179=LINE('',#12471,#3023);
#2180=LINE('',#12473,#3024);
#2181=LINE('',#12475,#3025);
#2182=LINE('',#12477,#3026);
#2183=LINE('',#12479,#3027);
#2184=LINE('',#12481,#3028);
#2185=LINE('',#12491,#3029);
#2186=LINE('',#12492,#3030);
#2187=LINE('',#12494,#3031);
#2188=LINE('',#12496,#3032);
#2189=LINE('',#12505,#3033);
#2190=LINE('',#12515,#3034);
#2191=LINE('',#12521,#3035);
#2192=LINE('',#12523,#3036);
#2193=LINE('',#12525,#3037);
#2194=LINE('',#12527,#3038);
#2195=LINE('',#12532,#3039);
#2196=LINE('',#12538,#3040);
#2197=LINE('',#12541,#3041);
#2198=LINE('',#12543,#3042);
#2199=LINE('',#12553,#3043);
#2200=LINE('',#12556,#3044);
#2201=LINE('',#12560,#3045);
#2202=LINE('',#12561,#3046);
#2203=LINE('',#12563,#3047);
#2204=LINE('',#12569,#3048);
#2205=LINE('',#12571,#3049);
#2206=LINE('',#12576,#3050);
#2207=LINE('',#12580,#3051);
#2208=LINE('',#12581,#3052);
#2209=LINE('',#12583,#3053);
#2210=LINE('',#12585,#3054);
#2211=LINE('',#12587,#3055);
#2212=LINE('',#12595,#3056);
#2213=LINE('',#12599,#3057);
#2214=LINE('',#12603,#3058);
#2215=LINE('',#12605,#3059);
#2216=LINE('',#12606,#3060);
#2217=LINE('',#12616,#3061);
#2218=LINE('',#12622,#3062);
#2219=LINE('',#12628,#3063);
#2220=LINE('',#12634,#3064);
#2221=LINE('',#12636,#3065);
#2222=LINE('',#12638,#3066);
#2223=LINE('',#12640,#3067);
#2224=LINE('',#12641,#3068);
#2225=LINE('',#12643,#3069);
#2226=LINE('',#12645,#3070);
#2227=LINE('',#12648,#3071);
#2228=LINE('',#12649,#3072);
#2229=LINE('',#12652,#3073);
#2230=LINE('',#12656,#3074);
#2231=LINE('',#12659,#3075);
#2232=LINE('',#12663,#3076);
#2233=VECTOR('',#8240,0.393700787401575);
#2234=VECTOR('',#8241,0.393700787401575);
#2235=VECTOR('',#8242,0.393700787401575);
#2236=VECTOR('',#8243,0.393700787401575);
#2237=VECTOR('',#8246,0.393700787401575);
#2238=VECTOR('',#8247,0.393700787401575);
#2239=VECTOR('',#8248,0.393700787401575);
#2240=VECTOR('',#8249,0.393700787401575);
#2241=VECTOR('',#8252,0.393700787401575);
#2242=VECTOR('',#8253,0.393700787401575);
#2243=VECTOR('',#8256,0.393700787401575);
#2244=VECTOR('',#8257,0.393700787401575);
#2245=VECTOR('',#8260,0.393700787401575);
#2246=VECTOR('',#8261,0.393700787401575);
#2247=VECTOR('',#8262,0.393700787401575);
#2248=VECTOR('',#8265,0.393700787401575);
#2249=VECTOR('',#8266,0.393700787401575);
#2250=VECTOR('',#8269,0.393700787401575);
#2251=VECTOR('',#8270,0.393700787401575);
#2252=VECTOR('',#8271,0.393700787401575);
#2253=VECTOR('',#8272,0.393700787401575);
#2254=VECTOR('',#8275,0.393700787401575);
#2255=VECTOR('',#8276,0.393700787401575);
#2256=VECTOR('',#8277,0.393700787401575);
#2257=VECTOR('',#8278,0.393700787401575);
#2258=VECTOR('',#8279,0.393700787401575);
#2259=VECTOR('',#8280,0.393700787401575);
#2260=VECTOR('',#8281,0.393700787401575);
#2261=VECTOR('',#8284,0.393700787401575);
#2262=VECTOR('',#8285,0.393700787401575);
#2263=VECTOR('',#8288,0.393700787401575);
#2264=VECTOR('',#8289,0.393700787401575);
#2265=VECTOR('',#8292,0.393700787401575);
#2266=VECTOR('',#8293,0.393700787401575);
#2267=VECTOR('',#8294,0.393700787401575);
#2268=VECTOR('',#8295,0.393700787401575);
#2269=VECTOR('',#8298,0.393700787401575);
#2270=VECTOR('',#8299,0.393700787401575);
#2271=VECTOR('',#8302,0.393700787401575);
#2272=VECTOR('',#8303,0.393700787401575);
#2273=VECTOR('',#8306,0.393700787401575);
#2274=VECTOR('',#8309,0.393700787401575);
#2275=VECTOR('',#8312,0.393700787401575);
#2276=VECTOR('',#8313,0.393700787401575);
#2277=VECTOR('',#8314,0.393700787401575);
#2278=VECTOR('',#8315,0.393700787401575);
#2279=VECTOR('',#8316,0.393700787401575);
#2280=VECTOR('',#8323,0.393700787401575);
#2281=VECTOR('',#8326,0.393700787401575);
#2282=VECTOR('',#8333,0.393700787401575);
#2283=VECTOR('',#8334,0.393700787401575);
#2284=VECTOR('',#8335,0.393700787401575);
#2285=VECTOR('',#8336,0.393700787401575);
#2286=VECTOR('',#8339,0.393700787401575);
#2287=VECTOR('',#8340,0.393700787401575);
#2288=VECTOR('',#8341,0.393700787401575);
#2289=VECTOR('',#8342,0.393700787401575);
#2290=VECTOR('',#8345,0.393700787401575);
#2291=VECTOR('',#8346,0.393700787401575);
#2292=VECTOR('',#8349,0.393700787401575);
#2293=VECTOR('',#8350,0.393700787401575);
#2294=VECTOR('',#8351,0.393700787401575);
#2295=VECTOR('',#8354,0.393700787401575);
#2296=VECTOR('',#8355,0.393700787401575);
#2297=VECTOR('',#8356,0.393700787401575);
#2298=VECTOR('',#8357,0.393700787401575);
#2299=VECTOR('',#8358,0.393700787401575);
#2300=VECTOR('',#8359,0.393700787401575);
#2301=VECTOR('',#8360,0.393700787401575);
#2302=VECTOR('',#8363,0.393700787401575);
#2303=VECTOR('',#8366,0.393700787401575);
#2304=VECTOR('',#8367,0.393700787401575);
#2305=VECTOR('',#8368,0.393700787401575);
#2306=VECTOR('',#8369,0.393700787401575);
#2307=VECTOR('',#8370,0.393700787401575);
#2308=VECTOR('',#8371,0.393700787401575);
#2309=VECTOR('',#8374,0.393700787401575);
#2310=VECTOR('',#8375,0.393700787401575);
#2311=VECTOR('',#8376,0.393700787401575);
#2312=VECTOR('',#8379,0.393700787401575);
#2313=VECTOR('',#8380,0.393700787401575);
#2314=VECTOR('',#8381,0.393700787401575);
#2315=VECTOR('',#8384,0.393700787401575);
#2316=VECTOR('',#8385,0.393700787401575);
#2317=VECTOR('',#8386,0.393700787401575);
#2318=VECTOR('',#8387,0.393700787401575);
#2319=VECTOR('',#8390,0.393700787401575);
#2320=VECTOR('',#8395,0.393700787401575);
#2321=VECTOR('',#8396,0.393700787401575);
#2322=VECTOR('',#8399,0.393700787401575);
#2323=VECTOR('',#8400,0.393700787401575);
#2324=VECTOR('',#8403,0.393700787401575);
#2325=VECTOR('',#8404,0.393700787401575);
#2326=VECTOR('',#8407,0.393700787401575);
#2327=VECTOR('',#8408,0.393700787401575);
#2328=VECTOR('',#8411,0.393700787401575);
#2329=VECTOR('',#8414,0.393700787401575);
#2330=VECTOR('',#8417,0.393700787401575);
#2331=VECTOR('',#8424,0.393700787401575);
#2332=VECTOR('',#8425,0.393700787401575);
#2333=VECTOR('',#8426,0.393700787401575);
#2334=VECTOR('',#8427,0.393700787401575);
#2335=VECTOR('',#8430,0.393700787401575);
#2336=VECTOR('',#8431,0.393700787401575);
#2337=VECTOR('',#8432,0.393700787401575);
#2338=VECTOR('',#8433,0.393700787401575);
#2339=VECTOR('',#8436,0.393700787401575);
#2340=VECTOR('',#8437,0.393700787401575);
#2341=VECTOR('',#8440,0.393700787401575);
#2342=VECTOR('',#8441,0.393700787401575);
#2343=VECTOR('',#8442,0.393700787401575);
#2344=VECTOR('',#8443,0.393700787401575);
#2345=VECTOR('',#8446,0.393700787401575);
#2346=VECTOR('',#8447,0.393700787401575);
#2347=VECTOR('',#8448,0.393700787401575);
#2348=VECTOR('',#8451,0.393700787401575);
#2349=VECTOR('',#8452,0.393700787401575);
#2350=VECTOR('',#8453,0.393700787401575);
#2351=VECTOR('',#8456,0.393700787401575);
#2352=VECTOR('',#8459,0.393700787401575);
#2353=VECTOR('',#8460,0.393700787401575);
#2354=VECTOR('',#8461,0.393700787401575);
#2355=VECTOR('',#8464,0.393700787401575);
#2356=VECTOR('',#8465,0.393700787401575);
#2357=VECTOR('',#8468,0.393700787401575);
#2358=VECTOR('',#8469,0.393700787401575);
#2359=VECTOR('',#8470,0.393700787401575);
#2360=VECTOR('',#8471,0.393700787401575);
#2361=VECTOR('',#8472,0.393700787401575);
#2362=VECTOR('',#8473,0.393700787401575);
#2363=VECTOR('',#8474,0.393700787401575);
#2364=VECTOR('',#8477,0.393700787401575);
#2365=VECTOR('',#8480,0.393700787401575);
#2366=VECTOR('',#8481,0.393700787401575);
#2367=VECTOR('',#8482,0.393700787401575);
#2368=VECTOR('',#8483,0.393700787401575);
#2369=VECTOR('',#8484,0.393700787401575);
#2370=VECTOR('',#8485,0.393700787401575);
#2371=VECTOR('',#8488,0.393700787401575);
#2372=VECTOR('',#8489,0.393700787401575);
#2373=VECTOR('',#8490,0.393700787401575);
#2374=VECTOR('',#8493,0.393700787401575);
#2375=VECTOR('',#8494,0.393700787401575);
#2376=VECTOR('',#8497,0.393700787401575);
#2377=VECTOR('',#8498,0.393700787401575);
#2378=VECTOR('',#8499,0.393700787401575);
#2379=VECTOR('',#8500,0.393700787401575);
#2380=VECTOR('',#8503,0.393700787401575);
#2381=VECTOR('',#8504,0.393700787401575);
#2382=VECTOR('',#8505,0.393700787401575);
#2383=VECTOR('',#8506,0.393700787401575);
#2384=VECTOR('',#8509,0.393700787401575);
#2385=VECTOR('',#8510,0.393700787401575);
#2386=VECTOR('',#8513,0.393700787401575);
#2387=VECTOR('',#8516,0.393700787401575);
#2388=VECTOR('',#8519,0.393700787401575);
#2389=VECTOR('',#8520,0.393700787401575);
#2390=VECTOR('',#8521,0.393700787401575);
#2391=VECTOR('',#8524,0.393700787401575);
#2392=VECTOR('',#8525,0.393700787401575);
#2393=VECTOR('',#8526,0.393700787401575);
#2394=VECTOR('',#8527,0.393700787401575);
#2395=VECTOR('',#8530,0.393700787401575);
#2396=VECTOR('',#8531,0.393700787401575);
#2397=VECTOR('',#8532,0.393700787401575);
#2398=VECTOR('',#8533,0.393700787401575);
#2399=VECTOR('',#8536,0.393700787401575);
#2400=VECTOR('',#8539,0.393700787401575);
#2401=VECTOR('',#8540,0.393700787401575);
#2402=VECTOR('',#8543,0.393700787401575);
#2403=VECTOR('',#8548,0.393700787401575);
#2404=VECTOR('',#8555,0.393700787401575);
#2405=VECTOR('',#8556,0.393700787401575);
#2406=VECTOR('',#8557,0.393700787401575);
#2407=VECTOR('',#8566,0.393700787401575);
#2408=VECTOR('',#8569,0.393700787401575);
#2409=VECTOR('',#8572,0.393700787401575);
#2410=VECTOR('',#8575,0.393700787401575);
#2411=VECTOR('',#8576,0.393700787401575);
#2412=VECTOR('',#8577,0.393700787401575);
#2413=VECTOR('',#8578,0.393700787401575);
#2414=VECTOR('',#8579,0.393700787401575);
#2415=VECTOR('',#8580,0.393700787401575);
#2416=VECTOR('',#8581,0.393700787401575);
#2417=VECTOR('',#8582,0.393700787401575);
#2418=VECTOR('',#8583,0.393700787401575);
#2419=VECTOR('',#8584,0.393700787401575);
#2420=VECTOR('',#8585,0.393700787401575);
#2421=VECTOR('',#8586,0.393700787401575);
#2422=VECTOR('',#8587,0.393700787401575);
#2423=VECTOR('',#8590,0.393700787401575);
#2424=VECTOR('',#8591,0.393700787401575);
#2425=VECTOR('',#8592,0.393700787401575);
#2426=VECTOR('',#8595,0.393700787401575);
#2427=VECTOR('',#8596,0.393700787401575);
#2428=VECTOR('',#8597,0.393700787401575);
#2429=VECTOR('',#8600,0.393700787401575);
#2430=VECTOR('',#8601,0.393700787401575);
#2431=VECTOR('',#8602,0.393700787401575);
#2432=VECTOR('',#8605,0.393700787401575);
#2433=VECTOR('',#8606,0.393700787401575);
#2434=VECTOR('',#8609,0.393700787401575);
#2435=VECTOR('',#8610,0.393700787401575);
#2436=VECTOR('',#8613,0.393700787401575);
#2437=VECTOR('',#8616,0.393700787401575);
#2438=VECTOR('',#8617,0.393700787401575);
#2439=VECTOR('',#8618,0.393700787401575);
#2440=VECTOR('',#8621,0.393700787401575);
#2441=VECTOR('',#8622,0.393700787401575);
#2442=VECTOR('',#8625,0.393700787401575);
#2443=VECTOR('',#8626,0.393700787401575);
#2444=VECTOR('',#8627,0.393700787401575);
#2445=VECTOR('',#8630,0.393700787401575);
#2446=VECTOR('',#8631,0.393700787401575);
#2447=VECTOR('',#8634,0.393700787401575);
#2448=VECTOR('',#8635,0.393700787401575);
#2449=VECTOR('',#8638,0.393700787401575);
#2450=VECTOR('',#8643,0.393700787401575);
#2451=VECTOR('',#8646,0.393700787401575);
#2452=VECTOR('',#8651,0.393700787401575);
#2453=VECTOR('',#8652,0.393700787401575);
#2454=VECTOR('',#8657,0.393700787401575);
#2455=VECTOR('',#8662,0.393700787401575);
#2456=VECTOR('',#8665,0.393700787401575);
#2457=VECTOR('',#8668,0.393700787401575);
#2458=VECTOR('',#8671,0.393700787401575);
#2459=VECTOR('',#8680,0.13);
#2460=VECTOR('',#8685,0.393700787401575);
#2461=VECTOR('',#8686,0.393700787401575);
#2462=VECTOR('',#8687,0.393700787401575);
#2463=VECTOR('',#8688,0.393700787401575);
#2464=VECTOR('',#8691,0.393700787401575);
#2465=VECTOR('',#8692,0.393700787401575);
#2466=VECTOR('',#8693,0.393700787401575);
#2467=VECTOR('',#8696,0.393700787401575);
#2468=VECTOR('',#8697,0.393700787401575);
#2469=VECTOR('',#8698,0.393700787401575);
#2470=VECTOR('',#8701,0.393700787401575);
#2471=VECTOR('',#8704,0.393700787401575);
#2472=VECTOR('',#8707,0.393700787401575);
#2473=VECTOR('',#8708,0.393700787401575);
#2474=VECTOR('',#8709,0.393700787401575);
#2475=VECTOR('',#8710,0.393700787401575);
#2476=VECTOR('',#8713,0.393700787401575);
#2477=VECTOR('',#8714,0.393700787401575);
#2478=VECTOR('',#8715,0.393700787401575);
#2479=VECTOR('',#8718,0.393700787401575);
#2480=VECTOR('',#8719,0.393700787401575);
#2481=VECTOR('',#8720,0.393700787401575);
#2482=VECTOR('',#8723,0.393700787401575);
#2483=VECTOR('',#8724,0.393700787401575);
#2484=VECTOR('',#8731,0.393700787401575);
#2485=VECTOR('',#8732,0.393700787401575);
#2486=VECTOR('',#8733,0.393700787401575);
#2487=VECTOR('',#8734,0.393700787401575);
#2488=VECTOR('',#8737,0.393700787401575);
#2489=VECTOR('',#8738,0.393700787401575);
#2490=VECTOR('',#8739,0.393700787401575);
#2491=VECTOR('',#8742,0.393700787401575);
#2492=VECTOR('',#8743,0.393700787401575);
#2493=VECTOR('',#8744,0.393700787401575);
#2494=VECTOR('',#8747,0.393700787401575);
#2495=VECTOR('',#8748,0.393700787401575);
#2496=VECTOR('',#8751,0.393700787401575);
#2497=VECTOR('',#8752,0.393700787401575);
#2498=VECTOR('',#8753,0.393700787401575);
#2499=VECTOR('',#8754,0.393700787401575);
#2500=VECTOR('',#8757,0.393700787401575);
#2501=VECTOR('',#8758,0.393700787401575);
#2502=VECTOR('',#8759,0.393700787401575);
#2503=VECTOR('',#8762,0.393700787401575);
#2504=VECTOR('',#8763,0.393700787401575);
#2505=VECTOR('',#8764,0.393700787401575);
#2506=VECTOR('',#8767,0.393700787401575);
#2507=VECTOR('',#8768,0.393700787401575);
#2508=VECTOR('',#8769,0.393700787401575);
#2509=VECTOR('',#8772,0.393700787401575);
#2510=VECTOR('',#8773,0.393700787401575);
#2511=VECTOR('',#8774,0.393700787401575);
#2512=VECTOR('',#8777,0.393700787401575);
#2513=VECTOR('',#8778,0.393700787401575);
#2514=VECTOR('',#8779,0.393700787401575);
#2515=VECTOR('',#8782,0.393700787401575);
#2516=VECTOR('',#8783,0.393700787401575);
#2517=VECTOR('',#8784,0.393700787401575);
#2518=VECTOR('',#8787,0.393700787401575);
#2519=VECTOR('',#8788,0.393700787401575);
#2520=VECTOR('',#8789,0.393700787401575);
#2521=VECTOR('',#8790,0.393700787401575);
#2522=VECTOR('',#8801,0.393700787401575);
#2523=VECTOR('',#8804,0.393700787401575);
#2524=VECTOR('',#8807,0.393700787401575);
#2525=VECTOR('',#8810,0.393700787401575);
#2526=VECTOR('',#8813,0.393700787401575);
#2527=VECTOR('',#8814,0.393700787401575);
#2528=VECTOR('',#8815,0.393700787401575);
#2529=VECTOR('',#8816,0.393700787401575);
#2530=VECTOR('',#8819,0.393700787401575);
#2531=VECTOR('',#8820,0.393700787401575);
#2532=VECTOR('',#8825,0.393700787401575);
#2533=VECTOR('',#8828,0.393700787401575);
#2534=VECTOR('',#8831,0.393700787401575);
#2535=VECTOR('',#8834,0.393700787401575);
#2536=VECTOR('',#8835,0.393700787401575);
#2537=VECTOR('',#8838,0.393700787401575);
#2538=VECTOR('',#8841,0.393700787401575);
#2539=VECTOR('',#8842,0.393700787401575);
#2540=VECTOR('',#8843,0.393700787401575);
#2541=VECTOR('',#8846,0.393700787401575);
#2542=VECTOR('',#8847,0.393700787401575);
#2543=VECTOR('',#8848,0.393700787401575);
#2544=VECTOR('',#8849,0.393700787401575);
#2545=VECTOR('',#8850,0.393700787401575);
#2546=VECTOR('',#8851,0.393700787401575);
#2547=VECTOR('',#8852,0.393700787401575);
#2548=VECTOR('',#8853,0.393700787401575);
#2549=VECTOR('',#8858,0.2);
#2550=VECTOR('',#8865,0.2);
#2551=VECTOR('',#8872,0.2);
#2552=VECTOR('',#8879,0.2);
#2553=VECTOR('',#8886,0.2);
#2554=VECTOR('',#8893,0.2);
#2555=VECTOR('',#8900,0.2);
#2556=VECTOR('',#8907,0.2);
#2557=VECTOR('',#8914,0.2);
#2558=VECTOR('',#8921,0.2);
#2559=VECTOR('',#8928,0.2);
#2560=VECTOR('',#8935,0.2);
#2561=VECTOR('',#8942,0.2);
#2562=VECTOR('',#8949,0.2);
#2563=VECTOR('',#8956,0.2);
#2564=VECTOR('',#8963,0.2);
#2565=VECTOR('',#8970,0.2);
#2566=VECTOR('',#8977,0.2);
#2567=VECTOR('',#8984,0.2);
#2568=VECTOR('',#8991,0.2);
#2569=VECTOR('',#8998,0.2);
#2570=VECTOR('',#9003,0.393700787401575);
#2571=VECTOR('',#9004,0.393700787401575);
#2572=VECTOR('',#9005,0.393700787401575);
#2573=VECTOR('',#9006,0.393700787401575);
#2574=VECTOR('',#9009,0.393700787401575);
#2575=VECTOR('',#9010,0.393700787401575);
#2576=VECTOR('',#9011,0.393700787401575);
#2577=VECTOR('',#9012,0.393700787401575);
#2578=VECTOR('',#9015,0.393700787401575);
#2579=VECTOR('',#9016,0.393700787401575);
#2580=VECTOR('',#9019,0.393700787401575);
#2581=VECTOR('',#9020,0.393700787401575);
#2582=VECTOR('',#9023,0.393700787401575);
#2583=VECTOR('',#9024,0.393700787401575);
#2584=VECTOR('',#9025,0.393700787401575);
#2585=VECTOR('',#9026,0.393700787401575);
#2586=VECTOR('',#9029,0.393700787401575);
#2587=VECTOR('',#9030,0.393700787401575);
#2588=VECTOR('',#9033,0.393700787401575);
#2589=VECTOR('',#9036,0.393700787401575);
#2590=VECTOR('',#9041,0.393700787401575);
#2591=VECTOR('',#9042,0.393700787401575);
#2592=VECTOR('',#9043,0.393700787401575);
#2593=VECTOR('',#9046,0.393700787401575);
#2594=VECTOR('',#9047,0.393700787401575);
#2595=VECTOR('',#9050,0.393700787401575);
#2596=VECTOR('',#9051,0.393700787401575);
#2597=VECTOR('',#9054,0.393700787401575);
#2598=VECTOR('',#9063,0.0984249999999998);
#2599=VECTOR('',#9068,0.393700787401575);
#2600=VECTOR('',#9069,0.393700787401575);
#2601=VECTOR('',#9070,0.393700787401575);
#2602=VECTOR('',#9071,0.393700787401575);
#2603=VECTOR('',#9076,0.393700787401575);
#2604=VECTOR('',#9079,0.393700787401575);
#2605=VECTOR('',#9082,0.393700787401575);
#2606=VECTOR('',#9085,0.393700787401575);
#2607=VECTOR('',#9088,0.393700787401575);
#2608=VECTOR('',#9089,0.393700787401575);
#2609=VECTOR('',#9090,0.393700787401575);
#2610=VECTOR('',#9093,0.393700787401575);
#2611=VECTOR('',#9094,0.393700787401575);
#2612=VECTOR('',#9097,0.393700787401575);
#2613=VECTOR('',#9098,0.393700787401575);
#2614=VECTOR('',#9101,0.393700787401575);
#2615=VECTOR('',#9104,0.393700787401575);
#2616=VECTOR('',#9105,0.393700787401575);
#2617=VECTOR('',#9106,0.393700787401575);
#2618=VECTOR('',#9107,0.393700787401575);
#2619=VECTOR('',#9112,0.393700787401575);
#2620=VECTOR('',#9113,0.393700787401575);
#2621=VECTOR('',#9116,0.393700787401575);
#2622=VECTOR('',#9117,0.393700787401575);
#2623=VECTOR('',#9118,0.393700787401575);
#2624=VECTOR('',#9123,0.393700787401575);
#2625=VECTOR('',#9126,0.393700787401575);
#2626=VECTOR('',#9127,0.393700787401575);
#2627=VECTOR('',#9128,0.393700787401575);
#2628=VECTOR('',#9133,0.393700787401575);
#2629=VECTOR('',#9134,0.393700787401575);
#2630=VECTOR('',#9137,0.393700787401575);
#2631=VECTOR('',#9138,0.393700787401575);
#2632=VECTOR('',#9139,0.393700787401575);
#2633=VECTOR('',#9152,0.393700787401575);
#2634=VECTOR('',#9153,0.393700787401575);
#2635=VECTOR('',#9154,0.393700787401575);
#2636=VECTOR('',#9155,0.393700787401575);
#2637=VECTOR('',#9158,0.393700787401575);
#2638=VECTOR('',#9159,0.393700787401575);
#2639=VECTOR('',#9160,0.393700787401575);
#2640=VECTOR('',#9163,0.393700787401575);
#2641=VECTOR('',#9164,0.393700787401575);
#2642=VECTOR('',#9165,0.393700787401575);
#2643=VECTOR('',#9168,0.393700787401575);
#2644=VECTOR('',#9169,0.393700787401575);
#2645=VECTOR('',#9170,0.393700787401575);
#2646=VECTOR('',#9173,0.393700787401575);
#2647=VECTOR('',#9174,0.393700787401575);
#2648=VECTOR('',#9175,0.393700787401575);
#2649=VECTOR('',#9178,0.393700787401575);
#2650=VECTOR('',#9179,0.393700787401575);
#2651=VECTOR('',#9184,0.393700787401575);
#2652=VECTOR('',#9185,0.393700787401575);
#2653=VECTOR('',#9186,0.393700787401575);
#2654=VECTOR('',#9187,0.393700787401575);
#2655=VECTOR('',#9190,0.393700787401575);
#2656=VECTOR('',#9191,0.393700787401575);
#2657=VECTOR('',#9192,0.393700787401575);
#2658=VECTOR('',#9195,0.393700787401575);
#2659=VECTOR('',#9196,0.393700787401575);
#2660=VECTOR('',#9197,0.393700787401575);
#2661=VECTOR('',#9200,0.393700787401575);
#2662=VECTOR('',#9201,0.393700787401575);
#2663=VECTOR('',#9202,0.393700787401575);
#2664=VECTOR('',#9205,0.393700787401575);
#2665=VECTOR('',#9206,0.393700787401575);
#2666=VECTOR('',#9207,0.393700787401575);
#2667=VECTOR('',#9210,0.393700787401575);
#2668=VECTOR('',#9211,0.393700787401575);
#2669=VECTOR('',#9216,0.393700787401575);
#2670=VECTOR('',#9217,0.393700787401575);
#2671=VECTOR('',#9218,0.393700787401575);
#2672=VECTOR('',#9219,0.393700787401575);
#2673=VECTOR('',#9222,0.393700787401575);
#2674=VECTOR('',#9223,0.393700787401575);
#2675=VECTOR('',#9224,0.393700787401575);
#2676=VECTOR('',#9229,0.393700787401575);
#2677=VECTOR('',#9230,0.393700787401575);
#2678=VECTOR('',#9233,0.393700787401575);
#2679=VECTOR('',#9236,0.393700787401575);
#2680=VECTOR('',#9239,0.393700787401575);
#2681=VECTOR('',#9240,0.393700787401575);
#2682=VECTOR('',#9241,0.393700787401575);
#2683=VECTOR('',#9242,0.393700787401575);
#2684=VECTOR('',#9243,0.393700787401575);
#2685=VECTOR('',#9244,0.393700787401575);
#2686=VECTOR('',#9245,0.393700787401575);
#2687=VECTOR('',#9246,0.393700787401575);
#2688=VECTOR('',#9247,0.393700787401575);
#2689=VECTOR('',#9248,0.393700787401575);
#2690=VECTOR('',#9249,0.393700787401575);
#2691=VECTOR('',#9250,0.393700787401575);
#2692=VECTOR('',#9251,0.393700787401575);
#2693=VECTOR('',#9252,0.393700787401575);
#2694=VECTOR('',#9253,0.393700787401575);
#2695=VECTOR('',#9254,0.393700787401575);
#2696=VECTOR('',#9255,0.393700787401575);
#2697=VECTOR('',#9256,0.393700787401575);
#2698=VECTOR('',#9257,0.393700787401575);
#2699=VECTOR('',#9258,0.393700787401575);
#2700=VECTOR('',#9259,0.393700787401575);
#2701=VECTOR('',#9260,0.393700787401575);
#2702=VECTOR('',#9261,0.393700787401575);
#2703=VECTOR('',#9262,0.393700787401575);
#2704=VECTOR('',#9263,0.393700787401575);
#2705=VECTOR('',#9264,0.393700787401575);
#2706=VECTOR('',#9265,0.393700787401575);
#2707=VECTOR('',#9266,0.393700787401575);
#2708=VECTOR('',#9269,0.393700787401575);
#2709=VECTOR('',#9270,0.393700787401575);
#2710=VECTOR('',#9271,0.393700787401575);
#2711=VECTOR('',#9274,0.393700787401575);
#2712=VECTOR('',#9275,0.393700787401575);
#2713=VECTOR('',#9278,0.393700787401575);
#2714=VECTOR('',#9279,0.393700787401575);
#2715=VECTOR('',#9282,0.393700787401575);
#2716=VECTOR('',#9285,0.393700787401575);
#2717=VECTOR('',#9286,0.393700787401575);
#2718=VECTOR('',#9287,0.393700787401575);
#2719=VECTOR('',#9288,0.393700787401575);
#2720=VECTOR('',#9293,0.2);
#2721=VECTOR('',#9300,0.2);
#2722=VECTOR('',#9313,0.393700787401575);
#2723=VECTOR('',#9314,0.393700787401575);
#2724=VECTOR('',#9321,0.393700787401575);
#2725=VECTOR('',#9322,0.393700787401575);
#2726=VECTOR('',#9323,0.393700787401575);
#2727=VECTOR('',#9328,0.393700787401575);
#2728=VECTOR('',#9331,0.393700787401575);
#2729=VECTOR('',#9334,0.393700787401575);
#2730=VECTOR('',#9337,0.393700787401575);
#2731=VECTOR('',#9348,0.393700787401575);
#2732=VECTOR('',#9351,0.393700787401575);
#2733=VECTOR('',#9354,0.393700787401575);
#2734=VECTOR('',#9355,0.393700787401575);
#2735=VECTOR('',#9356,0.393700787401575);
#2736=VECTOR('',#9359,0.393700787401575);
#2737=VECTOR('',#9364,0.393700787401575);
#2738=VECTOR('',#9367,0.393700787401575);
#2739=VECTOR('',#9368,0.393700787401575);
#2740=VECTOR('',#9369,0.393700787401575);
#2741=VECTOR('',#9370,0.393700787401575);
#2742=VECTOR('',#9373,0.393700787401575);
#2743=VECTOR('',#9374,0.393700787401575);
#2744=VECTOR('',#9375,0.393700787401575);
#2745=VECTOR('',#9376,0.393700787401575);
#2746=VECTOR('',#9379,0.393700787401575);
#2747=VECTOR('',#9382,0.393700787401575);
#2748=VECTOR('',#9383,0.393700787401575);
#2749=VECTOR('',#9384,0.393700787401575);
#2750=VECTOR('',#9385,0.393700787401575);
#2751=VECTOR('',#9388,0.393700787401575);
#2752=VECTOR('',#9389,0.393700787401575);
#2753=VECTOR('',#9392,0.393700787401575);
#2754=VECTOR('',#9393,0.393700787401575);
#2755=VECTOR('',#9394,0.393700787401575);
#2756=VECTOR('',#9395,0.393700787401575);
#2757=VECTOR('',#9398,0.393700787401575);
#2758=VECTOR('',#9399,0.393700787401575);
#2759=VECTOR('',#9400,0.393700787401575);
#2760=VECTOR('',#9401,0.393700787401575);
#2761=VECTOR('',#9402,0.393700787401575);
#2762=VECTOR('',#9403,0.393700787401575);
#2763=VECTOR('',#9406,0.393700787401575);
#2764=VECTOR('',#9407,0.393700787401575);
#2765=VECTOR('',#9408,0.393700787401575);
#2766=VECTOR('',#9409,0.393700787401575);
#2767=VECTOR('',#9410,0.393700787401575);
#2768=VECTOR('',#9411,0.393700787401575);
#2769=VECTOR('',#9414,0.393700787401575);
#2770=VECTOR('',#9415,0.393700787401575);
#2771=VECTOR('',#9420,0.393700787401575);
#2772=VECTOR('',#9421,0.393700787401575);
#2773=VECTOR('',#9422,0.393700787401575);
#2774=VECTOR('',#9427,0.393700787401575);
#2775=VECTOR('',#9428,0.393700787401575);
#2776=VECTOR('',#9431,0.393700787401575);
#2777=VECTOR('',#9432,0.393700787401575);
#2778=VECTOR('',#9433,0.393700787401575);
#2779=VECTOR('',#9436,0.393700787401575);
#2780=VECTOR('',#9441,0.393700787401575);
#2781=VECTOR('',#9442,0.393700787401575);
#2782=VECTOR('',#9447,0.393700787401575);
#2783=VECTOR('',#9448,0.393700787401575);
#2784=VECTOR('',#9449,0.393700787401575);
#2785=VECTOR('',#9450,0.393700787401575);
#2786=VECTOR('',#9453,0.393700787401575);
#2787=VECTOR('',#9454,0.393700787401575);
#2788=VECTOR('',#9455,0.393700787401575);
#2789=VECTOR('',#9456,0.393700787401575);
#2790=VECTOR('',#9459,0.393700787401575);
#2791=VECTOR('',#9460,0.393700787401575);
#2792=VECTOR('',#9463,0.393700787401575);
#2793=VECTOR('',#9464,0.393700787401575);
#2794=VECTOR('',#9465,0.393700787401575);
#2795=VECTOR('',#9466,0.393700787401575);
#2796=VECTOR('',#9469,0.393700787401575);
#2797=VECTOR('',#9470,0.393700787401575);
#2798=VECTOR('',#9471,0.393700787401575);
#2799=VECTOR('',#9474,0.393700787401575);
#2800=VECTOR('',#9475,0.393700787401575);
#2801=VECTOR('',#9476,0.393700787401575);
#2802=VECTOR('',#9481,0.1035);
#2803=VECTOR('',#9486,0.1035);
#2804=VECTOR('',#9489,0.1035);
#2805=VECTOR('',#9494,0.1035);
#2806=VECTOR('',#9499,0.393700787401575);
#2807=VECTOR('',#9500,0.393700787401575);
#2808=VECTOR('',#9501,0.393700787401575);
#2809=VECTOR('',#9502,0.393700787401575);
#2810=VECTOR('',#9503,0.393700787401575);
#2811=VECTOR('',#9506,0.393700787401575);
#2812=VECTOR('',#9507,0.393700787401575);
#2813=VECTOR('',#9508,0.393700787401575);
#2814=VECTOR('',#9511,0.393700787401575);
#2815=VECTOR('',#9512,0.393700787401575);
#2816=VECTOR('',#9515,0.393700787401575);
#2817=VECTOR('',#9516,0.393700787401575);
#2818=VECTOR('',#9517,0.393700787401575);
#2819=VECTOR('',#9522,0.1035);
#2820=VECTOR('',#9529,0.1035);
#2821=VECTOR('',#9534,0.393700787401575);
#2822=VECTOR('',#9535,0.393700787401575);
#2823=VECTOR('',#9536,0.393700787401575);
#2824=VECTOR('',#9539,0.393700787401575);
#2825=VECTOR('',#9540,0.393700787401575);
#2826=VECTOR('',#9543,0.393700787401575);
#2827=VECTOR('',#9546,0.393700787401575);
#2828=VECTOR('',#9547,0.393700787401575);
#2829=VECTOR('',#9548,0.393700787401575);
#2830=VECTOR('',#9549,0.393700787401575);
#2831=VECTOR('',#9550,0.393700787401575);
#2832=VECTOR('',#9551,0.393700787401575);
#2833=VECTOR('',#9552,0.393700787401575);
#2834=VECTOR('',#9553,0.393700787401575);
#2835=VECTOR('',#9554,0.393700787401575);
#2836=VECTOR('',#9559,0.25);
#2837=VECTOR('',#9564,0.393700787401575);
#2838=VECTOR('',#9565,0.393700787401575);
#2839=VECTOR('',#9568,0.393700787401575);
#2840=VECTOR('',#9571,0.393700787401575);
#2841=VECTOR('',#9572,0.393700787401575);
#2842=VECTOR('',#9573,0.393700787401575);
#2843=VECTOR('',#9574,0.393700787401575);
#2844=VECTOR('',#9577,0.393700787401575);
#2845=VECTOR('',#9578,0.393700787401575);
#2846=VECTOR('',#9579,0.393700787401575);
#2847=VECTOR('',#9582,0.393700787401575);
#2848=VECTOR('',#9583,0.393700787401575);
#2849=VECTOR('',#9586,0.393700787401575);
#2850=VECTOR('',#9587,0.393700787401575);
#2851=VECTOR('',#9590,0.393700787401575);
#2852=VECTOR('',#9593,0.393700787401575);
#2853=VECTOR('',#9594,0.393700787401575);
#2854=VECTOR('',#9595,0.393700787401575);
#2855=VECTOR('',#9598,0.393700787401575);
#2856=VECTOR('',#9601,0.393700787401575);
#2857=VECTOR('',#9604,0.393700787401575);
#2858=VECTOR('',#9605,0.393700787401575);
#2859=VECTOR('',#9608,0.393700787401575);
#2860=VECTOR('',#9613,0.393700787401575);
#2861=VECTOR('',#9614,0.393700787401575);
#2862=VECTOR('',#9617,0.393700787401575);
#2863=VECTOR('',#9622,0.393700787401575);
#2864=VECTOR('',#9623,0.393700787401575);
#2865=VECTOR('',#9626,0.393700787401575);
#2866=VECTOR('',#9631,0.393700787401575);
#2867=VECTOR('',#9634,0.393700787401575);
#2868=VECTOR('',#9635,0.393700787401575);
#2869=VECTOR('',#9636,0.393700787401575);
#2870=VECTOR('',#9637,0.393700787401575);
#2871=VECTOR('',#9640,0.393700787401575);
#2872=VECTOR('',#9643,0.393700787401575);
#2873=VECTOR('',#9644,0.393700787401575);
#2874=VECTOR('',#9645,0.393700787401575);
#2875=VECTOR('',#9646,0.393700787401575);
#2876=VECTOR('',#9647,0.393700787401575);
#2877=VECTOR('',#9650,0.393700787401575);
#2878=VECTOR('',#9651,0.393700787401575);
#2879=VECTOR('',#9652,0.393700787401575);
#2880=VECTOR('',#9653,0.393700787401575);
#2881=VECTOR('',#9654,0.393700787401575);
#2882=VECTOR('',#9655,0.393700787401575);
#2883=VECTOR('',#9656,0.393700787401575);
#2884=VECTOR('',#9661,0.393700787401575);
#2885=VECTOR('',#9666,0.393700787401575);
#2886=VECTOR('',#9667,0.393700787401575);
#2887=VECTOR('',#9668,0.393700787401575);
#2888=VECTOR('',#9673,0.393700787401575);
#2889=VECTOR('',#9678,0.393700787401575);
#2890=VECTOR('',#9681,0.393700787401575);
#2891=VECTOR('',#9686,0.393700787401575);
#2892=VECTOR('',#9693,0.393700787401575);
#2893=VECTOR('',#9694,0.393700787401575);
#2894=VECTOR('',#9695,0.393700787401575);
#2895=VECTOR('',#9698,0.393700787401575);
#2896=VECTOR('',#9699,0.393700787401575);
#2897=VECTOR('',#9702,0.393700787401575);
#2898=VECTOR('',#9703,0.393700787401575);
#2899=VECTOR('',#9706,0.393700787401575);
#2900=VECTOR('',#9709,0.393700787401575);
#2901=VECTOR('',#9710,0.393700787401575);
#2902=VECTOR('',#9711,0.393700787401575);
#2903=VECTOR('',#9714,0.393700787401575);
#2904=VECTOR('',#9715,0.393700787401575);
#2905=VECTOR('',#9718,0.393700787401575);
#2906=VECTOR('',#9719,0.393700787401575);
#2907=VECTOR('',#9722,0.393700787401575);
#2908=VECTOR('',#9725,0.393700787401575);
#2909=VECTOR('',#9728,0.393700787401575);
#2910=VECTOR('',#9743,0.393700787401575);
#2911=VECTOR('',#9744,0.393700787401575);
#2912=VECTOR('',#9745,0.393700787401575);
#2913=VECTOR('',#9746,0.393700787401575);
#2914=VECTOR('',#9747,7.49531390313175);
#2915=VECTOR('',#9750,7.49531390313175);
#2916=VECTOR('',#9753,7.56951830703036);
#2917=VECTOR('',#9754,0.393700787401575);
#2918=VECTOR('',#9755,7.56951830703037);
#2919=VECTOR('',#9758,0.393700787401575);
#2920=VECTOR('',#9761,0.393700787401575);
#2921=VECTOR('',#9766,0.393700787401575);
#2922=VECTOR('',#9767,0.393700787401575);
#2923=VECTOR('',#9768,0.393700787401575);
#2924=VECTOR('',#9771,0.393700787401575);
#2925=VECTOR('',#9772,0.393700787401575);
#2926=VECTOR('',#9773,0.393700787401575);
#2927=VECTOR('',#9774,0.393700787401575);
#2928=VECTOR('',#9775,0.393700787401575);
#2929=VECTOR('',#9776,0.393700787401575);
#2930=VECTOR('',#9779,0.393700787401575);
#2931=VECTOR('',#9780,0.393700787401575);
#2932=VECTOR('',#9783,0.393700787401575);
#2933=VECTOR('',#9784,0.393700787401575);
#2934=VECTOR('',#9785,0.393700787401575);
#2935=VECTOR('',#9786,0.393700787401575);
#2936=VECTOR('',#9789,0.393700787401575);
#2937=VECTOR('',#9790,0.393700787401575);
#2938=VECTOR('',#9791,0.393700787401575);
#2939=VECTOR('',#9794,0.393700787401575);
#2940=VECTOR('',#9795,0.393700787401575);
#2941=VECTOR('',#9796,0.393700787401575);
#2942=VECTOR('',#9799,0.393700787401575);
#2943=VECTOR('',#9800,0.393700787401575);
#2944=VECTOR('',#9805,0.393700787401575);
#2945=VECTOR('',#9808,0.393700787401575);
#2946=VECTOR('',#9811,0.393700787401575);
#2947=VECTOR('',#9812,0.393700787401575);
#2948=VECTOR('',#9813,0.393700787401575);
#2949=VECTOR('',#9816,0.393700787401575);
#2950=VECTOR('',#9817,0.393700787401575);
#2951=VECTOR('',#9818,0.393700787401575);
#2952=VECTOR('',#9821,0.393700787401575);
#2953=VECTOR('',#9824,0.393700787401575);
#2954=VECTOR('',#9827,0.393700787401575);
#2955=VECTOR('',#9830,0.393700787401575);
#2956=VECTOR('',#9835,0.393700787401575);
#2957=VECTOR('',#9836,0.393700787401575);
#2958=VECTOR('',#9839,0.393700787401575);
#2959=VECTOR('',#9844,0.393700787401575);
#2960=VECTOR('',#9845,0.393700787401575);
#2961=VECTOR('',#9846,0.393700787401575);
#2962=VECTOR('',#9849,0.393700787401575);
#2963=VECTOR('',#9854,0.393700787401575);
#2964=VECTOR('',#9857,0.393700787401575);
#2965=VECTOR('',#9868,0.393700787401575);
#2966=VECTOR('',#9869,0.393700787401575);
#2967=VECTOR('',#9870,0.393700787401575);
#2968=VECTOR('',#9871,0.393700787401575);
#2969=VECTOR('',#9874,0.393700787401575);
#2970=VECTOR('',#9875,0.393700787401575);
#2971=VECTOR('',#9876,0.393700787401575);
#2972=VECTOR('',#9877,0.393700787401575);
#2973=VECTOR('',#9878,0.393700787401575);
#2974=VECTOR('',#9879,0.393700787401575);
#2975=VECTOR('',#9880,0.393700787401575);
#2976=VECTOR('',#9883,0.393700787401575);
#2977=VECTOR('',#9884,0.393700787401575);
#2978=VECTOR('',#9885,0.393700787401575);
#2979=VECTOR('',#9888,0.393700787401575);
#2980=VECTOR('',#9889,0.393700787401575);
#2981=VECTOR('',#9890,0.393700787401575);
#2982=VECTOR('',#9891,0.393700787401575);
#2983=VECTOR('',#9892,0.393700787401575);
#2984=VECTOR('',#9893,0.393700787401575);
#2985=VECTOR('',#9898,0.393700787401575);
#2986=VECTOR('',#9899,0.393700787401575);
#2987=VECTOR('',#9900,0.393700787401575);
#2988=VECTOR('',#9903,0.393700787401575);
#2989=VECTOR('',#9904,0.393700787401575);
#2990=VECTOR('',#9905,0.393700787401575);
#2991=VECTOR('',#9908,0.393700787401575);
#2992=VECTOR('',#9909,0.393700787401575);
#2993=VECTOR('',#9912,0.393700787401575);
#2994=VECTOR('',#9913,0.393700787401575);
#2995=VECTOR('',#9916,0.393700787401575);
#2996=VECTOR('',#9917,0.393700787401575);
#2997=VECTOR('',#9920,0.393700787401575);
#2998=VECTOR('',#9923,0.393700787401575);
#2999=VECTOR('',#9924,0.393700787401575);
#3000=VECTOR('',#9927,0.393700787401575);
#3001=VECTOR('',#9930,0.393700787401575);
#3002=VECTOR('',#9931,0.393700787401575);
#3003=VECTOR('',#9932,0.393700787401575);
#3004=VECTOR('',#9933,0.393700787401575);
#3005=VECTOR('',#9936,0.393700787401575);
#3006=VECTOR('',#9937,0.393700787401575);
#3007=VECTOR('',#9938,0.393700787401575);
#3008=VECTOR('',#9941,0.393700787401575);
#3009=VECTOR('',#9942,0.393700787401575);
#3010=VECTOR('',#9943,0.393700787401575);
#3011=VECTOR('',#9946,0.393700787401575);
#3012=VECTOR('',#9947,0.393700787401575);
#3013=VECTOR('',#9960,39.3700787401575);
#3014=VECTOR('',#9963,39.3700787401575);
#3015=VECTOR('',#9966,39.3700787401575);
#3016=VECTOR('',#9967,39.3700787401575);
#3017=VECTOR('',#9968,39.3700787401575);
#3018=VECTOR('',#9969,39.3700787401575);
#3019=VECTOR('',#9970,39.3700787401575);
#3020=VECTOR('',#9971,39.3700787401575);
#3021=VECTOR('',#9978,39.3700787401575);
#3022=VECTOR('',#9981,39.3700787401575);
#3023=VECTOR('',#9982,39.3700787401575);
#3024=VECTOR('',#9983,39.3700787401575);
#3025=VECTOR('',#9984,39.3700787401575);
#3026=VECTOR('',#9985,39.3700787401575);
#3027=VECTOR('',#9986,39.3700787401575);
#3028=VECTOR('',#9987,39.3700787401575);
#3029=VECTOR('',#10002,39.3700787401575);
#3030=VECTOR('',#10003,39.3700787401575);
#3031=VECTOR('',#10006,39.3700787401575);
#3032=VECTOR('',#10009,39.3700787401575);
#3033=VECTOR('',#10020,0.0688976377952756);
#3034=VECTOR('',#10031,0.0713029912329464);
#3035=VECTOR('',#10040,0.0713029912329464);
#3036=VECTOR('',#10043,0.0688976377952756);
#3037=VECTOR('',#10046,0.0713029912329464);
#3038=VECTOR('',#10049,0.0688976377952756);
#3039=VECTOR('',#10054,0.078740157480315);
#3040=VECTOR('',#10061,39.3700787401575);
#3041=VECTOR('',#10066,39.3700787401575);
#3042=VECTOR('',#10069,39.3700787401575);
#3043=VECTOR('',#10082,39.3700787401575);
#3044=VECTOR('',#10085,39.3700787401575);
#3045=VECTOR('',#10088,39.3700787401575);
#3046=VECTOR('',#10089,39.3700787401575);
#3047=VECTOR('',#10090,39.3700787401575);
#3048=VECTOR('',#10097,39.3700787401575);
#3049=VECTOR('',#10098,39.3700787401575);
#3050=VECTOR('',#10103,39.3700787401575);
#3051=VECTOR('',#10106,39.3700787401575);
#3052=VECTOR('',#10107,39.3700787401575);
#3053=VECTOR('',#10108,39.3700787401575);
#3054=VECTOR('',#10109,39.3700787401575);
#3055=VECTOR('',#10110,39.3700787401575);
#3056=VECTOR('',#10119,39.3700787401575);
#3057=VECTOR('',#10122,39.3700787401575);
#3058=VECTOR('',#10125,39.3700787401575);
#3059=VECTOR('',#10126,39.3700787401575);
#3060=VECTOR('',#10127,39.3700787401575);
#3061=VECTOR('',#10138,0.0713029912329464);
#3062=VECTOR('',#10145,0.0688976377952756);
#3063=VECTOR('',#10152,0.0713029912329464);
#3064=VECTOR('',#10159,0.0688976377952756);
#3065=VECTOR('',#10162,0.0713029912329464);
#3066=VECTOR('',#10165,0.0688976377952756);
#3067=VECTOR('',#10168,39.3700787401575);
#3068=VECTOR('',#10169,39.3700787401575);
#3069=VECTOR('',#10172,39.3700787401575);
#3070=VECTOR('',#10173,39.3700787401575);
#3071=VECTOR('',#10178,39.3700787401575);
#3072=VECTOR('',#10179,39.3700787401575);
#3073=VECTOR('',#10182,0.0885826771653543);
#3074=VECTOR('',#10187,39.3700787401575);
#3075=VECTOR('',#10192,39.3700787401575);
#3076=VECTOR('',#10197,0.108267716535433);
#3077=VERTEX_POINT('',#10241);
#3078=VERTEX_POINT('',#10242);
#3079=VERTEX_POINT('',#10244);
#3080=VERTEX_POINT('',#10246);
#3081=VERTEX_POINT('',#10250);
#3082=VERTEX_POINT('',#10251);
#3083=VERTEX_POINT('',#10253);
#3084=VERTEX_POINT('',#10255);
#3085=VERTEX_POINT('',#10262);
#3086=VERTEX_POINT('',#10264);
#3087=VERTEX_POINT('',#10266);
#3088=VERTEX_POINT('',#10268);
#3089=VERTEX_POINT('',#10270);
#3090=VERTEX_POINT('',#10274);
#3091=VERTEX_POINT('',#10278);
#3092=VERTEX_POINT('',#10279);
#3093=VERTEX_POINT('',#10281);
#3094=VERTEX_POINT('',#10283);
#3095=VERTEX_POINT('',#10287);
#3096=VERTEX_POINT('',#10289);
#3097=VERTEX_POINT('',#10291);
#3098=VERTEX_POINT('',#10293);
#3099=VERTEX_POINT('',#10295);
#3100=VERTEX_POINT('',#10297);
#3101=VERTEX_POINT('',#10301);
#3102=VERTEX_POINT('',#10305);
#3103=VERTEX_POINT('',#10309);
#3104=VERTEX_POINT('',#10310);
#3105=VERTEX_POINT('',#10312);
#3106=VERTEX_POINT('',#10314);
#3107=VERTEX_POINT('',#10324);
#3108=VERTEX_POINT('',#10326);
#3109=VERTEX_POINT('',#10330);
#3110=VERTEX_POINT('',#10332);
#3111=VERTEX_POINT('',#10346);
#3112=VERTEX_POINT('',#10347);
#3113=VERTEX_POINT('',#10349);
#3114=VERTEX_POINT('',#10351);
#3115=VERTEX_POINT('',#10355);
#3116=VERTEX_POINT('',#10356);
#3117=VERTEX_POINT('',#10358);
#3118=VERTEX_POINT('',#10360);
#3119=VERTEX_POINT('',#10367);
#3120=VERTEX_POINT('',#10369);
#3121=VERTEX_POINT('',#10373);
#3122=VERTEX_POINT('',#10375);
#3123=VERTEX_POINT('',#10378);
#3124=VERTEX_POINT('',#10379);
#3125=VERTEX_POINT('',#10381);
#3126=VERTEX_POINT('',#10383);
#3127=VERTEX_POINT('',#10387);
#3128=VERTEX_POINT('',#10389);
#3129=VERTEX_POINT('',#10391);
#3130=VERTEX_POINT('',#10394);
#3131=VERTEX_POINT('',#10395);
#3132=VERTEX_POINT('',#10397);
#3133=VERTEX_POINT('',#10399);
#3134=VERTEX_POINT('',#10403);
#3135=VERTEX_POINT('',#10404);
#3136=VERTEX_POINT('',#10409);
#3137=VERTEX_POINT('',#10410);
#3138=VERTEX_POINT('',#10416);
#3139=VERTEX_POINT('',#10418);
#3140=VERTEX_POINT('',#10424);
#3141=VERTEX_POINT('',#10425);
#3142=VERTEX_POINT('',#10430);
#3143=VERTEX_POINT('',#10434);
#3144=VERTEX_POINT('',#10438);
#3145=VERTEX_POINT('',#10450);
#3146=VERTEX_POINT('',#10451);
#3147=VERTEX_POINT('',#10453);
#3148=VERTEX_POINT('',#10455);
#3149=VERTEX_POINT('',#10459);
#3150=VERTEX_POINT('',#10460);
#3151=VERTEX_POINT('',#10462);
#3152=VERTEX_POINT('',#10464);
#3153=VERTEX_POINT('',#10471);
#3154=VERTEX_POINT('',#10472);
#3155=VERTEX_POINT('',#10474);
#3156=VERTEX_POINT('',#10476);
#3157=VERTEX_POINT('',#10480);
#3158=VERTEX_POINT('',#10482);
#3159=VERTEX_POINT('',#10486);
#3160=VERTEX_POINT('',#10488);
#3161=VERTEX_POINT('',#10494);
#3162=VERTEX_POINT('',#10496);
#3163=VERTEX_POINT('',#10498);
#3164=VERTEX_POINT('',#10500);
#3165=VERTEX_POINT('',#10502);
#3166=VERTEX_POINT('',#10506);
#3167=VERTEX_POINT('',#10508);
#3168=VERTEX_POINT('',#10511);
#3169=VERTEX_POINT('',#10513);
#3170=VERTEX_POINT('',#10515);
#3171=VERTEX_POINT('',#10519);
#3172=VERTEX_POINT('',#10521);
#3173=VERTEX_POINT('',#10523);
#3174=VERTEX_POINT('',#10526);
#3175=VERTEX_POINT('',#10527);
#3176=VERTEX_POINT('',#10529);
#3177=VERTEX_POINT('',#10531);
#3178=VERTEX_POINT('',#10535);
#3179=VERTEX_POINT('',#10536);
#3180=VERTEX_POINT('',#10541);
#3181=VERTEX_POINT('',#10545);
#3182=VERTEX_POINT('',#10546);
#3183=VERTEX_POINT('',#10548);
#3184=VERTEX_POINT('',#10550);
#3185=VERTEX_POINT('',#10554);
#3186=VERTEX_POINT('',#10555);
#3187=VERTEX_POINT('',#10557);
#3188=VERTEX_POINT('',#10559);
#3189=VERTEX_POINT('',#10563);
#3190=VERTEX_POINT('',#10567);
#3191=VERTEX_POINT('',#10569);
#3192=VERTEX_POINT('',#10573);
#3193=VERTEX_POINT('',#10576);
#3194=VERTEX_POINT('',#10578);
#3195=VERTEX_POINT('',#10585);
#3196=VERTEX_POINT('',#10587);
#3197=VERTEX_POINT('',#10604);
#3198=VERTEX_POINT('',#10606);
#3199=VERTEX_POINT('',#10612);
#3200=VERTEX_POINT('',#10613);
#3201=VERTEX_POINT('',#10615);
#3202=VERTEX_POINT('',#10617);
#3203=VERTEX_POINT('',#10619);
#3204=VERTEX_POINT('',#10621);
#3205=VERTEX_POINT('',#10623);
#3206=VERTEX_POINT('',#10625);
#3207=VERTEX_POINT('',#10628);
#3208=VERTEX_POINT('',#10629);
#3209=VERTEX_POINT('',#10631);
#3210=VERTEX_POINT('',#10633);
#3211=VERTEX_POINT('',#10636);
#3212=VERTEX_POINT('',#10637);
#3213=VERTEX_POINT('',#10639);
#3214=VERTEX_POINT('',#10641);
#3215=VERTEX_POINT('',#10644);
#3216=VERTEX_POINT('',#10645);
#3217=VERTEX_POINT('',#10647);
#3218=VERTEX_POINT('',#10649);
#3219=VERTEX_POINT('',#10653);
#3220=VERTEX_POINT('',#10655);
#3221=VERTEX_POINT('',#10659);
#3222=VERTEX_POINT('',#10661);
#3223=VERTEX_POINT('',#10665);
#3224=VERTEX_POINT('',#10666);
#3225=VERTEX_POINT('',#10671);
#3226=VERTEX_POINT('',#10675);
#3227=VERTEX_POINT('',#10681);
#3228=VERTEX_POINT('',#10682);
#3229=VERTEX_POINT('',#10687);
#3230=VERTEX_POINT('',#10691);
#3231=VERTEX_POINT('',#10692);
#3232=VERTEX_POINT('',#10697);
#3233=VERTEX_POINT('',#10701);
#3234=VERTEX_POINT('',#10707);
#3235=VERTEX_POINT('',#10709);
#3236=VERTEX_POINT('',#10711);
#3237=VERTEX_POINT('',#10713);
#3238=VERTEX_POINT('',#10717);
#3239=VERTEX_POINT('',#10735);
#3240=VERTEX_POINT('',#10737);
#3241=VERTEX_POINT('',#10741);
#3242=VERTEX_POINT('',#10742);
#3243=VERTEX_POINT('',#10744);
#3244=VERTEX_POINT('',#10746);
#3245=VERTEX_POINT('',#10750);
#3246=VERTEX_POINT('',#10752);
#3247=VERTEX_POINT('',#10756);
#3248=VERTEX_POINT('',#10758);
#3249=VERTEX_POINT('',#10766);
#3250=VERTEX_POINT('',#10767);
#3251=VERTEX_POINT('',#10769);
#3252=VERTEX_POINT('',#10771);
#3253=VERTEX_POINT('',#10775);
#3254=VERTEX_POINT('',#10777);
#3255=VERTEX_POINT('',#10781);
#3256=VERTEX_POINT('',#10783);
#3257=VERTEX_POINT('',#10792);
#3258=VERTEX_POINT('',#10793);
#3259=VERTEX_POINT('',#10795);
#3260=VERTEX_POINT('',#10797);
#3261=VERTEX_POINT('',#10801);
#3262=VERTEX_POINT('',#10803);
#3263=VERTEX_POINT('',#10807);
#3264=VERTEX_POINT('',#10809);
#3265=VERTEX_POINT('',#10816);
#3266=VERTEX_POINT('',#10817);
#3267=VERTEX_POINT('',#10819);
#3268=VERTEX_POINT('',#10821);
#3269=VERTEX_POINT('',#10825);
#3270=VERTEX_POINT('',#10827);
#3271=VERTEX_POINT('',#10831);
#3272=VERTEX_POINT('',#10833);
#3273=VERTEX_POINT('',#10837);
#3274=VERTEX_POINT('',#10839);
#3275=VERTEX_POINT('',#10843);
#3276=VERTEX_POINT('',#10845);
#3277=VERTEX_POINT('',#10849);
#3278=VERTEX_POINT('',#10851);
#3279=VERTEX_POINT('',#10855);
#3280=VERTEX_POINT('',#10857);
#3281=VERTEX_POINT('',#10861);
#3282=VERTEX_POINT('',#10864);
#3283=VERTEX_POINT('',#10871);
#3284=VERTEX_POINT('',#10872);
#3285=VERTEX_POINT('',#10874);
#3286=VERTEX_POINT('',#10876);
#3287=VERTEX_POINT('',#10880);
#3288=VERTEX_POINT('',#10882);
#3289=VERTEX_POINT('',#10884);
#3290=VERTEX_POINT('',#10886);
#3291=VERTEX_POINT('',#10888);
#3292=VERTEX_POINT('',#10890);
#3293=VERTEX_POINT('',#10892);
#3294=VERTEX_POINT('',#10896);
#3295=VERTEX_POINT('',#10900);
#3296=VERTEX_POINT('',#10904);
#3297=VERTEX_POINT('',#10906);
#3298=VERTEX_POINT('',#10910);
#3299=VERTEX_POINT('',#10916);
#3300=VERTEX_POINT('',#10918);
#3301=VERTEX_POINT('',#10922);
#3302=VERTEX_POINT('',#10924);
#3303=VERTEX_POINT('',#10927);
#3304=VERTEX_POINT('',#10929);
#3305=VERTEX_POINT('',#10931);
#3306=VERTEX_POINT('',#10933);
#3307=VERTEX_POINT('',#10937);
#3308=VERTEX_POINT('',#10939);
#3309=VERTEX_POINT('',#10943);
#3310=VERTEX_POINT('',#10945);
#3311=VERTEX_POINT('',#10949);
#3312=VERTEX_POINT('',#10951);
#3313=VERTEX_POINT('',#10955);
#3314=VERTEX_POINT('',#10957);
#3315=VERTEX_POINT('',#10961);
#3316=VERTEX_POINT('',#10963);
#3317=VERTEX_POINT('',#10967);
#3318=VERTEX_POINT('',#10969);
#3319=VERTEX_POINT('',#10973);
#3320=VERTEX_POINT('',#10975);
#3321=VERTEX_POINT('',#10979);
#3322=VERTEX_POINT('',#10981);
#3323=VERTEX_POINT('',#10985);
#3324=VERTEX_POINT('',#10987);
#3325=VERTEX_POINT('',#10991);
#3326=VERTEX_POINT('',#10993);
#3327=VERTEX_POINT('',#10997);
#3328=VERTEX_POINT('',#10999);
#3329=VERTEX_POINT('',#11003);
#3330=VERTEX_POINT('',#11005);
#3331=VERTEX_POINT('',#11009);
#3332=VERTEX_POINT('',#11011);
#3333=VERTEX_POINT('',#11015);
#3334=VERTEX_POINT('',#11017);
#3335=VERTEX_POINT('',#11021);
#3336=VERTEX_POINT('',#11023);
#3337=VERTEX_POINT('',#11027);
#3338=VERTEX_POINT('',#11029);
#3339=VERTEX_POINT('',#11033);
#3340=VERTEX_POINT('',#11035);
#3341=VERTEX_POINT('',#11039);
#3342=VERTEX_POINT('',#11041);
#3343=VERTEX_POINT('',#11045);
#3344=VERTEX_POINT('',#11047);
#3345=VERTEX_POINT('',#11051);
#3346=VERTEX_POINT('',#11053);
#3347=VERTEX_POINT('',#11057);
#3348=VERTEX_POINT('',#11059);
#3349=VERTEX_POINT('',#11063);
#3350=VERTEX_POINT('',#11064);
#3351=VERTEX_POINT('',#11066);
#3352=VERTEX_POINT('',#11068);
#3353=VERTEX_POINT('',#11072);
#3354=VERTEX_POINT('',#11073);
#3355=VERTEX_POINT('',#11075);
#3356=VERTEX_POINT('',#11077);
#3357=VERTEX_POINT('',#11087);
#3358=VERTEX_POINT('',#11088);
#3359=VERTEX_POINT('',#11090);
#3360=VERTEX_POINT('',#11092);
#3361=VERTEX_POINT('',#11104);
#3362=VERTEX_POINT('',#11105);
#3363=VERTEX_POINT('',#11110);
#3364=VERTEX_POINT('',#11114);
#3365=VERTEX_POINT('',#11122);
#3366=VERTEX_POINT('',#11124);
#3367=VERTEX_POINT('',#11128);
#3368=VERTEX_POINT('',#11129);
#3369=VERTEX_POINT('',#11131);
#3370=VERTEX_POINT('',#11133);
#3371=VERTEX_POINT('',#11137);
#3372=VERTEX_POINT('',#11138);
#3373=VERTEX_POINT('',#11140);
#3374=VERTEX_POINT('',#11142);
#3375=VERTEX_POINT('',#11144);
#3376=VERTEX_POINT('',#11146);
#3377=VERTEX_POINT('',#11148);
#3378=VERTEX_POINT('',#11150);
#3379=VERTEX_POINT('',#11154);
#3380=VERTEX_POINT('',#11155);
#3381=VERTEX_POINT('',#11160);
#3382=VERTEX_POINT('',#11164);
#3383=VERTEX_POINT('',#11170);
#3384=VERTEX_POINT('',#11171);
#3385=VERTEX_POINT('',#11174);
#3386=VERTEX_POINT('',#11178);
#3387=VERTEX_POINT('',#11180);
#3388=VERTEX_POINT('',#11184);
#3389=VERTEX_POINT('',#11186);
#3390=VERTEX_POINT('',#11190);
#3391=VERTEX_POINT('',#11194);
#3392=VERTEX_POINT('',#11196);
#3393=VERTEX_POINT('',#11200);
#3394=VERTEX_POINT('',#11202);
#3395=VERTEX_POINT('',#11206);
#3396=VERTEX_POINT('',#11208);
#3397=VERTEX_POINT('',#11217);
#3398=VERTEX_POINT('',#11218);
#3399=VERTEX_POINT('',#11220);
#3400=VERTEX_POINT('',#11222);
#3401=VERTEX_POINT('',#11226);
#3402=VERTEX_POINT('',#11228);
#3403=VERTEX_POINT('',#11232);
#3404=VERTEX_POINT('',#11234);
#3405=VERTEX_POINT('',#11238);
#3406=VERTEX_POINT('',#11240);
#3407=VERTEX_POINT('',#11244);
#3408=VERTEX_POINT('',#11246);
#3409=VERTEX_POINT('',#11254);
#3410=VERTEX_POINT('',#11255);
#3411=VERTEX_POINT('',#11257);
#3412=VERTEX_POINT('',#11259);
#3413=VERTEX_POINT('',#11263);
#3414=VERTEX_POINT('',#11265);
#3415=VERTEX_POINT('',#11269);
#3416=VERTEX_POINT('',#11271);
#3417=VERTEX_POINT('',#11275);
#3418=VERTEX_POINT('',#11277);
#3419=VERTEX_POINT('',#11281);
#3420=VERTEX_POINT('',#11283);
#3421=VERTEX_POINT('',#11291);
#3422=VERTEX_POINT('',#11292);
#3423=VERTEX_POINT('',#11294);
#3424=VERTEX_POINT('',#11296);
#3425=VERTEX_POINT('',#11300);
#3426=VERTEX_POINT('',#11302);
#3427=VERTEX_POINT('',#11306);
#3428=VERTEX_POINT('',#11307);
#3429=VERTEX_POINT('',#11309);
#3430=VERTEX_POINT('',#11311);
#3431=VERTEX_POINT('',#11313);
#3432=VERTEX_POINT('',#11315);
#3433=VERTEX_POINT('',#11317);
#3434=VERTEX_POINT('',#11319);
#3435=VERTEX_POINT('',#11321);
#3436=VERTEX_POINT('',#11324);
#3437=VERTEX_POINT('',#11325);
#3438=VERTEX_POINT('',#11327);
#3439=VERTEX_POINT('',#11329);
#3440=VERTEX_POINT('',#11331);
#3441=VERTEX_POINT('',#11333);
#3442=VERTEX_POINT('',#11335);
#3443=VERTEX_POINT('',#11337);
#3444=VERTEX_POINT('',#11339);
#3445=VERTEX_POINT('',#11342);
#3446=VERTEX_POINT('',#11343);
#3447=VERTEX_POINT('',#11345);
#3448=VERTEX_POINT('',#11347);
#3449=VERTEX_POINT('',#11350);
#3450=VERTEX_POINT('',#11351);
#3451=VERTEX_POINT('',#11353);
#3452=VERTEX_POINT('',#11355);
#3453=VERTEX_POINT('',#11358);
#3454=VERTEX_POINT('',#11359);
#3455=VERTEX_POINT('',#11361);
#3456=VERTEX_POINT('',#11363);
#3457=VERTEX_POINT('',#11366);
#3458=VERTEX_POINT('',#11369);
#3459=VERTEX_POINT('',#11370);
#3460=VERTEX_POINT('',#11372);
#3461=VERTEX_POINT('',#11374);
#3462=VERTEX_POINT('',#11378);
#3463=VERTEX_POINT('',#11380);
#3464=VERTEX_POINT('',#11384);
#3465=VERTEX_POINT('',#11388);
#3466=VERTEX_POINT('',#11394);
#3467=VERTEX_POINT('',#11395);
#3468=VERTEX_POINT('',#11397);
#3469=VERTEX_POINT('',#11399);
#3470=VERTEX_POINT('',#11403);
#3471=VERTEX_POINT('',#11405);
#3472=VERTEX_POINT('',#11409);
#3473=VERTEX_POINT('',#11411);
#3474=VERTEX_POINT('',#11463);
#3475=VERTEX_POINT('',#11464);
#3476=VERTEX_POINT('',#11466);
#3477=VERTEX_POINT('',#11468);
#3478=VERTEX_POINT('',#11483);
#3479=VERTEX_POINT('',#11484);
#3480=VERTEX_POINT('',#11518);
#3481=VERTEX_POINT('',#11519);
#3482=VERTEX_POINT('',#11535);
#3483=VERTEX_POINT('',#11537);
#3484=VERTEX_POINT('',#11541);
#3485=VERTEX_POINT('',#11542);
#3486=VERTEX_POINT('',#11544);
#3487=VERTEX_POINT('',#11546);
#3488=VERTEX_POINT('',#11550);
#3489=VERTEX_POINT('',#11552);
#3490=VERTEX_POINT('',#11611);
#3491=VERTEX_POINT('',#11612);
#3492=VERTEX_POINT('',#11657);
#3493=VERTEX_POINT('',#11658);
#3494=VERTEX_POINT('',#11674);
#3495=VERTEX_POINT('',#11676);
#3496=VERTEX_POINT('',#11681);
#3497=VERTEX_POINT('',#11685);
#3498=VERTEX_POINT('',#11691);
#3499=VERTEX_POINT('',#11693);
#3500=VERTEX_POINT('',#11695);
#3501=VERTEX_POINT('',#11699);
#3502=VERTEX_POINT('',#11701);
#3503=VERTEX_POINT('',#11703);
#3504=VERTEX_POINT('',#11709);
#3505=VERTEX_POINT('',#11712);
#3506=VERTEX_POINT('',#11716);
#3507=VERTEX_POINT('',#11720);
#3508=VERTEX_POINT('',#11721);
#3509=VERTEX_POINT('',#11723);
#3510=VERTEX_POINT('',#11725);
#3511=VERTEX_POINT('',#11729);
#3512=VERTEX_POINT('',#11731);
#3513=VERTEX_POINT('',#11734);
#3514=VERTEX_POINT('',#11736);
#3515=VERTEX_POINT('',#11740);
#3516=VERTEX_POINT('',#11742);
#3517=VERTEX_POINT('',#11744);
#3518=VERTEX_POINT('',#11746);
#3519=VERTEX_POINT('',#11748);
#3520=VERTEX_POINT('',#11754);
#3521=VERTEX_POINT('',#11757);
#3522=VERTEX_POINT('',#11758);
#3523=VERTEX_POINT('',#11762);
#3524=VERTEX_POINT('',#11765);
#3525=VERTEX_POINT('',#11769);
#3526=VERTEX_POINT('',#11771);
#3527=VERTEX_POINT('',#11776);
#3528=VERTEX_POINT('',#11781);
#3529=VERTEX_POINT('',#11784);
#3530=VERTEX_POINT('',#11785);
#3531=VERTEX_POINT('',#11787);
#3532=VERTEX_POINT('',#11789);
#3533=VERTEX_POINT('',#11793);
#3534=VERTEX_POINT('',#11794);
#3535=VERTEX_POINT('',#11796);
#3536=VERTEX_POINT('',#11798);
#3537=VERTEX_POINT('',#11805);
#3538=VERTEX_POINT('',#11806);
#3539=VERTEX_POINT('',#11808);
#3540=VERTEX_POINT('',#11810);
#3541=VERTEX_POINT('',#11814);
#3542=VERTEX_POINT('',#11816);
#3543=VERTEX_POINT('',#11820);
#3544=VERTEX_POINT('',#11822);
#3545=VERTEX_POINT('',#11826);
#3546=VERTEX_POINT('',#11828);
#3547=VERTEX_POINT('',#11836);
#3548=VERTEX_POINT('',#11838);
#3549=VERTEX_POINT('',#11842);
#3550=VERTEX_POINT('',#11843);
#3551=VERTEX_POINT('',#11845);
#3552=VERTEX_POINT('',#11847);
#3553=VERTEX_POINT('',#11852);
#3554=VERTEX_POINT('',#11854);
#3555=VERTEX_POINT('',#11858);
#3556=VERTEX_POINT('',#11863);
#3557=VERTEX_POINT('',#11867);
#3558=VERTEX_POINT('',#11869);
#3559=VERTEX_POINT('',#11873);
#3560=VERTEX_POINT('',#11875);
#3561=VERTEX_POINT('',#11879);
#3562=VERTEX_POINT('',#11880);
#3563=VERTEX_POINT('',#11885);
#3564=VERTEX_POINT('',#11894);
#3565=VERTEX_POINT('',#11896);
#3566=VERTEX_POINT('',#11899);
#3567=VERTEX_POINT('',#11901);
#3568=VERTEX_POINT('',#11905);
#3569=VERTEX_POINT('',#11907);
#3570=VERTEX_POINT('',#11911);
#3571=VERTEX_POINT('',#11917);
#3572=VERTEX_POINT('',#11918);
#3573=VERTEX_POINT('',#11920);
#3574=VERTEX_POINT('',#11922);
#3575=VERTEX_POINT('',#11926);
#3576=VERTEX_POINT('',#11928);
#3577=VERTEX_POINT('',#11932);
#3578=VERTEX_POINT('',#11936);
#3579=VERTEX_POINT('',#11942);
#3580=VERTEX_POINT('',#11947);
#3581=VERTEX_POINT('',#11949);
#3582=VERTEX_POINT('',#11953);
#3583=VERTEX_POINT('',#11957);
#3584=VERTEX_POINT('',#11961);
#3585=VERTEX_POINT('',#11965);
#3586=VERTEX_POINT('',#11969);
#3587=VERTEX_POINT('',#11973);
#3588=VERTEX_POINT('',#11979);
#3589=VERTEX_POINT('',#11982);
#3590=VERTEX_POINT('',#11988);
#3591=VERTEX_POINT('',#11991);
#3592=VERTEX_POINT('',#11996);
#3593=VERTEX_POINT('',#11999);
#3594=VERTEX_POINT('',#12002);
#3595=VERTEX_POINT('',#12004);
#3596=VERTEX_POINT('',#12012);
#3597=VERTEX_POINT('',#12030);
#3598=VERTEX_POINT('',#12031);
#3599=VERTEX_POINT('',#12036);
#3600=VERTEX_POINT('',#12040);
#3601=VERTEX_POINT('',#12046);
#3602=VERTEX_POINT('',#12047);
#3603=VERTEX_POINT('',#12052);
#3604=VERTEX_POINT('',#12056);
#3605=VERTEX_POINT('',#12072);
#3606=VERTEX_POINT('',#12073);
#3607=VERTEX_POINT('',#12075);
#3608=VERTEX_POINT('',#12077);
#3609=VERTEX_POINT('',#12096);
#3610=VERTEX_POINT('',#12097);
#3611=VERTEX_POINT('',#12102);
#3612=VERTEX_POINT('',#12107);
#3613=VERTEX_POINT('',#12140);
#3614=VERTEX_POINT('',#12142);
#3615=VERTEX_POINT('',#12169);
#3616=VERTEX_POINT('',#12170);
#3617=VERTEX_POINT('',#12172);
#3618=VERTEX_POINT('',#12174);
#3619=VERTEX_POINT('',#12231);
#3620=VERTEX_POINT('',#12232);
#3621=VERTEX_POINT('',#12237);
#3622=VERTEX_POINT('',#12239);
#3623=VERTEX_POINT('',#12241);
#3624=VERTEX_POINT('',#12243);
#3625=VERTEX_POINT('',#12245);
#3626=VERTEX_POINT('',#12249);
#3627=VERTEX_POINT('',#12253);
#3628=VERTEX_POINT('',#12256);
#3629=VERTEX_POINT('',#12260);
#3630=VERTEX_POINT('',#12262);
#3631=VERTEX_POINT('',#12266);
#3632=VERTEX_POINT('',#12268);
#3633=VERTEX_POINT('',#12272);
#3634=VERTEX_POINT('',#12276);
#3635=VERTEX_POINT('',#12277);
#3636=VERTEX_POINT('',#12279);
#3637=VERTEX_POINT('',#12281);
#3638=VERTEX_POINT('',#12285);
#3639=VERTEX_POINT('',#12287);
#3640=VERTEX_POINT('',#12291);
#3641=VERTEX_POINT('',#12294);
#3642=VERTEX_POINT('',#12296);
#3643=VERTEX_POINT('',#12298);
#3644=VERTEX_POINT('',#12301);
#3645=VERTEX_POINT('',#12303);
#3646=VERTEX_POINT('',#12307);
#3647=VERTEX_POINT('',#12311);
#3648=VERTEX_POINT('',#12315);
#3649=VERTEX_POINT('',#12320);
#3650=VERTEX_POINT('',#12324);
#3651=VERTEX_POINT('',#12336);
#3652=VERTEX_POINT('',#12337);
#3653=VERTEX_POINT('',#12339);
#3654=VERTEX_POINT('',#12341);
#3655=VERTEX_POINT('',#12345);
#3656=VERTEX_POINT('',#12347);
#3657=VERTEX_POINT('',#12350);
#3658=VERTEX_POINT('',#12351);
#3659=VERTEX_POINT('',#12353);
#3660=VERTEX_POINT('',#12355);
#3661=VERTEX_POINT('',#12359);
#3662=VERTEX_POINT('',#12361);
#3663=VERTEX_POINT('',#12367);
#3664=VERTEX_POINT('',#12368);
#3665=VERTEX_POINT('',#12370);
#3666=VERTEX_POINT('',#12372);
#3667=VERTEX_POINT('',#12377);
#3668=VERTEX_POINT('',#12379);
#3669=VERTEX_POINT('',#12383);
#3670=VERTEX_POINT('',#12385);
#3671=VERTEX_POINT('',#12389);
#3672=VERTEX_POINT('',#12393);
#3673=VERTEX_POINT('',#12397);
#3674=VERTEX_POINT('',#12403);
#3675=VERTEX_POINT('',#12409);
#3676=VERTEX_POINT('',#12410);
#3677=VERTEX_POINT('',#12412);
#3678=VERTEX_POINT('',#12414);
#3679=VERTEX_POINT('',#12418);
#3680=VERTEX_POINT('',#12420);
#3681=VERTEX_POINT('',#12424);
#3682=VERTEX_POINT('',#12426);
#3683=VERTEX_POINT('',#12438);
#3684=VERTEX_POINT('',#12439);
#3685=VERTEX_POINT('',#12441);
#3686=VERTEX_POINT('',#12443);
#3687=VERTEX_POINT('',#12445);
#3688=VERTEX_POINT('',#12447);
#3689=VERTEX_POINT('',#12449);
#3690=VERTEX_POINT('',#12451);
#3691=VERTEX_POINT('',#12453);
#3692=VERTEX_POINT('',#12455);
#3693=VERTEX_POINT('',#12458);
#3694=VERTEX_POINT('',#12460);
#3695=VERTEX_POINT('',#12463);
#3696=VERTEX_POINT('',#12464);
#3697=VERTEX_POINT('',#12466);
#3698=VERTEX_POINT('',#12468);
#3699=VERTEX_POINT('',#12470);
#3700=VERTEX_POINT('',#12472);
#3701=VERTEX_POINT('',#12474);
#3702=VERTEX_POINT('',#12476);
#3703=VERTEX_POINT('',#12478);
#3704=VERTEX_POINT('',#12480);
#3705=VERTEX_POINT('',#12483);
#3706=VERTEX_POINT('',#12485);
#3707=VERTEX_POINT('',#12501);
#3708=VERTEX_POINT('',#12502);
#3709=VERTEX_POINT('',#12504);
#3710=VERTEX_POINT('',#12506);
#3711=VERTEX_POINT('',#12511);
#3712=VERTEX_POINT('',#12512);
#3713=VERTEX_POINT('',#12514);
#3714=VERTEX_POINT('',#12516);
#3715=VERTEX_POINT('',#12529);
#3716=VERTEX_POINT('',#12531);
#3717=VERTEX_POINT('',#12535);
#3718=VERTEX_POINT('',#12537);
#3719=VERTEX_POINT('',#12549);
#3720=VERTEX_POINT('',#12550);
#3721=VERTEX_POINT('',#12552);
#3722=VERTEX_POINT('',#12554);
#3723=VERTEX_POINT('',#12558);
#3724=VERTEX_POINT('',#12559);
#3725=VERTEX_POINT('',#12562);
#3726=VERTEX_POINT('',#12565);
#3727=VERTEX_POINT('',#12568);
#3728=VERTEX_POINT('',#12570);
#3729=VERTEX_POINT('',#12574);
#3730=VERTEX_POINT('',#12575);
#3731=VERTEX_POINT('',#12577);
#3732=VERTEX_POINT('',#12579);
#3733=VERTEX_POINT('',#12582);
#3734=VERTEX_POINT('',#12584);
#3735=VERTEX_POINT('',#12586);
#3736=VERTEX_POINT('',#12589);
#3737=VERTEX_POINT('',#12591);
#3738=VERTEX_POINT('',#12594);
#3739=VERTEX_POINT('',#12596);
#3740=VERTEX_POINT('',#12598);
#3741=VERTEX_POINT('',#12600);
#3742=VERTEX_POINT('',#12602);
#3743=VERTEX_POINT('',#12604);
#3744=VERTEX_POINT('',#12607);
#3745=VERTEX_POINT('',#12609);
#3746=VERTEX_POINT('',#12612);
#3747=VERTEX_POINT('',#12613);
#3748=VERTEX_POINT('',#12618);
#3749=VERTEX_POINT('',#12619);
#3750=VERTEX_POINT('',#12624);
#3751=VERTEX_POINT('',#12625);
#3752=VERTEX_POINT('',#12630);
#3753=VERTEX_POINT('',#12631);
#3754=VERTEX_POINT('',#12644);
#3755=VERTEX_POINT('',#12651);
#3756=VERTEX_POINT('',#12655);
#3757=VERTEX_POINT('',#12660);
#3758=EDGE_CURVE('',#3077,#3078,#1389,.T.);
#3759=EDGE_CURVE('',#3079,#3077,#1390,.T.);
#3760=EDGE_CURVE('',#3079,#3080,#1391,.T.);
#3761=EDGE_CURVE('',#3078,#3080,#1392,.T.);
#3762=EDGE_CURVE('',#3081,#3082,#1393,.T.);
#3763=EDGE_CURVE('',#3083,#3081,#1394,.T.);
#3764=EDGE_CURVE('',#3083,#3084,#1395,.T.);
#3765=EDGE_CURVE('',#3082,#3084,#1396,.T.);
#3766=EDGE_CURVE('',#3080,#3083,#1397,.T.);
#3767=EDGE_CURVE('',#3084,#3079,#1398,.T.);
#3768=EDGE_CURVE('',#3077,#3085,#1399,.T.);
#3769=EDGE_CURVE('',#3085,#3086,#1400,.T.);
#3770=EDGE_CURVE('',#3087,#3086,#360,.T.);
#3771=EDGE_CURVE('',#3087,#3088,#1401,.T.);
#3772=EDGE_CURVE('',#3088,#3089,#1402,.T.);
#3773=EDGE_CURVE('',#3089,#3082,#1403,.T.);
#3774=EDGE_CURVE('',#3078,#3090,#1404,.T.);
#3775=EDGE_CURVE('',#3090,#3085,#1405,.T.);
#3776=EDGE_CURVE('',#3091,#3092,#1406,.F.);
#3777=EDGE_CURVE('',#3092,#3093,#1407,.T.);
#3778=EDGE_CURVE('',#3093,#3094,#1408,.F.);
#3779=EDGE_CURVE('',#3091,#3094,#1409,.T.);
#3780=EDGE_CURVE('',#3092,#3095,#1410,.T.);
#3781=EDGE_CURVE('',#3095,#3096,#1411,.T.);
#3782=EDGE_CURVE('',#3096,#3097,#1412,.T.);
#3783=EDGE_CURVE('',#3097,#3098,#1413,.T.);
#3784=EDGE_CURVE('',#3099,#3098,#1414,.T.);
#3785=EDGE_CURVE('',#3099,#3100,#1415,.T.);
#3786=EDGE_CURVE('',#3100,#3093,#1416,.T.);
#3787=EDGE_CURVE('',#3101,#3091,#1417,.T.);
#3788=EDGE_CURVE('',#3101,#3095,#1418,.T.);
#3789=EDGE_CURVE('',#3102,#3101,#1419,.T.);
#3790=EDGE_CURVE('',#3102,#3096,#1420,.T.);
#3791=EDGE_CURVE('',#3103,#3104,#1421,.T.);
#3792=EDGE_CURVE('',#3103,#3105,#1422,.T.);
#3793=EDGE_CURVE('',#3105,#3106,#1423,.T.);
#3794=EDGE_CURVE('',#3106,#3104,#1424,.T.);
#3795=EDGE_CURVE('',#3104,#3097,#1425,.T.);
#3796=EDGE_CURVE('',#3098,#3106,#1426,.T.);
#3797=EDGE_CURVE('',#3094,#3102,#1427,.T.);
#3798=EDGE_CURVE('',#3100,#3103,#1428,.T.);
#3799=EDGE_CURVE('',#3086,#3107,#1429,.T.);
#3800=EDGE_CURVE('',#3107,#3108,#361,.T.);
#3801=EDGE_CURVE('',#3108,#3087,#1430,.T.);
#3802=EDGE_CURVE('',#3109,#3081,#1431,.T.);
#3803=EDGE_CURVE('',#3110,#3109,#1432,.T.);
#3804=EDGE_CURVE('',#3108,#3110,#1433,.T.);
#3805=EDGE_CURVE('',#3090,#3107,#1434,.T.);
#3806=EDGE_CURVE('',#3105,#3099,#1435,.T.);
#3807=EDGE_CURVE('',#3109,#3089,#1436,.T.);
#3808=EDGE_CURVE('',#3110,#3088,#1437,.T.);
#3809=EDGE_CURVE('',#3111,#3112,#1438,.T.);
#3810=EDGE_CURVE('',#3113,#3111,#1439,.T.);
#3811=EDGE_CURVE('',#3113,#3114,#1440,.T.);
#3812=EDGE_CURVE('',#3112,#3114,#1441,.T.);
#3813=EDGE_CURVE('',#3115,#3116,#1442,.T.);
#3814=EDGE_CURVE('',#3117,#3115,#1443,.T.);
#3815=EDGE_CURVE('',#3117,#3118,#1444,.T.);
#3816=EDGE_CURVE('',#3116,#3118,#1445,.T.);
#3817=EDGE_CURVE('',#3114,#3117,#1446,.T.);
#3818=EDGE_CURVE('',#3118,#3113,#1447,.T.);
#3819=EDGE_CURVE('',#3119,#3112,#1448,.T.);
#3820=EDGE_CURVE('',#3120,#3119,#1449,.T.);
#3821=EDGE_CURVE('',#3120,#3111,#1450,.T.);
#3822=EDGE_CURVE('',#3116,#3121,#1451,.T.);
#3823=EDGE_CURVE('',#3121,#3122,#1452,.T.);
#3824=EDGE_CURVE('',#3115,#3122,#1453,.T.);
#3825=EDGE_CURVE('',#3123,#3124,#1454,.T.);
#3826=EDGE_CURVE('',#3124,#3125,#1455,.T.);
#3827=EDGE_CURVE('',#3125,#3126,#1456,.T.);
#3828=EDGE_CURVE('',#3126,#3123,#1457,.T.);
#3829=EDGE_CURVE('',#3127,#3120,#1458,.T.);
#3830=EDGE_CURVE('',#3128,#3127,#362,.T.);
#3831=EDGE_CURVE('',#3129,#3128,#1459,.T.);
#3832=EDGE_CURVE('',#3121,#3129,#1460,.T.);
#3833=EDGE_CURVE('',#3130,#3131,#1461,.T.);
#3834=EDGE_CURVE('',#3132,#3130,#1462,.T.);
#3835=EDGE_CURVE('',#3133,#3132,#1463,.T.);
#3836=EDGE_CURVE('',#3131,#3133,#1464,.T.);
#3837=EDGE_CURVE('',#3134,#3135,#1465,.T.);
#3838=EDGE_CURVE('',#3125,#3134,#1466,.T.);
#3839=EDGE_CURVE('',#3124,#3135,#1467,.T.);
#3840=EDGE_CURVE('',#3136,#3137,#1468,.T.);
#3841=EDGE_CURVE('',#3123,#3136,#1469,.T.);
#3842=EDGE_CURVE('',#3126,#3137,#1470,.T.);
#3843=EDGE_CURVE('',#3130,#3134,#1471,.T.);
#3844=EDGE_CURVE('',#3131,#3138,#1472,.T.);
#3845=EDGE_CURVE('',#3139,#3138,#1473,.T.);
#3846=EDGE_CURVE('',#3137,#3139,#1474,.T.);
#3847=EDGE_CURVE('',#3132,#3135,#1475,.T.);
#3848=EDGE_CURVE('',#3140,#3141,#363,.T.);
#3849=EDGE_CURVE('',#3141,#3128,#1476,.T.);
#3850=EDGE_CURVE('',#3127,#3140,#1477,.T.);
#3851=EDGE_CURVE('',#3142,#3141,#1478,.T.);
#3852=EDGE_CURVE('',#3129,#3142,#1479,.T.);
#3853=EDGE_CURVE('',#3143,#3139,#1480,.T.);
#3854=EDGE_CURVE('',#3136,#3143,#1481,.T.);
#3855=EDGE_CURVE('',#3144,#3143,#1482,.T.);
#3856=EDGE_CURVE('',#3133,#3144,#1483,.T.);
#3857=EDGE_CURVE('',#3138,#3144,#1484,.T.);
#3858=EDGE_CURVE('',#3122,#3142,#1485,.T.);
#3859=EDGE_CURVE('',#3140,#3119,#1486,.T.);
#3860=EDGE_CURVE('',#3145,#3146,#1487,.T.);
#3861=EDGE_CURVE('',#3147,#3145,#1488,.T.);
#3862=EDGE_CURVE('',#3147,#3148,#1489,.T.);
#3863=EDGE_CURVE('',#3146,#3148,#1490,.T.);
#3864=EDGE_CURVE('',#3149,#3150,#1491,.T.);
#3865=EDGE_CURVE('',#3151,#3149,#1492,.T.);
#3866=EDGE_CURVE('',#3151,#3152,#1493,.T.);
#3867=EDGE_CURVE('',#3150,#3152,#1494,.T.);
#3868=EDGE_CURVE('',#3148,#3151,#1495,.T.);
#3869=EDGE_CURVE('',#3152,#3147,#1496,.T.);
#3870=EDGE_CURVE('',#3153,#3154,#1497,.T.);
#3871=EDGE_CURVE('',#3153,#3155,#1498,.T.);
#3872=EDGE_CURVE('',#3155,#3156,#1499,.T.);
#3873=EDGE_CURVE('',#3154,#3156,#1500,.T.);
#3874=EDGE_CURVE('',#3157,#3153,#1501,.T.);
#3875=EDGE_CURVE('',#3157,#3158,#1502,.T.);
#3876=EDGE_CURVE('',#3158,#3155,#1503,.T.);
#3877=EDGE_CURVE('',#3159,#3157,#1504,.T.);
#3878=EDGE_CURVE('',#3160,#3159,#1505,.T.);
#3879=EDGE_CURVE('',#3160,#3158,#1506,.T.);
#3880=EDGE_CURVE('',#3156,#3160,#1507,.T.);
#3881=EDGE_CURVE('',#3145,#3161,#1508,.T.);
#3882=EDGE_CURVE('',#3161,#3162,#1509,.T.);
#3883=EDGE_CURVE('',#3162,#3163,#1510,.T.);
#3884=EDGE_CURVE('',#3164,#3163,#364,.T.);
#3885=EDGE_CURVE('',#3164,#3165,#1511,.T.);
#3886=EDGE_CURVE('',#3165,#3150,#1512,.T.);
#3887=EDGE_CURVE('',#3146,#3166,#1513,.T.);
#3888=EDGE_CURVE('',#3166,#3167,#1514,.T.);
#3889=EDGE_CURVE('',#3159,#3167,#1515,.T.);
#3890=EDGE_CURVE('',#3168,#3154,#1516,.T.);
#3891=EDGE_CURVE('',#3168,#3169,#1517,.T.);
#3892=EDGE_CURVE('',#3169,#3170,#1518,.T.);
#3893=EDGE_CURVE('',#3170,#3161,#1519,.T.);
#3894=EDGE_CURVE('',#3167,#3171,#1520,.T.);
#3895=EDGE_CURVE('',#3172,#3171,#365,.T.);
#3896=EDGE_CURVE('',#3172,#3173,#1521,.T.);
#3897=EDGE_CURVE('',#3168,#3173,#1522,.T.);
#3898=EDGE_CURVE('',#3174,#3175,#1523,.T.);
#3899=EDGE_CURVE('',#3175,#3176,#1524,.T.);
#3900=EDGE_CURVE('',#3176,#3177,#1525,.T.);
#3901=EDGE_CURVE('',#3174,#3177,#1526,.T.);
#3902=EDGE_CURVE('',#3178,#3179,#1527,.T.);
#3903=EDGE_CURVE('',#3174,#3179,#1528,.T.);
#3904=EDGE_CURVE('',#3178,#3177,#1529,.T.);
#3905=EDGE_CURVE('',#3179,#3180,#1530,.T.);
#3906=EDGE_CURVE('',#3180,#3175,#1531,.T.);
#3907=EDGE_CURVE('',#3181,#3182,#1532,.T.);
#3908=EDGE_CURVE('',#3182,#3183,#1533,.T.);
#3909=EDGE_CURVE('',#3184,#3183,#1534,.T.);
#3910=EDGE_CURVE('',#3184,#3181,#1535,.T.);
#3911=EDGE_CURVE('',#3185,#3186,#1536,.T.);
#3912=EDGE_CURVE('',#3186,#3187,#1537,.T.);
#3913=EDGE_CURVE('',#3187,#3188,#1538,.T.);
#3914=EDGE_CURVE('',#3188,#3185,#1539,.T.);
#3915=EDGE_CURVE('',#3189,#3176,#1540,.T.);
#3916=EDGE_CURVE('',#3189,#3178,#1541,.T.);
#3917=EDGE_CURVE('',#3163,#3190,#1542,.T.);
#3918=EDGE_CURVE('',#3190,#3191,#366,.T.);
#3919=EDGE_CURVE('',#3191,#3164,#1543,.T.);
#3920=EDGE_CURVE('',#3192,#3149,#1544,.T.);
#3921=EDGE_CURVE('',#3191,#3192,#1545,.T.);
#3922=EDGE_CURVE('',#3193,#3190,#1546,.T.);
#3923=EDGE_CURVE('',#3194,#3193,#367,.T.);
#3924=EDGE_CURVE('',#3166,#3194,#1547,.T.);
#3925=EDGE_CURVE('',#3187,#3184,#1548,.T.);
#3926=EDGE_CURVE('',#3181,#3186,#1549,.T.);
#3927=EDGE_CURVE('',#3180,#3189,#1550,.T.);
#3928=EDGE_CURVE('',#3162,#3195,#1551,.T.);
#3929=EDGE_CURVE('',#3195,#3196,#1552,.T.);
#3930=EDGE_CURVE('',#3196,#3173,#1553,.T.);
#3931=EDGE_CURVE('',#3193,#3172,#1554,.T.);
#3932=EDGE_CURVE('',#3171,#3194,#1555,.T.);
#3933=EDGE_CURVE('',#3182,#3196,#1556,.T.);
#3934=EDGE_CURVE('',#3169,#3185,#1557,.T.);
#3935=EDGE_CURVE('',#3183,#3188,#1558,.T.);
#3936=EDGE_CURVE('',#3192,#3165,#1559,.T.);
#3937=EDGE_CURVE('',#3170,#3197,#1560,.T.);
#3938=EDGE_CURVE('',#3198,#3195,#1561,.T.);
#3939=EDGE_CURVE('',#3197,#3198,#1562,.T.);
#3940=EDGE_CURVE('',#3199,#3200,#368,.T.);
#3941=EDGE_CURVE('',#3200,#3201,#1563,.T.);
#3942=EDGE_CURVE('',#3201,#3202,#369,.T.);
#3943=EDGE_CURVE('',#3202,#3203,#1564,.T.);
#3944=EDGE_CURVE('',#3203,#3204,#370,.T.);
#3945=EDGE_CURVE('',#3204,#3205,#1565,.T.);
#3946=EDGE_CURVE('',#3206,#3205,#371,.T.);
#3947=EDGE_CURVE('',#3206,#3199,#1566,.T.);
#3948=EDGE_CURVE('',#3207,#3208,#1567,.T.);
#3949=EDGE_CURVE('',#3208,#3209,#1568,.T.);
#3950=EDGE_CURVE('',#3209,#3210,#1569,.T.);
#3951=EDGE_CURVE('',#3210,#3207,#1570,.T.);
#3952=EDGE_CURVE('',#3211,#3212,#1571,.T.);
#3953=EDGE_CURVE('',#3212,#3213,#1572,.T.);
#3954=EDGE_CURVE('',#3213,#3214,#1573,.T.);
#3955=EDGE_CURVE('',#3214,#3211,#1574,.T.);
#3956=EDGE_CURVE('',#3215,#3216,#1575,.T.);
#3957=EDGE_CURVE('',#3216,#3217,#1576,.T.);
#3958=EDGE_CURVE('',#3217,#3218,#1577,.T.);
#3959=EDGE_CURVE('',#3218,#3215,#1578,.T.);
#3960=EDGE_CURVE('',#3219,#3206,#1579,.T.);
#3961=EDGE_CURVE('',#3219,#3220,#1580,.T.);
#3962=EDGE_CURVE('',#3199,#3220,#1581,.T.);
#3963=EDGE_CURVE('',#3221,#3204,#1582,.T.);
#3964=EDGE_CURVE('',#3221,#3222,#1583,.T.);
#3965=EDGE_CURVE('',#3205,#3222,#1584,.T.);
#3966=EDGE_CURVE('',#3223,#3224,#1585,.T.);
#3967=EDGE_CURVE('',#3224,#3216,#1586,.T.);
#3968=EDGE_CURVE('',#3223,#3215,#1587,.T.);
#3969=EDGE_CURVE('',#3224,#3225,#1588,.T.);
#3970=EDGE_CURVE('',#3225,#3217,#1589,.T.);
#3971=EDGE_CURVE('',#3225,#3226,#1590,.T.);
#3972=EDGE_CURVE('',#3226,#3218,#1591,.T.);
#3973=EDGE_CURVE('',#3226,#3223,#1592,.T.);
#3974=EDGE_CURVE('',#3227,#3228,#1593,.T.);
#3975=EDGE_CURVE('',#3228,#3214,#1594,.T.);
#3976=EDGE_CURVE('',#3227,#3213,#1595,.T.);
#3977=EDGE_CURVE('',#3228,#3229,#1596,.T.);
#3978=EDGE_CURVE('',#3229,#3211,#1597,.T.);
#3979=EDGE_CURVE('',#3230,#3231,#1598,.T.);
#3980=EDGE_CURVE('',#3231,#3210,#1599,.T.);
#3981=EDGE_CURVE('',#3230,#3209,#1600,.T.);
#3982=EDGE_CURVE('',#3231,#3232,#1601,.T.);
#3983=EDGE_CURVE('',#3232,#3207,#1602,.T.);
#3984=EDGE_CURVE('',#3232,#3233,#1603,.T.);
#3985=EDGE_CURVE('',#3233,#3208,#1604,.T.);
#3986=EDGE_CURVE('',#3233,#3230,#1605,.T.);
#3987=EDGE_CURVE('',#3234,#3221,#372,.T.);
#3988=EDGE_CURVE('',#3235,#3234,#1606,.T.);
#3989=EDGE_CURVE('',#3236,#3235,#373,.T.);
#3990=EDGE_CURVE('',#3237,#3236,#1607,.T.);
#3991=EDGE_CURVE('',#3220,#3237,#374,.T.);
#3992=EDGE_CURVE('',#3222,#3219,#375,.T.);
#3993=EDGE_CURVE('',#3238,#3227,#1608,.T.);
#3994=EDGE_CURVE('',#3229,#3238,#1609,.T.);
#3995=EDGE_CURVE('',#3238,#3212,#1610,.T.);
#3996=EDGE_CURVE('',#3237,#3200,#1611,.T.);
#3997=EDGE_CURVE('',#3201,#3236,#1612,.T.);
#3998=EDGE_CURVE('',#3235,#3202,#1613,.T.);
#3999=EDGE_CURVE('',#3203,#3234,#1614,.T.);
#4000=EDGE_CURVE('',#3239,#3239,#376,.T.);
#4001=EDGE_CURVE('',#3239,#3240,#1615,.T.);
#4002=EDGE_CURVE('',#3240,#3240,#377,.T.);
#4003=EDGE_CURVE('',#3241,#3242,#1616,.T.);
#4004=EDGE_CURVE('',#3243,#3241,#1617,.T.);
#4005=EDGE_CURVE('',#3244,#3243,#1618,.T.);
#4006=EDGE_CURVE('',#3242,#3244,#1619,.T.);
#4007=EDGE_CURVE('',#3245,#3244,#1620,.T.);
#4008=EDGE_CURVE('',#3245,#3246,#1621,.T.);
#4009=EDGE_CURVE('',#3246,#3242,#1622,.T.);
#4010=EDGE_CURVE('',#3246,#3247,#1623,.T.);
#4011=EDGE_CURVE('',#3248,#3245,#1624,.T.);
#4012=EDGE_CURVE('',#3247,#3248,#1625,.T.);
#4013=EDGE_CURVE('',#3241,#3247,#1626,.T.);
#4014=EDGE_CURVE('',#3243,#3248,#1627,.T.);
#4015=EDGE_CURVE('',#3249,#3250,#1628,.T.);
#4016=EDGE_CURVE('',#3249,#3251,#1629,.T.);
#4017=EDGE_CURVE('',#3252,#3251,#1630,.T.);
#4018=EDGE_CURVE('',#3250,#3252,#1631,.T.);
#4019=EDGE_CURVE('',#3250,#3253,#1632,.T.);
#4020=EDGE_CURVE('',#3254,#3252,#1633,.T.);
#4021=EDGE_CURVE('',#3253,#3254,#1634,.T.);
#4022=EDGE_CURVE('',#3253,#3255,#1635,.T.);
#4023=EDGE_CURVE('',#3256,#3254,#1636,.T.);
#4024=EDGE_CURVE('',#3255,#3256,#1637,.T.);
#4025=EDGE_CURVE('',#3255,#3249,#1638,.T.);
#4026=EDGE_CURVE('',#3251,#3256,#1639,.T.);
#4027=EDGE_CURVE('',#3257,#3258,#1640,.T.);
#4028=EDGE_CURVE('',#3258,#3259,#1641,.T.);
#4029=EDGE_CURVE('',#3260,#3259,#1642,.T.);
#4030=EDGE_CURVE('',#3257,#3260,#1643,.T.);
#4031=EDGE_CURVE('',#3261,#3257,#1644,.T.);
#4032=EDGE_CURVE('',#3262,#3260,#1645,.T.);
#4033=EDGE_CURVE('',#3261,#3262,#1646,.T.);
#4034=EDGE_CURVE('',#3263,#3261,#1647,.T.);
#4035=EDGE_CURVE('',#3264,#3262,#1648,.T.);
#4036=EDGE_CURVE('',#3263,#3264,#1649,.T.);
#4037=EDGE_CURVE('',#3258,#3263,#1650,.T.);
#4038=EDGE_CURVE('',#3259,#3264,#1651,.T.);
#4039=EDGE_CURVE('',#3265,#3266,#1652,.T.);
#4040=EDGE_CURVE('',#3265,#3267,#1653,.T.);
#4041=EDGE_CURVE('',#3268,#3267,#1654,.T.);
#4042=EDGE_CURVE('',#3266,#3268,#1655,.T.);
#4043=EDGE_CURVE('',#3266,#3269,#1656,.T.);
#4044=EDGE_CURVE('',#3270,#3268,#1657,.T.);
#4045=EDGE_CURVE('',#3269,#3270,#1658,.T.);
#4046=EDGE_CURVE('',#3269,#3271,#1659,.T.);
#4047=EDGE_CURVE('',#3272,#3270,#1660,.T.);
#4048=EDGE_CURVE('',#3271,#3272,#1661,.T.);
#4049=EDGE_CURVE('',#3271,#3273,#1662,.T.);
#4050=EDGE_CURVE('',#3274,#3272,#1663,.T.);
#4051=EDGE_CURVE('',#3273,#3274,#1664,.T.);
#4052=EDGE_CURVE('',#3273,#3275,#1665,.T.);
#4053=EDGE_CURVE('',#3276,#3274,#1666,.T.);
#4054=EDGE_CURVE('',#3275,#3276,#1667,.T.);
#4055=EDGE_CURVE('',#3277,#3275,#1668,.T.);
#4056=EDGE_CURVE('',#3278,#3276,#1669,.T.);
#4057=EDGE_CURVE('',#3277,#3278,#1670,.T.);
#4058=EDGE_CURVE('',#3279,#3277,#1671,.T.);
#4059=EDGE_CURVE('',#3280,#3278,#1672,.T.);
#4060=EDGE_CURVE('',#3279,#3280,#1673,.T.);
#4061=EDGE_CURVE('',#3281,#3265,#1674,.T.);
#4062=EDGE_CURVE('',#3281,#3279,#1675,.T.);
#4063=EDGE_CURVE('',#3282,#3280,#1676,.T.);
#4064=EDGE_CURVE('',#3267,#3282,#1677,.T.);
#4065=EDGE_CURVE('',#3283,#3284,#378,.T.);
#4066=EDGE_CURVE('',#3284,#3285,#1678,.T.);
#4067=EDGE_CURVE('',#3285,#3286,#379,.T.);
#4068=EDGE_CURVE('',#3286,#3283,#1679,.T.);
#4069=EDGE_CURVE('',#3287,#3285,#1680,.T.);
#4070=EDGE_CURVE('',#3288,#3287,#380,.T.);
#4071=EDGE_CURVE('',#3289,#3288,#1681,.T.);
#4072=EDGE_CURVE('',#3290,#3289,#381,.T.);
#4073=EDGE_CURVE('',#3290,#3291,#1682,.T.);
#4074=EDGE_CURVE('',#3292,#3291,#1683,.T.);
#4075=EDGE_CURVE('',#3293,#3292,#1684,.T.);
#4076=EDGE_CURVE('',#3293,#3286,#1685,.T.);
#4077=EDGE_CURVE('',#3284,#3294,#1686,.T.);
#4078=EDGE_CURVE('',#3287,#3294,#1687,.T.);
#4079=EDGE_CURVE('',#3294,#3295,#382,.T.);
#4080=EDGE_CURVE('',#3295,#3288,#1688,.T.);
#4081=EDGE_CURVE('',#3289,#3296,#1689,.T.);
#4082=EDGE_CURVE('',#3296,#3297,#383,.T.);
#4083=EDGE_CURVE('',#3297,#3290,#1690,.T.);
#4084=EDGE_CURVE('',#3298,#3297,#1691,.T.);
#4085=EDGE_CURVE('',#3298,#3291,#1692,.T.);
#4086=EDGE_CURVE('',#3296,#3295,#1693,.T.);
#4087=EDGE_CURVE('',#3299,#3283,#1694,.T.);
#4088=EDGE_CURVE('',#3300,#3299,#1695,.T.);
#4089=EDGE_CURVE('',#3300,#3298,#1696,.T.);
#4090=EDGE_CURVE('',#3299,#3301,#1697,.T.);
#4091=EDGE_CURVE('',#3301,#3302,#1698,.T.);
#4092=EDGE_CURVE('',#3302,#3293,#1699,.T.);
#4093=EDGE_CURVE('',#3292,#3303,#1700,.T.);
#4094=EDGE_CURVE('',#3303,#3304,#1701,.T.);
#4095=EDGE_CURVE('',#3304,#3305,#1702,.T.);
#4096=EDGE_CURVE('',#3305,#3306,#1703,.T.);
#4097=EDGE_CURVE('',#3306,#3300,#1704,.T.);
#4098=EDGE_CURVE('',#3307,#3307,#384,.T.);
#4099=EDGE_CURVE('',#3307,#3308,#1705,.T.);
#4100=EDGE_CURVE('',#3308,#3308,#385,.T.);
#4101=EDGE_CURVE('',#3309,#3309,#386,.T.);
#4102=EDGE_CURVE('',#3309,#3310,#1706,.T.);
#4103=EDGE_CURVE('',#3310,#3310,#387,.T.);
#4104=EDGE_CURVE('',#3311,#3311,#388,.T.);
#4105=EDGE_CURVE('',#3311,#3312,#1707,.T.);
#4106=EDGE_CURVE('',#3312,#3312,#389,.T.);
#4107=EDGE_CURVE('',#3313,#3313,#390,.T.);
#4108=EDGE_CURVE('',#3313,#3314,#1708,.T.);
#4109=EDGE_CURVE('',#3314,#3314,#391,.T.);
#4110=EDGE_CURVE('',#3315,#3315,#392,.T.);
#4111=EDGE_CURVE('',#3315,#3316,#1709,.T.);
#4112=EDGE_CURVE('',#3316,#3316,#393,.T.);
#4113=EDGE_CURVE('',#3317,#3317,#394,.T.);
#4114=EDGE_CURVE('',#3317,#3318,#1710,.T.);
#4115=EDGE_CURVE('',#3318,#3318,#395,.T.);
#4116=EDGE_CURVE('',#3319,#3319,#396,.T.);
#4117=EDGE_CURVE('',#3319,#3320,#1711,.T.);
#4118=EDGE_CURVE('',#3320,#3320,#397,.T.);
#4119=EDGE_CURVE('',#3321,#3321,#398,.T.);
#4120=EDGE_CURVE('',#3321,#3322,#1712,.T.);
#4121=EDGE_CURVE('',#3322,#3322,#399,.T.);
#4122=EDGE_CURVE('',#3323,#3323,#400,.T.);
#4123=EDGE_CURVE('',#3323,#3324,#1713,.T.);
#4124=EDGE_CURVE('',#3324,#3324,#401,.T.);
#4125=EDGE_CURVE('',#3325,#3325,#402,.T.);
#4126=EDGE_CURVE('',#3325,#3326,#1714,.T.);
#4127=EDGE_CURVE('',#3326,#3326,#403,.T.);
#4128=EDGE_CURVE('',#3327,#3327,#404,.T.);
#4129=EDGE_CURVE('',#3327,#3328,#1715,.T.);
#4130=EDGE_CURVE('',#3328,#3328,#405,.T.);
#4131=EDGE_CURVE('',#3329,#3329,#406,.T.);
#4132=EDGE_CURVE('',#3329,#3330,#1716,.T.);
#4133=EDGE_CURVE('',#3330,#3330,#407,.T.);
#4134=EDGE_CURVE('',#3331,#3331,#408,.T.);
#4135=EDGE_CURVE('',#3331,#3332,#1717,.T.);
#4136=EDGE_CURVE('',#3332,#3332,#409,.T.);
#4137=EDGE_CURVE('',#3333,#3333,#410,.T.);
#4138=EDGE_CURVE('',#3333,#3334,#1718,.T.);
#4139=EDGE_CURVE('',#3334,#3334,#411,.T.);
#4140=EDGE_CURVE('',#3335,#3335,#412,.T.);
#4141=EDGE_CURVE('',#3335,#3336,#1719,.T.);
#4142=EDGE_CURVE('',#3336,#3336,#413,.T.);
#4143=EDGE_CURVE('',#3337,#3337,#414,.T.);
#4144=EDGE_CURVE('',#3337,#3338,#1720,.T.);
#4145=EDGE_CURVE('',#3338,#3338,#415,.T.);
#4146=EDGE_CURVE('',#3339,#3339,#416,.T.);
#4147=EDGE_CURVE('',#3339,#3340,#1721,.T.);
#4148=EDGE_CURVE('',#3340,#3340,#417,.T.);
#4149=EDGE_CURVE('',#3341,#3341,#418,.T.);
#4150=EDGE_CURVE('',#3341,#3342,#1722,.T.);
#4151=EDGE_CURVE('',#3342,#3342,#419,.T.);
#4152=EDGE_CURVE('',#3343,#3343,#420,.T.);
#4153=EDGE_CURVE('',#3343,#3344,#1723,.T.);
#4154=EDGE_CURVE('',#3344,#3344,#421,.T.);
#4155=EDGE_CURVE('',#3345,#3345,#422,.T.);
#4156=EDGE_CURVE('',#3345,#3346,#1724,.T.);
#4157=EDGE_CURVE('',#3346,#3346,#423,.T.);
#4158=EDGE_CURVE('',#3347,#3347,#424,.T.);
#4159=EDGE_CURVE('',#3347,#3348,#1725,.T.);
#4160=EDGE_CURVE('',#3348,#3348,#425,.T.);
#4161=EDGE_CURVE('',#3349,#3350,#1726,.T.);
#4162=EDGE_CURVE('',#3351,#3350,#1727,.T.);
#4163=EDGE_CURVE('',#3352,#3351,#1728,.T.);
#4164=EDGE_CURVE('',#3349,#3352,#1729,.T.);
#4165=EDGE_CURVE('',#3353,#3354,#1730,.T.);
#4166=EDGE_CURVE('',#3355,#3354,#1731,.T.);
#4167=EDGE_CURVE('',#3356,#3355,#1732,.T.);
#4168=EDGE_CURVE('',#3353,#3356,#1733,.T.);
#4169=EDGE_CURVE('',#3355,#3303,#1734,.T.);
#4170=EDGE_CURVE('',#3356,#3306,#1735,.T.);
#4171=EDGE_CURVE('',#3351,#3305,#1736,.T.);
#4172=EDGE_CURVE('',#3352,#3304,#1737,.T.);
#4173=EDGE_CURVE('',#3357,#3358,#1738,.T.);
#4174=EDGE_CURVE('',#3359,#3357,#1739,.T.);
#4175=EDGE_CURVE('',#3360,#3359,#1740,.T.);
#4176=EDGE_CURVE('',#3358,#3360,#1741,.T.);
#4177=EDGE_CURVE('',#3359,#3301,#1742,.T.);
#4178=EDGE_CURVE('',#3360,#3299,#1743,.T.);
#4179=EDGE_CURVE('',#3357,#3302,#1744,.T.);
#4180=EDGE_CURVE('',#3358,#3293,#1745,.T.);
#4181=EDGE_CURVE('',#3361,#3362,#1746,.T.);
#4182=EDGE_CURVE('',#3362,#3353,#1747,.T.);
#4183=EDGE_CURVE('',#3361,#3350,#1748,.T.);
#4184=EDGE_CURVE('',#3363,#3361,#1749,.T.);
#4185=EDGE_CURVE('',#3363,#3349,#1750,.T.);
#4186=EDGE_CURVE('',#3364,#3363,#1751,.T.);
#4187=EDGE_CURVE('',#3364,#3354,#1752,.T.);
#4188=EDGE_CURVE('',#3362,#3364,#1753,.T.);
#4189=EDGE_CURVE('',#3365,#3365,#426,.T.);
#4190=EDGE_CURVE('',#3365,#3366,#1754,.T.);
#4191=EDGE_CURVE('',#3366,#3366,#427,.T.);
#4192=EDGE_CURVE('',#3367,#3368,#1755,.T.);
#4193=EDGE_CURVE('',#3368,#3369,#1756,.T.);
#4194=EDGE_CURVE('',#3369,#3370,#1757,.T.);
#4195=EDGE_CURVE('',#3370,#3367,#1758,.T.);
#4196=EDGE_CURVE('',#3371,#3372,#428,.T.);
#4197=EDGE_CURVE('',#3372,#3373,#1759,.T.);
#4198=EDGE_CURVE('',#3373,#3374,#429,.T.);
#4199=EDGE_CURVE('',#3374,#3375,#1760,.T.);
#4200=EDGE_CURVE('',#3375,#3376,#430,.T.);
#4201=EDGE_CURVE('',#3376,#3377,#1761,.T.);
#4202=EDGE_CURVE('',#3377,#3378,#431,.T.);
#4203=EDGE_CURVE('',#3378,#3371,#1762,.T.);
#4204=EDGE_CURVE('',#3379,#3380,#1763,.T.);
#4205=EDGE_CURVE('',#3380,#3368,#1764,.T.);
#4206=EDGE_CURVE('',#3379,#3367,#1765,.T.);
#4207=EDGE_CURVE('',#3381,#3379,#1766,.T.);
#4208=EDGE_CURVE('',#3381,#3370,#1767,.T.);
#4209=EDGE_CURVE('',#3382,#3381,#1768,.T.);
#4210=EDGE_CURVE('',#3382,#3369,#1769,.T.);
#4211=EDGE_CURVE('',#3380,#3382,#1770,.T.);
#4212=EDGE_CURVE('',#3383,#3384,#1771,.T.);
#4213=EDGE_CURVE('',#3383,#3371,#1772,.T.);
#4214=EDGE_CURVE('',#3385,#3378,#1773,.T.);
#4215=EDGE_CURVE('',#3384,#3385,#1774,.T.);
#4216=EDGE_CURVE('',#3386,#3384,#432,.T.);
#4217=EDGE_CURVE('',#3387,#3377,#1775,.T.);
#4218=EDGE_CURVE('',#3386,#3387,#1776,.T.);
#4219=EDGE_CURVE('',#3386,#3388,#1777,.T.);
#4220=EDGE_CURVE('',#3389,#3376,#1778,.T.);
#4221=EDGE_CURVE('',#3388,#3389,#1779,.T.);
#4222=EDGE_CURVE('',#3390,#3388,#433,.T.);
#4223=EDGE_CURVE('',#3390,#3375,#1780,.T.);
#4224=EDGE_CURVE('',#3390,#3391,#1781,.T.);
#4225=EDGE_CURVE('',#3392,#3374,#1782,.T.);
#4226=EDGE_CURVE('',#3391,#3392,#1783,.T.);
#4227=EDGE_CURVE('',#3393,#3391,#434,.T.);
#4228=EDGE_CURVE('',#3394,#3373,#1784,.T.);
#4229=EDGE_CURVE('',#3393,#3394,#1785,.T.);
#4230=EDGE_CURVE('',#3393,#3395,#1786,.T.);
#4231=EDGE_CURVE('',#3396,#3372,#1787,.T.);
#4232=EDGE_CURVE('',#3395,#3396,#1788,.T.);
#4233=EDGE_CURVE('',#3383,#3395,#435,.T.);
#4234=EDGE_CURVE('',#3397,#3398,#1789,.T.);
#4235=EDGE_CURVE('',#3397,#3399,#1790,.T.);
#4236=EDGE_CURVE('',#3399,#3400,#1791,.T.);
#4237=EDGE_CURVE('',#3398,#3400,#1792,.T.);
#4238=EDGE_CURVE('',#3401,#3397,#1793,.T.);
#4239=EDGE_CURVE('',#3401,#3402,#1794,.T.);
#4240=EDGE_CURVE('',#3402,#3399,#1795,.T.);
#4241=EDGE_CURVE('',#3403,#3401,#1796,.T.);
#4242=EDGE_CURVE('',#3403,#3404,#1797,.T.);
#4243=EDGE_CURVE('',#3404,#3402,#1798,.T.);
#4244=EDGE_CURVE('',#3405,#3403,#1799,.T.);
#4245=EDGE_CURVE('',#3405,#3406,#1800,.T.);
#4246=EDGE_CURVE('',#3406,#3404,#1801,.T.);
#4247=EDGE_CURVE('',#3407,#3405,#1802,.T.);
#4248=EDGE_CURVE('',#3407,#3408,#1803,.T.);
#4249=EDGE_CURVE('',#3408,#3406,#1804,.T.);
#4250=EDGE_CURVE('',#3398,#3407,#1805,.T.);
#4251=EDGE_CURVE('',#3400,#3408,#1806,.T.);
#4252=EDGE_CURVE('',#3409,#3410,#1807,.T.);
#4253=EDGE_CURVE('',#3409,#3411,#1808,.T.);
#4254=EDGE_CURVE('',#3411,#3412,#1809,.T.);
#4255=EDGE_CURVE('',#3410,#3412,#1810,.T.);
#4256=EDGE_CURVE('',#3413,#3409,#1811,.T.);
#4257=EDGE_CURVE('',#3413,#3414,#1812,.T.);
#4258=EDGE_CURVE('',#3414,#3411,#1813,.T.);
#4259=EDGE_CURVE('',#3415,#3413,#1814,.T.);
#4260=EDGE_CURVE('',#3415,#3416,#1815,.T.);
#4261=EDGE_CURVE('',#3416,#3414,#1816,.T.);
#4262=EDGE_CURVE('',#3417,#3415,#1817,.T.);
#4263=EDGE_CURVE('',#3417,#3418,#1818,.T.);
#4264=EDGE_CURVE('',#3418,#3416,#1819,.T.);
#4265=EDGE_CURVE('',#3419,#3417,#1820,.T.);
#4266=EDGE_CURVE('',#3419,#3420,#1821,.T.);
#4267=EDGE_CURVE('',#3420,#3418,#1822,.T.);
#4268=EDGE_CURVE('',#3410,#3419,#1823,.T.);
#4269=EDGE_CURVE('',#3412,#3420,#1824,.T.);
#4270=EDGE_CURVE('',#3421,#3422,#1825,.T.);
#4271=EDGE_CURVE('',#3421,#3423,#1826,.T.);
#4272=EDGE_CURVE('',#3424,#3423,#1827,.T.);
#4273=EDGE_CURVE('',#3422,#3424,#1828,.T.);
#4274=EDGE_CURVE('',#3422,#3425,#1829,.T.);
#4275=EDGE_CURVE('',#3426,#3424,#1830,.T.);
#4276=EDGE_CURVE('',#3425,#3426,#1831,.T.);
#4277=EDGE_CURVE('',#3427,#3428,#436,.T.);
#4278=EDGE_CURVE('',#3427,#3429,#1832,.T.);
#4279=EDGE_CURVE('',#3429,#3430,#1833,.T.);
#4280=EDGE_CURVE('',#3431,#3430,#437,.T.);
#4281=EDGE_CURVE('',#3431,#3432,#1834,.T.);
#4282=EDGE_CURVE('',#3433,#3432,#438,.T.);
#4283=EDGE_CURVE('',#3433,#3434,#1835,.T.);
#4284=EDGE_CURVE('',#3435,#3434,#439,.T.);
#4285=EDGE_CURVE('',#3435,#3428,#1836,.T.);
#4286=EDGE_CURVE('',#3436,#3437,#1837,.T.);
#4287=EDGE_CURVE('',#3437,#3438,#1838,.T.);
#4288=EDGE_CURVE('',#3438,#3439,#1839,.T.);
#4289=EDGE_CURVE('',#3440,#3439,#1840,.T.);
#4290=EDGE_CURVE('',#3440,#3441,#1841,.T.);
#4291=EDGE_CURVE('',#3441,#3442,#1842,.T.);
#4292=EDGE_CURVE('',#3442,#3443,#1843,.T.);
#4293=EDGE_CURVE('',#3443,#3444,#1844,.T.);
#4294=EDGE_CURVE('',#3444,#3436,#1845,.T.);
#4295=EDGE_CURVE('',#3445,#3446,#1846,.T.);
#4296=EDGE_CURVE('',#3446,#3447,#1847,.T.);
#4297=EDGE_CURVE('',#3447,#3448,#1848,.T.);
#4298=EDGE_CURVE('',#3448,#3445,#1849,.T.);
#4299=EDGE_CURVE('',#3449,#3450,#1850,.T.);
#4300=EDGE_CURVE('',#3450,#3451,#1851,.T.);
#4301=EDGE_CURVE('',#3451,#3452,#1852,.T.);
#4302=EDGE_CURVE('',#3452,#3449,#1853,.T.);
#4303=EDGE_CURVE('',#3453,#3454,#1854,.T.);
#4304=EDGE_CURVE('',#3454,#3455,#1855,.T.);
#4305=EDGE_CURVE('',#3455,#3456,#1856,.T.);
#4306=EDGE_CURVE('',#3456,#3453,#1857,.T.);
#4307=EDGE_CURVE('',#3457,#3426,#1858,.T.);
#4308=EDGE_CURVE('',#3423,#3457,#1859,.T.);
#4309=EDGE_CURVE('',#3458,#3459,#1860,.T.);
#4310=EDGE_CURVE('',#3459,#3460,#1861,.T.);
#4311=EDGE_CURVE('',#3460,#3461,#1862,.T.);
#4312=EDGE_CURVE('',#3461,#3458,#1863,.T.);
#4313=EDGE_CURVE('',#3457,#3462,#1864,.T.);
#4314=EDGE_CURVE('',#3463,#3462,#1865,.T.);
#4315=EDGE_CURVE('',#3463,#3425,#1866,.T.);
#4316=EDGE_CURVE('',#3421,#3464,#1867,.T.);
#4317=EDGE_CURVE('',#3462,#3464,#1868,.T.);
#4318=EDGE_CURVE('',#3422,#3465,#1869,.T.);
#4319=EDGE_CURVE('',#3464,#3465,#1870,.T.);
#4320=EDGE_CURVE('',#3465,#3463,#1871,.T.);
#4321=EDGE_CURVE('',#3466,#3467,#1872,.T.);
#4322=EDGE_CURVE('',#3466,#3468,#1873,.T.);
#4323=EDGE_CURVE('',#3469,#3468,#1874,.T.);
#4324=EDGE_CURVE('',#3467,#3469,#1875,.T.);
#4325=EDGE_CURVE('',#3470,#3470,#440,.T.);
#4326=EDGE_CURVE('',#3470,#3471,#1876,.T.);
#4327=EDGE_CURVE('',#3471,#3471,#441,.T.);
#4328=EDGE_CURVE('',#3472,#3472,#442,.T.);
#4329=EDGE_CURVE('',#3472,#3473,#1877,.T.);
#4330=EDGE_CURVE('',#3473,#3473,#443,.T.);
#4331=EDGE_CURVE('',#3474,#3475,#444,.T.);
#4332=EDGE_CURVE('',#3475,#3476,#96,.T.);
#4333=EDGE_CURVE('',#3476,#3477,#88,.T.);
#4334=EDGE_CURVE('',#3477,#3474,#97,.T.);
#4335=EDGE_CURVE('',#3478,#3479,#445,.T.);
#4336=EDGE_CURVE('',#3479,#3475,#1878,.T.);
#4337=EDGE_CURVE('',#3474,#3478,#1879,.T.);
#4338=EDGE_CURVE('',#3480,#3481,#89,.T.);
#4339=EDGE_CURVE('',#3481,#3479,#98,.T.);
#4340=EDGE_CURVE('',#3478,#3480,#99,.T.);
#4341=EDGE_CURVE('',#3482,#3477,#1880,.T.);
#4342=EDGE_CURVE('',#3483,#3482,#1881,.T.);
#4343=EDGE_CURVE('',#3483,#3480,#1882,.T.);
#4344=EDGE_CURVE('',#3484,#3485,#446,.T.);
#4345=EDGE_CURVE('',#3485,#3486,#1883,.T.);
#4346=EDGE_CURVE('',#3486,#3487,#447,.T.);
#4347=EDGE_CURVE('',#3487,#3484,#1884,.T.);
#4348=EDGE_CURVE('',#3484,#3488,#1885,.T.);
#4349=EDGE_CURVE('',#3488,#3489,#448,.T.);
#4350=EDGE_CURVE('',#3489,#3485,#1886,.T.);
#4351=EDGE_CURVE('',#3490,#3491,#90,.T.);
#4352=EDGE_CURVE('',#3491,#3489,#100,.T.);
#4353=EDGE_CURVE('',#3488,#3490,#101,.T.);
#4354=EDGE_CURVE('',#3492,#3493,#91,.T.);
#4355=EDGE_CURVE('',#3493,#3487,#102,.T.);
#4356=EDGE_CURVE('',#3486,#3492,#103,.T.);
#4357=EDGE_CURVE('',#3486,#3494,#1887,.T.);
#4358=EDGE_CURVE('',#3494,#3495,#104,.T.);
#4359=EDGE_CURVE('',#3495,#3492,#1888,.T.);
#4360=EDGE_CURVE('',#3494,#3479,#1889,.T.);
#4361=EDGE_CURVE('',#3496,#3489,#1890,.T.);
#4362=EDGE_CURVE('',#3475,#3496,#1891,.T.);
#4363=EDGE_CURVE('',#3491,#3497,#1892,.T.);
#4364=EDGE_CURVE('',#3496,#3497,#105,.T.);
#4365=EDGE_CURVE('',#3497,#3476,#1893,.T.);
#4366=EDGE_CURVE('',#3498,#3497,#1894,.T.);
#4367=EDGE_CURVE('',#3498,#3499,#1895,.T.);
#4368=EDGE_CURVE('',#3500,#3499,#1896,.T.);
#4369=EDGE_CURVE('',#3482,#3500,#1897,.T.);
#4370=EDGE_CURVE('',#3501,#3490,#1898,.T.);
#4371=EDGE_CURVE('',#3502,#3501,#1899,.T.);
#4372=EDGE_CURVE('',#3502,#3503,#1900,.T.);
#4373=EDGE_CURVE('',#3503,#3498,#1901,.T.);
#4374=EDGE_CURVE('',#3481,#3495,#1902,.T.);
#4375=EDGE_CURVE('',#3504,#3493,#1903,.T.);
#4376=EDGE_CURVE('',#3458,#3495,#1904,.T.);
#4377=EDGE_CURVE('',#3505,#3461,#1905,.T.);
#4378=EDGE_CURVE('',#3504,#3505,#1906,.T.);
#4379=EDGE_CURVE('',#3506,#3483,#1907,.T.);
#4380=EDGE_CURVE('',#3506,#3459,#1908,.T.);
#4381=EDGE_CURVE('',#3507,#3508,#1909,.F.);
#4382=EDGE_CURVE('',#3508,#3509,#1910,.T.);
#4383=EDGE_CURVE('',#3509,#3510,#1911,.F.);
#4384=EDGE_CURVE('',#3510,#3507,#1912,.T.);
#4385=EDGE_CURVE('',#3511,#3508,#1913,.T.);
#4386=EDGE_CURVE('',#3511,#3512,#1914,.T.);
#4387=EDGE_CURVE('',#3512,#3438,#1915,.T.);
#4388=EDGE_CURVE('',#3513,#3437,#1916,.T.);
#4389=EDGE_CURVE('',#3513,#3514,#1917,.T.);
#4390=EDGE_CURVE('',#3514,#3509,#1918,.T.);
#4391=EDGE_CURVE('',#3507,#3515,#1919,.T.);
#4392=EDGE_CURVE('',#3516,#3515,#1920,.T.);
#4393=EDGE_CURVE('',#3517,#3516,#1921,.T.);
#4394=EDGE_CURVE('',#3518,#3517,#1922,.T.);
#4395=EDGE_CURVE('',#3519,#3518,#1923,.T.);
#4396=EDGE_CURVE('',#3511,#3519,#1924,.T.);
#4397=EDGE_CURVE('',#3517,#3468,#1925,.T.);
#4398=EDGE_CURVE('',#3518,#3466,#1926,.T.);
#4399=EDGE_CURVE('',#3520,#3520,#106,.T.);
#4400=EDGE_CURVE('',#3521,#3522,#1927,.F.);
#4401=EDGE_CURVE('',#3498,#3521,#1928,.T.);
#4402=EDGE_CURVE('',#3503,#3522,#1929,.T.);
#4403=EDGE_CURVE('',#3523,#3523,#107,.T.);
#4404=EDGE_CURVE('',#3524,#3466,#1930,.T.);
#4405=EDGE_CURVE('',#3524,#3519,#1931,.T.);
#4406=EDGE_CURVE('',#3521,#3525,#1932,.T.);
#4407=EDGE_CURVE('',#3525,#3526,#1933,.T.);
#4408=EDGE_CURVE('',#3526,#3498,#1934,.T.);
#4409=EDGE_CURVE('',#3512,#3524,#1935,.T.);
#4410=EDGE_CURVE('',#3527,#3527,#449,.T.);
#4411=EDGE_CURVE('',#3525,#3514,#1936,.T.);
#4412=EDGE_CURVE('',#3526,#3513,#1937,.T.);
#4413=EDGE_CURVE('',#3528,#3528,#450,.T.);
#4414=EDGE_CURVE('',#3529,#3530,#1938,.T.);
#4415=EDGE_CURVE('',#3530,#3531,#1939,.T.);
#4416=EDGE_CURVE('',#3531,#3532,#1940,.T.);
#4417=EDGE_CURVE('',#3532,#3529,#1941,.T.);
#4418=EDGE_CURVE('',#3533,#3534,#1942,.T.);
#4419=EDGE_CURVE('',#3534,#3535,#1943,.T.);
#4420=EDGE_CURVE('',#3535,#3536,#1944,.T.);
#4421=EDGE_CURVE('',#3533,#3536,#1945,.T.);
#4422=EDGE_CURVE('',#3535,#3532,#1946,.T.);
#4423=EDGE_CURVE('',#3529,#3534,#1947,.T.);
#4424=EDGE_CURVE('',#3537,#3538,#1948,.T.);
#4425=EDGE_CURVE('',#3538,#3539,#1949,.T.);
#4426=EDGE_CURVE('',#3539,#3540,#1950,.T.);
#4427=EDGE_CURVE('',#3537,#3540,#1951,.T.);
#4428=EDGE_CURVE('',#3541,#3538,#1952,.T.);
#4429=EDGE_CURVE('',#3542,#3541,#1953,.T.);
#4430=EDGE_CURVE('',#3539,#3542,#1954,.T.);
#4431=EDGE_CURVE('',#3541,#3543,#1955,.T.);
#4432=EDGE_CURVE('',#3543,#3544,#1956,.T.);
#4433=EDGE_CURVE('',#3544,#3542,#1957,.T.);
#4434=EDGE_CURVE('',#3545,#3545,#451,.T.);
#4435=EDGE_CURVE('',#3545,#3546,#1958,.T.);
#4436=EDGE_CURVE('',#3546,#3546,#108,.T.);
#4437=EDGE_CURVE('',#3528,#3523,#1959,.T.);
#4438=EDGE_CURVE('',#3527,#3520,#1960,.T.);
#4439=EDGE_CURVE('',#3547,#3547,#452,.T.);
#4440=EDGE_CURVE('',#3547,#3548,#1961,.T.);
#4441=EDGE_CURVE('',#3548,#3548,#109,.T.);
#4442=EDGE_CURVE('',#3549,#3550,#1962,.T.);
#4443=EDGE_CURVE('',#3549,#3551,#1963,.T.);
#4444=EDGE_CURVE('',#3552,#3551,#1964,.T.);
#4445=EDGE_CURVE('',#3466,#3552,#1965,.T.);
#4446=EDGE_CURVE('',#3550,#3466,#1966,.T.);
#4447=EDGE_CURVE('',#3553,#3549,#1967,.T.);
#4448=EDGE_CURVE('',#3554,#3553,#1968,.T.);
#4449=EDGE_CURVE('',#3554,#3551,#1969,.T.);
#4450=EDGE_CURVE('',#3550,#3555,#1970,.T.);
#4451=EDGE_CURVE('',#3553,#3555,#1971,.T.);
#4452=EDGE_CURVE('',#3469,#3502,#1972,.T.);
#4453=EDGE_CURVE('',#3516,#3556,#1973,.T.);
#4454=EDGE_CURVE('',#3556,#3522,#1974,.T.);
#4455=EDGE_CURVE('',#3557,#3557,#453,.T.);
#4456=EDGE_CURVE('',#3557,#3558,#1975,.T.);
#4457=EDGE_CURVE('',#3558,#3558,#110,.T.);
#4458=EDGE_CURVE('',#3559,#3559,#454,.T.);
#4459=EDGE_CURVE('',#3559,#3560,#1976,.T.);
#4460=EDGE_CURVE('',#3560,#3560,#111,.T.);
#4461=EDGE_CURVE('',#3561,#3562,#1977,.T.);
#4462=EDGE_CURVE('',#3561,#3499,#1978,.T.);
#4463=EDGE_CURVE('',#3562,#3498,#1979,.T.);
#4464=EDGE_CURVE('',#3563,#3561,#1980,.T.);
#4465=EDGE_CURVE('',#3500,#3563,#1981,.T.);
#4466=EDGE_CURVE('',#3555,#3467,#1982,.T.);
#4467=EDGE_CURVE('',#3530,#3554,#1983,.T.);
#4468=EDGE_CURVE('',#3543,#3533,#1984,.T.);
#4469=EDGE_CURVE('',#3563,#3537,#1985,.T.);
#4470=EDGE_CURVE('',#3562,#3564,#1986,.T.);
#4471=EDGE_CURVE('',#3564,#3565,#1987,.T.);
#4472=EDGE_CURVE('',#3565,#3443,#1988,.T.);
#4473=EDGE_CURVE('',#3566,#3442,#1989,.T.);
#4474=EDGE_CURVE('',#3566,#3567,#1990,.T.);
#4475=EDGE_CURVE('',#3567,#3552,#1991,.T.);
#4476=EDGE_CURVE('',#3568,#3568,#455,.T.);
#4477=EDGE_CURVE('',#3568,#3569,#1992,.T.);
#4478=EDGE_CURVE('',#3569,#3569,#456,.T.);
#4479=EDGE_CURVE('',#3556,#3570,#1993,.T.);
#4480=EDGE_CURVE('',#3570,#3510,#1994,.T.);
#4481=EDGE_CURVE('',#3515,#3570,#1995,.T.);
#4482=EDGE_CURVE('',#3571,#3572,#1996,.T.);
#4483=EDGE_CURVE('',#3573,#3571,#1997,.T.);
#4484=EDGE_CURVE('',#3574,#3573,#1998,.T.);
#4485=EDGE_CURVE('',#3572,#3574,#1999,.T.);
#4486=EDGE_CURVE('',#3575,#3571,#2000,.T.);
#4487=EDGE_CURVE('',#3576,#3575,#2001,.T.);
#4488=EDGE_CURVE('',#3576,#3573,#2002,.T.);
#4489=EDGE_CURVE('',#3577,#3572,#2003,.T.);
#4490=EDGE_CURVE('',#3575,#3577,#2004,.T.);
#4491=EDGE_CURVE('',#3578,#3576,#2005,.T.);
#4492=EDGE_CURVE('',#3578,#3574,#2006,.T.);
#4493=EDGE_CURVE('',#3577,#3578,#2007,.T.);
#4494=EDGE_CURVE('',#3526,#3579,#2008,.T.);
#4495=EDGE_CURVE('',#3565,#3579,#2009,.T.);
#4496=EDGE_CURVE('',#3526,#3564,#2010,.T.);
#4497=EDGE_CURVE('',#3428,#3580,#2011,.T.);
#4498=EDGE_CURVE('',#3580,#3581,#457,.T.);
#4499=EDGE_CURVE('',#3581,#3427,#2012,.T.);
#4500=EDGE_CURVE('',#3582,#3435,#2013,.T.);
#4501=EDGE_CURVE('',#3580,#3582,#2014,.T.);
#4502=EDGE_CURVE('',#3434,#3583,#2015,.T.);
#4503=EDGE_CURVE('',#3583,#3582,#458,.T.);
#4504=EDGE_CURVE('',#3584,#3433,#2016,.T.);
#4505=EDGE_CURVE('',#3583,#3584,#2017,.T.);
#4506=EDGE_CURVE('',#3432,#3585,#2018,.T.);
#4507=EDGE_CURVE('',#3585,#3584,#459,.T.);
#4508=EDGE_CURVE('',#3586,#3431,#2019,.T.);
#4509=EDGE_CURVE('',#3585,#3586,#2020,.T.);
#4510=EDGE_CURVE('',#3430,#3587,#2021,.T.);
#4511=EDGE_CURVE('',#3587,#3586,#460,.T.);
#4512=EDGE_CURVE('',#3587,#3581,#2022,.T.);
#4513=EDGE_CURVE('',#3588,#3524,#2023,.T.);
#4514=EDGE_CURVE('',#3588,#3440,#2024,.T.);
#4515=EDGE_CURVE('',#3589,#3440,#2025,.T.);
#4516=EDGE_CURVE('',#3524,#3589,#2026,.T.);
#4517=EDGE_CURVE('',#3439,#3589,#2027,.T.);
#4518=EDGE_CURVE('',#3590,#3531,#2028,.T.);
#4519=EDGE_CURVE('',#3590,#3453,#2029,.T.);
#4520=EDGE_CURVE('',#3591,#3456,#2030,.T.);
#4521=EDGE_CURVE('',#3540,#3591,#2031,.T.);
#4522=EDGE_CURVE('',#3536,#3544,#2032,.T.);
#4523=EDGE_CURVE('',#3501,#3592,#2033,.T.);
#4524=EDGE_CURVE('',#3592,#3504,#2034,.T.);
#4525=EDGE_CURVE('',#3505,#3593,#2035,.T.);
#4526=EDGE_CURVE('',#3593,#3506,#2036,.T.);
#4527=EDGE_CURVE('',#3591,#3594,#2037,.T.);
#4528=EDGE_CURVE('',#3594,#3595,#2038,.T.);
#4529=EDGE_CURVE('',#3595,#3590,#2039,.T.);
#4530=EDGE_CURVE('',#3526,#3436,#2040,.T.);
#4531=EDGE_CURVE('',#3596,#3566,#2041,.T.);
#4532=EDGE_CURVE('',#3588,#3596,#2042,.T.);
#4533=EDGE_CURVE('',#3567,#3524,#2043,.T.);
#4534=EDGE_CURVE('',#3596,#3441,#2044,.T.);
#4535=EDGE_CURVE('',#3579,#3444,#2045,.T.);
#4536=EDGE_CURVE('',#3592,#3484,#2046,.T.);
#4537=EDGE_CURVE('',#3593,#3460,#2047,.T.);
#4538=EDGE_CURVE('',#3597,#3598,#2048,.T.);
#4539=EDGE_CURVE('',#3597,#3445,#2049,.T.);
#4540=EDGE_CURVE('',#3598,#3448,#2050,.T.);
#4541=EDGE_CURVE('',#3598,#3599,#2051,.T.);
#4542=EDGE_CURVE('',#3599,#3447,#2052,.T.);
#4543=EDGE_CURVE('',#3599,#3600,#2053,.T.);
#4544=EDGE_CURVE('',#3600,#3446,#2054,.T.);
#4545=EDGE_CURVE('',#3600,#3597,#2055,.T.);
#4546=EDGE_CURVE('',#3601,#3602,#2056,.T.);
#4547=EDGE_CURVE('',#3601,#3449,#2057,.T.);
#4548=EDGE_CURVE('',#3602,#3452,#2058,.T.);
#4549=EDGE_CURVE('',#3602,#3603,#2059,.T.);
#4550=EDGE_CURVE('',#3603,#3451,#2060,.T.);
#4551=EDGE_CURVE('',#3603,#3604,#2061,.T.);
#4552=EDGE_CURVE('',#3604,#3450,#2062,.T.);
#4553=EDGE_CURVE('',#3604,#3601,#2063,.T.);
#4554=EDGE_CURVE('',#3594,#3455,#2064,.T.);
#4555=EDGE_CURVE('',#3595,#3454,#2065,.T.);
#4556=EDGE_CURVE('',#3605,#3606,#2066,.T.);
#4557=EDGE_CURVE('',#3607,#3605,#2067,.T.);
#4558=EDGE_CURVE('',#3608,#3607,#2068,.T.);
#4559=EDGE_CURVE('',#3606,#3608,#2069,.T.);
#4560=EDGE_CURVE('',#3609,#3610,#92,.T.);
#4561=EDGE_CURVE('',#3609,#3611,#93,.T.);
#4562=EDGE_CURVE('',#3611,#3612,#94,.F.);
#4563=EDGE_CURVE('',#3612,#3610,#95,.T.);
#4564=EDGE_CURVE('',#3613,#3612,#2070,.T.);
#4565=EDGE_CURVE('',#3613,#3614,#461,.T.);
#4566=EDGE_CURVE('',#3614,#3610,#2071,.T.);
#4567=EDGE_CURVE('',#3615,#3616,#462,.T.);
#4568=EDGE_CURVE('',#3616,#3617,#2072,.T.);
#4569=EDGE_CURVE('',#3617,#3618,#2073,.T.);
#4570=EDGE_CURVE('',#3615,#3618,#2074,.T.);
#4571=EDGE_CURVE('',#3616,#3613,#463,.T.);
#4572=EDGE_CURVE('',#3611,#3617,#2075,.T.);
#4573=EDGE_CURVE('',#3614,#3615,#464,.T.);
#4574=EDGE_CURVE('',#3618,#3609,#2076,.T.);
#4575=EDGE_CURVE('',#3619,#3620,#2077,.T.);
#4576=EDGE_CURVE('',#3619,#3607,#2078,.T.);
#4577=EDGE_CURVE('',#3620,#3605,#2079,.T.);
#4578=EDGE_CURVE('',#3621,#3619,#2080,.T.);
#4579=EDGE_CURVE('',#3622,#3621,#2081,.T.);
#4580=EDGE_CURVE('',#3623,#3622,#2082,.T.);
#4581=EDGE_CURVE('',#3624,#3623,#2083,.T.);
#4582=EDGE_CURVE('',#3625,#3624,#2084,.T.);
#4583=EDGE_CURVE('',#3625,#3608,#2085,.T.);
#4584=EDGE_CURVE('',#3626,#3625,#2086,.T.);
#4585=EDGE_CURVE('',#3626,#3606,#2087,.T.);
#4586=EDGE_CURVE('',#3627,#3626,#2088,.T.);
#4587=EDGE_CURVE('',#3611,#3627,#2089,.T.);
#4588=EDGE_CURVE('',#3628,#3609,#2090,.T.);
#4589=EDGE_CURVE('',#3620,#3628,#2091,.T.);
#4590=EDGE_CURVE('',#3629,#3621,#2092,.T.);
#4591=EDGE_CURVE('',#3630,#3629,#2093,.T.);
#4592=EDGE_CURVE('',#3622,#3630,#2094,.T.);
#4593=EDGE_CURVE('',#3631,#3623,#2095,.T.);
#4594=EDGE_CURVE('',#3631,#3632,#2096,.T.);
#4595=EDGE_CURVE('',#3624,#3632,#2097,.T.);
#4596=EDGE_CURVE('',#3633,#3627,#2098,.T.);
#4597=EDGE_CURVE('',#3617,#3633,#2099,.T.);
#4598=EDGE_CURVE('',#3634,#3635,#465,.T.);
#4599=EDGE_CURVE('',#3635,#3636,#2100,.T.);
#4600=EDGE_CURVE('',#3636,#3637,#466,.T.);
#4601=EDGE_CURVE('',#3637,#3634,#2101,.T.);
#4602=EDGE_CURVE('',#3638,#3635,#2102,.T.);
#4603=EDGE_CURVE('',#3639,#3638,#2103,.T.);
#4604=EDGE_CURVE('',#3636,#3639,#2104,.T.);
#4605=EDGE_CURVE('',#3628,#3640,#2105,.T.);
#4606=EDGE_CURVE('',#3640,#3633,#2106,.T.);
#4607=EDGE_CURVE('',#3632,#3641,#2107,.T.);
#4608=EDGE_CURVE('',#3642,#3641,#467,.T.);
#4609=EDGE_CURVE('',#3642,#3643,#2108,.T.);
#4610=EDGE_CURVE('',#3638,#3643,#468,.T.);
#4611=EDGE_CURVE('',#3634,#3644,#2109,.T.);
#4612=EDGE_CURVE('',#3645,#3644,#469,.T.);
#4613=EDGE_CURVE('',#3645,#3629,#2110,.T.);
#4614=EDGE_CURVE('',#3643,#3646,#2111,.T.);
#4615=EDGE_CURVE('',#3646,#3639,#470,.T.);
#4616=EDGE_CURVE('',#3647,#3642,#2112,.T.);
#4617=EDGE_CURVE('',#3646,#3647,#2113,.T.);
#4618=EDGE_CURVE('',#3641,#3648,#2114,.T.);
#4619=EDGE_CURVE('',#3648,#3647,#471,.T.);
#4620=EDGE_CURVE('',#3630,#3631,#2115,.T.);
#4621=EDGE_CURVE('',#3649,#3645,#2116,.T.);
#4622=EDGE_CURVE('',#3648,#3649,#2117,.T.);
#4623=EDGE_CURVE('',#3644,#3650,#2118,.T.);
#4624=EDGE_CURVE('',#3650,#3649,#472,.T.);
#4625=EDGE_CURVE('',#3650,#3637,#2119,.T.);
#4626=EDGE_CURVE('',#3618,#3640,#2120,.T.);
#4627=EDGE_CURVE('',#3651,#3652,#2121,.T.);
#4628=EDGE_CURVE('',#3651,#3653,#2122,.T.);
#4629=EDGE_CURVE('',#3653,#3654,#2123,.T.);
#4630=EDGE_CURVE('',#3652,#3654,#2124,.T.);
#4631=EDGE_CURVE('',#3655,#3651,#2125,.T.);
#4632=EDGE_CURVE('',#3655,#3656,#2126,.T.);
#4633=EDGE_CURVE('',#3656,#3653,#2127,.T.);
#4634=EDGE_CURVE('',#3657,#3658,#2128,.T.);
#4635=EDGE_CURVE('',#3659,#3657,#2129,.T.);
#4636=EDGE_CURVE('',#3660,#3659,#2130,.T.);
#4637=EDGE_CURVE('',#3658,#3660,#2131,.T.);
#4638=EDGE_CURVE('',#3661,#3655,#2132,.T.);
#4639=EDGE_CURVE('',#3661,#3662,#2133,.T.);
#4640=EDGE_CURVE('',#3662,#3656,#2134,.T.);
#4641=EDGE_CURVE('',#3652,#3661,#2135,.T.);
#4642=EDGE_CURVE('',#3654,#3662,#2136,.T.);
#4643=EDGE_CURVE('',#3663,#3664,#2137,.T.);
#4644=EDGE_CURVE('',#3665,#3663,#2138,.T.);
#4645=EDGE_CURVE('',#3666,#3665,#2139,.T.);
#4646=EDGE_CURVE('',#3664,#3666,#2140,.T.);
#4647=EDGE_CURVE('',#3666,#3667,#2141,.T.);
#4648=EDGE_CURVE('',#3668,#3667,#2142,.T.);
#4649=EDGE_CURVE('',#3664,#3668,#2143,.T.);
#4650=EDGE_CURVE('',#3669,#3657,#2144,.T.);
#4651=EDGE_CURVE('',#3669,#3670,#2145,.T.);
#4652=EDGE_CURVE('',#3670,#3659,#2146,.T.);
#4653=EDGE_CURVE('',#3665,#3671,#2147,.T.);
#4654=EDGE_CURVE('',#3667,#3671,#2148,.T.);
#4655=EDGE_CURVE('',#3670,#3672,#2149,.T.);
#4656=EDGE_CURVE('',#3672,#3660,#2150,.T.);
#4657=EDGE_CURVE('',#3663,#3673,#2151,.T.);
#4658=EDGE_CURVE('',#3671,#3673,#2152,.T.);
#4659=EDGE_CURVE('',#3673,#3668,#2153,.T.);
#4660=EDGE_CURVE('',#3674,#3658,#2154,.T.);
#4661=EDGE_CURVE('',#3674,#3669,#2155,.T.);
#4662=EDGE_CURVE('',#3672,#3674,#2156,.T.);
#4663=EDGE_CURVE('',#3675,#3676,#2157,.T.);
#4664=EDGE_CURVE('',#3675,#3677,#2158,.T.);
#4665=EDGE_CURVE('',#3678,#3677,#2159,.T.);
#4666=EDGE_CURVE('',#3676,#3678,#2160,.T.);
#4667=EDGE_CURVE('',#3676,#3679,#2161,.T.);
#4668=EDGE_CURVE('',#3680,#3678,#2162,.T.);
#4669=EDGE_CURVE('',#3679,#3680,#2163,.T.);
#4670=EDGE_CURVE('',#3679,#3681,#2164,.T.);
#4671=EDGE_CURVE('',#3682,#3680,#2165,.T.);
#4672=EDGE_CURVE('',#3681,#3682,#2166,.T.);
#4673=EDGE_CURVE('',#3681,#3675,#2167,.T.);
#4674=EDGE_CURVE('',#3677,#3682,#2168,.T.);
#4675=EDGE_CURVE('',#3683,#3684,#2169,.T.);
#4676=EDGE_CURVE('',#3683,#3685,#473,.T.);
#4677=EDGE_CURVE('',#3686,#3685,#2170,.T.);
#4678=EDGE_CURVE('',#3686,#3687,#474,.T.);
#4679=EDGE_CURVE('',#3687,#3688,#2171,.T.);
#4680=EDGE_CURVE('',#3689,#3688,#2172,.F.);
#4681=EDGE_CURVE('',#3689,#3690,#2173,.T.);
#4682=EDGE_CURVE('',#3691,#3690,#2174,.F.);
#4683=EDGE_CURVE('',#3692,#3691,#2175,.T.);
#4684=EDGE_CURVE('',#3684,#3692,#2176,.F.);
#4685=EDGE_CURVE('',#3693,#3693,#475,.F.);
#4686=EDGE_CURVE('',#3694,#3694,#476,.F.);
#4687=EDGE_CURVE('',#3695,#3696,#2177,.T.);
#4688=EDGE_CURVE('',#3696,#3697,#477,.T.);
#4689=EDGE_CURVE('',#3698,#3697,#2178,.T.);
#4690=EDGE_CURVE('',#3699,#3698,#2179,.T.);
#4691=EDGE_CURVE('',#3700,#3699,#2180,.T.);
#4692=EDGE_CURVE('',#3700,#3701,#2181,.T.);
#4693=EDGE_CURVE('',#3701,#3702,#2182,.T.);
#4694=EDGE_CURVE('',#3703,#3702,#2183,.T.);
#4695=EDGE_CURVE('',#3703,#3704,#2184,.T.);
#4696=EDGE_CURVE('',#3704,#3695,#478,.T.);
#4697=EDGE_CURVE('',#3705,#3705,#479,.F.);
#4698=EDGE_CURVE('',#3706,#3706,#480,.F.);
#4699=EDGE_CURVE('',#3702,#3689,#481,.F.);
#4700=EDGE_CURVE('',#3688,#3703,#482,.T.);
#4701=EDGE_CURVE('',#3685,#3696,#2185,.F.);
#4702=EDGE_CURVE('',#3695,#3686,#2186,.T.);
#4703=EDGE_CURVE('',#3687,#3704,#2187,.F.);
#4704=EDGE_CURVE('',#3697,#3683,#2188,.T.);
#4705=EDGE_CURVE('',#3684,#3698,#483,.T.);
#4706=EDGE_CURVE('',#3699,#3692,#484,.F.);
#4707=EDGE_CURVE('',#3707,#3708,#485,.T.);
#4708=EDGE_CURVE('',#3708,#3709,#2189,.T.);
#4709=EDGE_CURVE('',#3709,#3710,#486,.T.);
#4710=EDGE_CURVE('',#3710,#3709,#487,.T.);
#4711=EDGE_CURVE('',#3708,#3707,#488,.T.);
#4712=EDGE_CURVE('',#3711,#3712,#489,.T.);
#4713=EDGE_CURVE('',#3712,#3713,#2190,.T.);
#4714=EDGE_CURVE('',#3713,#3714,#490,.T.);
#4715=EDGE_CURVE('',#3714,#3713,#491,.T.);
#4716=EDGE_CURVE('',#3712,#3711,#492,.T.);
#4717=EDGE_CURVE('',#3714,#3705,#2191,.T.);
#4718=EDGE_CURVE('',#3710,#3706,#2192,.T.);
#4719=EDGE_CURVE('',#3711,#3693,#2193,.T.);
#4720=EDGE_CURVE('',#3707,#3694,#2194,.T.);
#4721=EDGE_CURVE('',#3715,#3715,#493,.T.);
#4722=EDGE_CURVE('',#3715,#3716,#2195,.T.);
#4723=EDGE_CURVE('',#3716,#3716,#494,.T.);
#4724=EDGE_CURVE('',#3717,#3690,#495,.T.);
#4725=EDGE_CURVE('',#3717,#3718,#2196,.T.);
#4726=EDGE_CURVE('',#3718,#3691,#496,.T.);
#4727=EDGE_CURVE('',#3701,#3717,#2197,.F.);
#4728=EDGE_CURVE('',#3718,#3700,#2198,.F.);
#4729=EDGE_CURVE('',#3719,#3720,#497,.T.);
#4730=EDGE_CURVE('',#3719,#3721,#2199,.T.);
#4731=EDGE_CURVE('',#3721,#3722,#498,.T.);
#4732=EDGE_CURVE('',#3722,#3720,#2200,.F.);
#4733=EDGE_CURVE('',#3723,#3724,#2201,.T.);
#4734=EDGE_CURVE('',#3723,#3719,#2202,.F.);
#4735=EDGE_CURVE('',#3725,#3720,#2203,.T.);
#4736=EDGE_CURVE('',#3724,#3725,#499,.F.);
#4737=EDGE_CURVE('',#3726,#3726,#500,.T.);
#4738=EDGE_CURVE('',#3724,#3727,#2204,.T.);
#4739=EDGE_CURVE('',#3728,#3725,#2205,.F.);
#4740=EDGE_CURVE('',#3727,#3728,#501,.F.);
#4741=EDGE_CURVE('',#3729,#3730,#2206,.T.);
#4742=EDGE_CURVE('',#3729,#3731,#502,.T.);
#4743=EDGE_CURVE('',#3732,#3731,#2207,.T.);
#4744=EDGE_CURVE('',#3732,#3723,#2208,.T.);
#4745=EDGE_CURVE('',#3733,#3727,#2209,.T.);
#4746=EDGE_CURVE('',#3733,#3734,#2210,.T.);
#4747=EDGE_CURVE('',#3734,#3735,#2211,.T.);
#4748=EDGE_CURVE('',#3735,#3730,#503,.T.);
#4749=EDGE_CURVE('',#3736,#3736,#504,.F.);
#4750=EDGE_CURVE('',#3737,#3737,#505,.F.);
#4751=EDGE_CURVE('',#3738,#3722,#2212,.T.);
#4752=EDGE_CURVE('',#3738,#3739,#506,.T.);
#4753=EDGE_CURVE('',#3739,#3740,#2213,.T.);
#4754=EDGE_CURVE('',#3740,#3741,#507,.T.);
#4755=EDGE_CURVE('',#3741,#3742,#2214,.T.);
#4756=EDGE_CURVE('',#3742,#3743,#2215,.F.);
#4757=EDGE_CURVE('',#3728,#3743,#2216,.T.);
#4758=EDGE_CURVE('',#3744,#3744,#508,.F.);
#4759=EDGE_CURVE('',#3745,#3745,#509,.F.);
#4760=EDGE_CURVE('',#3746,#3747,#510,.T.);
#4761=EDGE_CURVE('',#3747,#3746,#511,.T.);
#4762=EDGE_CURVE('',#3746,#3736,#2217,.T.);
#4763=EDGE_CURVE('',#3748,#3749,#512,.T.);
#4764=EDGE_CURVE('',#3749,#3748,#513,.T.);
#4765=EDGE_CURVE('',#3748,#3737,#2218,.T.);
#4766=EDGE_CURVE('',#3750,#3751,#514,.T.);
#4767=EDGE_CURVE('',#3751,#3750,#515,.T.);
#4768=EDGE_CURVE('',#3750,#3744,#2219,.T.);
#4769=EDGE_CURVE('',#3752,#3753,#516,.T.);
#4770=EDGE_CURVE('',#3753,#3752,#517,.T.);
#4771=EDGE_CURVE('',#3752,#3745,#2220,.T.);
#4772=EDGE_CURVE('',#3751,#3747,#2221,.T.);
#4773=EDGE_CURVE('',#3753,#3749,#2222,.T.);
#4774=EDGE_CURVE('',#3731,#3738,#2223,.T.);
#4775=EDGE_CURVE('',#3721,#3732,#2224,.F.);
#4776=EDGE_CURVE('',#3741,#3735,#2225,.F.);
#4777=EDGE_CURVE('',#3734,#3754,#2226,.F.);
#4778=EDGE_CURVE('',#3754,#3742,#518,.T.);
#4779=EDGE_CURVE('',#3739,#3729,#2227,.F.);
#4780=EDGE_CURVE('',#3730,#3740,#2228,.T.);
#4781=EDGE_CURVE('',#3726,#3755,#2229,.T.);
#4782=EDGE_CURVE('',#3755,#3755,#519,.F.);
#4783=EDGE_CURVE('',#3754,#3756,#2230,.F.);
#4784=EDGE_CURVE('',#3756,#3743,#520,.T.);
#4785=EDGE_CURVE('',#3756,#3733,#2231,.F.);
#4786=EDGE_CURVE('',#3757,#3757,#521,.T.);
#4787=EDGE_CURVE('',#3755,#3757,#2232,.T.);
#4788=ORIENTED_EDGE('',*,*,#3758,.F.);
#4789=ORIENTED_EDGE('',*,*,#3759,.F.);
#4790=ORIENTED_EDGE('',*,*,#3760,.T.);
#4791=ORIENTED_EDGE('',*,*,#3761,.F.);
#4792=ORIENTED_EDGE('',*,*,#3762,.F.);
#4793=ORIENTED_EDGE('',*,*,#3763,.F.);
#4794=ORIENTED_EDGE('',*,*,#3764,.T.);
#4795=ORIENTED_EDGE('',*,*,#3765,.F.);
#4796=ORIENTED_EDGE('',*,*,#3764,.F.);
#4797=ORIENTED_EDGE('',*,*,#3766,.F.);
#4798=ORIENTED_EDGE('',*,*,#3760,.F.);
#4799=ORIENTED_EDGE('',*,*,#3767,.F.);
#4800=ORIENTED_EDGE('',*,*,#3765,.T.);
#4801=ORIENTED_EDGE('',*,*,#3767,.T.);
#4802=ORIENTED_EDGE('',*,*,#3759,.T.);
#4803=ORIENTED_EDGE('',*,*,#3768,.T.);
#4804=ORIENTED_EDGE('',*,*,#3769,.T.);
#4805=ORIENTED_EDGE('',*,*,#3770,.F.);
#4806=ORIENTED_EDGE('',*,*,#3771,.T.);
#4807=ORIENTED_EDGE('',*,*,#3772,.T.);
#4808=ORIENTED_EDGE('',*,*,#3773,.T.);
#4809=ORIENTED_EDGE('',*,*,#3758,.T.);
#4810=ORIENTED_EDGE('',*,*,#3774,.T.);
#4811=ORIENTED_EDGE('',*,*,#3775,.T.);
#4812=ORIENTED_EDGE('',*,*,#3768,.F.);
#4813=ORIENTED_EDGE('',*,*,#3776,.T.);
#4814=ORIENTED_EDGE('',*,*,#3777,.T.);
#4815=ORIENTED_EDGE('',*,*,#3778,.T.);
#4816=ORIENTED_EDGE('',*,*,#3779,.F.);
#4817=ORIENTED_EDGE('',*,*,#3777,.F.);
#4818=ORIENTED_EDGE('',*,*,#3780,.T.);
#4819=ORIENTED_EDGE('',*,*,#3781,.T.);
#4820=ORIENTED_EDGE('',*,*,#3782,.T.);
#4821=ORIENTED_EDGE('',*,*,#3783,.T.);
#4822=ORIENTED_EDGE('',*,*,#3784,.F.);
#4823=ORIENTED_EDGE('',*,*,#3785,.T.);
#4824=ORIENTED_EDGE('',*,*,#3786,.T.);
#4825=ORIENTED_EDGE('',*,*,#3780,.F.);
#4826=ORIENTED_EDGE('',*,*,#3776,.F.);
#4827=ORIENTED_EDGE('',*,*,#3787,.F.);
#4828=ORIENTED_EDGE('',*,*,#3788,.T.);
#4829=ORIENTED_EDGE('',*,*,#3781,.F.);
#4830=ORIENTED_EDGE('',*,*,#3788,.F.);
#4831=ORIENTED_EDGE('',*,*,#3789,.F.);
#4832=ORIENTED_EDGE('',*,*,#3790,.T.);
#4833=ORIENTED_EDGE('',*,*,#3791,.F.);
#4834=ORIENTED_EDGE('',*,*,#3792,.T.);
#4835=ORIENTED_EDGE('',*,*,#3793,.T.);
#4836=ORIENTED_EDGE('',*,*,#3794,.T.);
#4837=ORIENTED_EDGE('',*,*,#3783,.F.);
#4838=ORIENTED_EDGE('',*,*,#3795,.F.);
#4839=ORIENTED_EDGE('',*,*,#3794,.F.);
#4840=ORIENTED_EDGE('',*,*,#3796,.F.);
#4841=ORIENTED_EDGE('',*,*,#3791,.T.);
#4842=ORIENTED_EDGE('',*,*,#3795,.T.);
#4843=ORIENTED_EDGE('',*,*,#3782,.F.);
#4844=ORIENTED_EDGE('',*,*,#3790,.F.);
#4845=ORIENTED_EDGE('',*,*,#3797,.F.);
#4846=ORIENTED_EDGE('',*,*,#3778,.F.);
#4847=ORIENTED_EDGE('',*,*,#3786,.F.);
#4848=ORIENTED_EDGE('',*,*,#3798,.T.);
#4849=ORIENTED_EDGE('',*,*,#3770,.T.);
#4850=ORIENTED_EDGE('',*,*,#3799,.T.);
#4851=ORIENTED_EDGE('',*,*,#3800,.T.);
#4852=ORIENTED_EDGE('',*,*,#3801,.T.);
#4853=ORIENTED_EDGE('',*,*,#3763,.T.);
#4854=ORIENTED_EDGE('',*,*,#3802,.F.);
#4855=ORIENTED_EDGE('',*,*,#3803,.F.);
#4856=ORIENTED_EDGE('',*,*,#3804,.F.);
#4857=ORIENTED_EDGE('',*,*,#3800,.F.);
#4858=ORIENTED_EDGE('',*,*,#3805,.F.);
#4859=ORIENTED_EDGE('',*,*,#3774,.F.);
#4860=ORIENTED_EDGE('',*,*,#3761,.T.);
#4861=ORIENTED_EDGE('',*,*,#3766,.T.);
#4862=ORIENTED_EDGE('',*,*,#3785,.F.);
#4863=ORIENTED_EDGE('',*,*,#3806,.F.);
#4864=ORIENTED_EDGE('',*,*,#3792,.F.);
#4865=ORIENTED_EDGE('',*,*,#3798,.F.);
#4866=ORIENTED_EDGE('',*,*,#3799,.F.);
#4867=ORIENTED_EDGE('',*,*,#3769,.F.);
#4868=ORIENTED_EDGE('',*,*,#3775,.F.);
#4869=ORIENTED_EDGE('',*,*,#3805,.T.);
#4870=ORIENTED_EDGE('',*,*,#3796,.T.);
#4871=ORIENTED_EDGE('',*,*,#3793,.F.);
#4872=ORIENTED_EDGE('',*,*,#3806,.T.);
#4873=ORIENTED_EDGE('',*,*,#3784,.T.);
#4874=ORIENTED_EDGE('',*,*,#3762,.T.);
#4875=ORIENTED_EDGE('',*,*,#3773,.F.);
#4876=ORIENTED_EDGE('',*,*,#3807,.F.);
#4877=ORIENTED_EDGE('',*,*,#3802,.T.);
#4878=ORIENTED_EDGE('',*,*,#3803,.T.);
#4879=ORIENTED_EDGE('',*,*,#3807,.T.);
#4880=ORIENTED_EDGE('',*,*,#3772,.F.);
#4881=ORIENTED_EDGE('',*,*,#3808,.F.);
#4882=ORIENTED_EDGE('',*,*,#3801,.F.);
#4883=ORIENTED_EDGE('',*,*,#3804,.T.);
#4884=ORIENTED_EDGE('',*,*,#3808,.T.);
#4885=ORIENTED_EDGE('',*,*,#3771,.F.);
#4886=ORIENTED_EDGE('',*,*,#3787,.T.);
#4887=ORIENTED_EDGE('',*,*,#3779,.T.);
#4888=ORIENTED_EDGE('',*,*,#3797,.T.);
#4889=ORIENTED_EDGE('',*,*,#3789,.T.);
#4890=ORIENTED_EDGE('',*,*,#3809,.F.);
#4891=ORIENTED_EDGE('',*,*,#3810,.F.);
#4892=ORIENTED_EDGE('',*,*,#3811,.T.);
#4893=ORIENTED_EDGE('',*,*,#3812,.F.);
#4894=ORIENTED_EDGE('',*,*,#3813,.F.);
#4895=ORIENTED_EDGE('',*,*,#3814,.F.);
#4896=ORIENTED_EDGE('',*,*,#3815,.T.);
#4897=ORIENTED_EDGE('',*,*,#3816,.F.);
#4898=ORIENTED_EDGE('',*,*,#3817,.F.);
#4899=ORIENTED_EDGE('',*,*,#3811,.F.);
#4900=ORIENTED_EDGE('',*,*,#3818,.F.);
#4901=ORIENTED_EDGE('',*,*,#3815,.F.);
#4902=ORIENTED_EDGE('',*,*,#3809,.T.);
#4903=ORIENTED_EDGE('',*,*,#3819,.F.);
#4904=ORIENTED_EDGE('',*,*,#3820,.F.);
#4905=ORIENTED_EDGE('',*,*,#3821,.T.);
#4906=ORIENTED_EDGE('',*,*,#3813,.T.);
#4907=ORIENTED_EDGE('',*,*,#3822,.T.);
#4908=ORIENTED_EDGE('',*,*,#3823,.T.);
#4909=ORIENTED_EDGE('',*,*,#3824,.F.);
#4910=ORIENTED_EDGE('',*,*,#3825,.T.);
#4911=ORIENTED_EDGE('',*,*,#3826,.T.);
#4912=ORIENTED_EDGE('',*,*,#3827,.T.);
#4913=ORIENTED_EDGE('',*,*,#3828,.T.);
#4914=ORIENTED_EDGE('',*,*,#3816,.T.);
#4915=ORIENTED_EDGE('',*,*,#3818,.T.);
#4916=ORIENTED_EDGE('',*,*,#3810,.T.);
#4917=ORIENTED_EDGE('',*,*,#3821,.F.);
#4918=ORIENTED_EDGE('',*,*,#3829,.F.);
#4919=ORIENTED_EDGE('',*,*,#3830,.F.);
#4920=ORIENTED_EDGE('',*,*,#3831,.F.);
#4921=ORIENTED_EDGE('',*,*,#3832,.F.);
#4922=ORIENTED_EDGE('',*,*,#3822,.F.);
#4923=ORIENTED_EDGE('',*,*,#3833,.F.);
#4924=ORIENTED_EDGE('',*,*,#3834,.F.);
#4925=ORIENTED_EDGE('',*,*,#3835,.F.);
#4926=ORIENTED_EDGE('',*,*,#3836,.F.);
#4927=ORIENTED_EDGE('',*,*,#3837,.F.);
#4928=ORIENTED_EDGE('',*,*,#3838,.F.);
#4929=ORIENTED_EDGE('',*,*,#3826,.F.);
#4930=ORIENTED_EDGE('',*,*,#3839,.T.);
#4931=ORIENTED_EDGE('',*,*,#3840,.F.);
#4932=ORIENTED_EDGE('',*,*,#3841,.F.);
#4933=ORIENTED_EDGE('',*,*,#3828,.F.);
#4934=ORIENTED_EDGE('',*,*,#3842,.T.);
#4935=ORIENTED_EDGE('',*,*,#3843,.F.);
#4936=ORIENTED_EDGE('',*,*,#3833,.T.);
#4937=ORIENTED_EDGE('',*,*,#3844,.T.);
#4938=ORIENTED_EDGE('',*,*,#3845,.F.);
#4939=ORIENTED_EDGE('',*,*,#3846,.F.);
#4940=ORIENTED_EDGE('',*,*,#3842,.F.);
#4941=ORIENTED_EDGE('',*,*,#3827,.F.);
#4942=ORIENTED_EDGE('',*,*,#3838,.T.);
#4943=ORIENTED_EDGE('',*,*,#3837,.T.);
#4944=ORIENTED_EDGE('',*,*,#3847,.F.);
#4945=ORIENTED_EDGE('',*,*,#3834,.T.);
#4946=ORIENTED_EDGE('',*,*,#3843,.T.);
#4947=ORIENTED_EDGE('',*,*,#3848,.T.);
#4948=ORIENTED_EDGE('',*,*,#3849,.T.);
#4949=ORIENTED_EDGE('',*,*,#3830,.T.);
#4950=ORIENTED_EDGE('',*,*,#3850,.T.);
#4951=ORIENTED_EDGE('',*,*,#3849,.F.);
#4952=ORIENTED_EDGE('',*,*,#3851,.F.);
#4953=ORIENTED_EDGE('',*,*,#3852,.F.);
#4954=ORIENTED_EDGE('',*,*,#3831,.T.);
#4955=ORIENTED_EDGE('',*,*,#3840,.T.);
#4956=ORIENTED_EDGE('',*,*,#3846,.T.);
#4957=ORIENTED_EDGE('',*,*,#3853,.F.);
#4958=ORIENTED_EDGE('',*,*,#3854,.F.);
#4959=ORIENTED_EDGE('',*,*,#3854,.T.);
#4960=ORIENTED_EDGE('',*,*,#3855,.F.);
#4961=ORIENTED_EDGE('',*,*,#3856,.F.);
#4962=ORIENTED_EDGE('',*,*,#3835,.T.);
#4963=ORIENTED_EDGE('',*,*,#3847,.T.);
#4964=ORIENTED_EDGE('',*,*,#3839,.F.);
#4965=ORIENTED_EDGE('',*,*,#3825,.F.);
#4966=ORIENTED_EDGE('',*,*,#3841,.T.);
#4967=ORIENTED_EDGE('',*,*,#3836,.T.);
#4968=ORIENTED_EDGE('',*,*,#3856,.T.);
#4969=ORIENTED_EDGE('',*,*,#3857,.F.);
#4970=ORIENTED_EDGE('',*,*,#3844,.F.);
#4971=ORIENTED_EDGE('',*,*,#3832,.T.);
#4972=ORIENTED_EDGE('',*,*,#3852,.T.);
#4973=ORIENTED_EDGE('',*,*,#3858,.F.);
#4974=ORIENTED_EDGE('',*,*,#3823,.F.);
#4975=ORIENTED_EDGE('',*,*,#3850,.F.);
#4976=ORIENTED_EDGE('',*,*,#3829,.T.);
#4977=ORIENTED_EDGE('',*,*,#3820,.T.);
#4978=ORIENTED_EDGE('',*,*,#3859,.F.);
#4979=ORIENTED_EDGE('',*,*,#3814,.T.);
#4980=ORIENTED_EDGE('',*,*,#3824,.T.);
#4981=ORIENTED_EDGE('',*,*,#3858,.T.);
#4982=ORIENTED_EDGE('',*,*,#3851,.T.);
#4983=ORIENTED_EDGE('',*,*,#3848,.F.);
#4984=ORIENTED_EDGE('',*,*,#3859,.T.);
#4985=ORIENTED_EDGE('',*,*,#3819,.T.);
#4986=ORIENTED_EDGE('',*,*,#3812,.T.);
#4987=ORIENTED_EDGE('',*,*,#3817,.T.);
#4988=ORIENTED_EDGE('',*,*,#3845,.T.);
#4989=ORIENTED_EDGE('',*,*,#3857,.T.);
#4990=ORIENTED_EDGE('',*,*,#3855,.T.);
#4991=ORIENTED_EDGE('',*,*,#3853,.T.);
#4992=ORIENTED_EDGE('',*,*,#3860,.F.);
#4993=ORIENTED_EDGE('',*,*,#3861,.F.);
#4994=ORIENTED_EDGE('',*,*,#3862,.T.);
#4995=ORIENTED_EDGE('',*,*,#3863,.F.);
#4996=ORIENTED_EDGE('',*,*,#3864,.F.);
#4997=ORIENTED_EDGE('',*,*,#3865,.F.);
#4998=ORIENTED_EDGE('',*,*,#3866,.T.);
#4999=ORIENTED_EDGE('',*,*,#3867,.F.);
#5000=ORIENTED_EDGE('',*,*,#3866,.F.);
#5001=ORIENTED_EDGE('',*,*,#3868,.F.);
#5002=ORIENTED_EDGE('',*,*,#3862,.F.);
#5003=ORIENTED_EDGE('',*,*,#3869,.F.);
#5004=ORIENTED_EDGE('',*,*,#3870,.F.);
#5005=ORIENTED_EDGE('',*,*,#3871,.T.);
#5006=ORIENTED_EDGE('',*,*,#3872,.T.);
#5007=ORIENTED_EDGE('',*,*,#3873,.F.);
#5008=ORIENTED_EDGE('',*,*,#3874,.F.);
#5009=ORIENTED_EDGE('',*,*,#3875,.T.);
#5010=ORIENTED_EDGE('',*,*,#3876,.T.);
#5011=ORIENTED_EDGE('',*,*,#3871,.F.);
#5012=ORIENTED_EDGE('',*,*,#3877,.F.);
#5013=ORIENTED_EDGE('',*,*,#3878,.F.);
#5014=ORIENTED_EDGE('',*,*,#3879,.T.);
#5015=ORIENTED_EDGE('',*,*,#3875,.F.);
#5016=ORIENTED_EDGE('',*,*,#3880,.F.);
#5017=ORIENTED_EDGE('',*,*,#3872,.F.);
#5018=ORIENTED_EDGE('',*,*,#3876,.F.);
#5019=ORIENTED_EDGE('',*,*,#3879,.F.);
#5020=ORIENTED_EDGE('',*,*,#3867,.T.);
#5021=ORIENTED_EDGE('',*,*,#3869,.T.);
#5022=ORIENTED_EDGE('',*,*,#3861,.T.);
#5023=ORIENTED_EDGE('',*,*,#3881,.T.);
#5024=ORIENTED_EDGE('',*,*,#3882,.T.);
#5025=ORIENTED_EDGE('',*,*,#3883,.T.);
#5026=ORIENTED_EDGE('',*,*,#3884,.F.);
#5027=ORIENTED_EDGE('',*,*,#3885,.T.);
#5028=ORIENTED_EDGE('',*,*,#3886,.T.);
#5029=ORIENTED_EDGE('',*,*,#3860,.T.);
#5030=ORIENTED_EDGE('',*,*,#3887,.T.);
#5031=ORIENTED_EDGE('',*,*,#3888,.T.);
#5032=ORIENTED_EDGE('',*,*,#3889,.F.);
#5033=ORIENTED_EDGE('',*,*,#3877,.T.);
#5034=ORIENTED_EDGE('',*,*,#3874,.T.);
#5035=ORIENTED_EDGE('',*,*,#3870,.T.);
#5036=ORIENTED_EDGE('',*,*,#3890,.F.);
#5037=ORIENTED_EDGE('',*,*,#3891,.T.);
#5038=ORIENTED_EDGE('',*,*,#3892,.T.);
#5039=ORIENTED_EDGE('',*,*,#3893,.T.);
#5040=ORIENTED_EDGE('',*,*,#3881,.F.);
#5041=ORIENTED_EDGE('',*,*,#3873,.T.);
#5042=ORIENTED_EDGE('',*,*,#3880,.T.);
#5043=ORIENTED_EDGE('',*,*,#3878,.T.);
#5044=ORIENTED_EDGE('',*,*,#3889,.T.);
#5045=ORIENTED_EDGE('',*,*,#3894,.T.);
#5046=ORIENTED_EDGE('',*,*,#3895,.F.);
#5047=ORIENTED_EDGE('',*,*,#3896,.T.);
#5048=ORIENTED_EDGE('',*,*,#3897,.F.);
#5049=ORIENTED_EDGE('',*,*,#3890,.T.);
#5050=ORIENTED_EDGE('',*,*,#3898,.T.);
#5051=ORIENTED_EDGE('',*,*,#3899,.T.);
#5052=ORIENTED_EDGE('',*,*,#3900,.T.);
#5053=ORIENTED_EDGE('',*,*,#3901,.F.);
#5054=ORIENTED_EDGE('',*,*,#3902,.T.);
#5055=ORIENTED_EDGE('',*,*,#3903,.F.);
#5056=ORIENTED_EDGE('',*,*,#3901,.T.);
#5057=ORIENTED_EDGE('',*,*,#3904,.F.);
#5058=ORIENTED_EDGE('',*,*,#3903,.T.);
#5059=ORIENTED_EDGE('',*,*,#3905,.T.);
#5060=ORIENTED_EDGE('',*,*,#3906,.T.);
#5061=ORIENTED_EDGE('',*,*,#3898,.F.);
#5062=ORIENTED_EDGE('',*,*,#3907,.T.);
#5063=ORIENTED_EDGE('',*,*,#3908,.T.);
#5064=ORIENTED_EDGE('',*,*,#3909,.F.);
#5065=ORIENTED_EDGE('',*,*,#3910,.T.);
#5066=ORIENTED_EDGE('',*,*,#3911,.T.);
#5067=ORIENTED_EDGE('',*,*,#3912,.T.);
#5068=ORIENTED_EDGE('',*,*,#3913,.T.);
#5069=ORIENTED_EDGE('',*,*,#3914,.T.);
#5070=ORIENTED_EDGE('',*,*,#3904,.T.);
#5071=ORIENTED_EDGE('',*,*,#3900,.F.);
#5072=ORIENTED_EDGE('',*,*,#3915,.F.);
#5073=ORIENTED_EDGE('',*,*,#3916,.T.);
#5074=ORIENTED_EDGE('',*,*,#3884,.T.);
#5075=ORIENTED_EDGE('',*,*,#3917,.T.);
#5076=ORIENTED_EDGE('',*,*,#3918,.T.);
#5077=ORIENTED_EDGE('',*,*,#3919,.T.);
#5078=ORIENTED_EDGE('',*,*,#3865,.T.);
#5079=ORIENTED_EDGE('',*,*,#3920,.F.);
#5080=ORIENTED_EDGE('',*,*,#3921,.F.);
#5081=ORIENTED_EDGE('',*,*,#3918,.F.);
#5082=ORIENTED_EDGE('',*,*,#3922,.F.);
#5083=ORIENTED_EDGE('',*,*,#3923,.F.);
#5084=ORIENTED_EDGE('',*,*,#3924,.F.);
#5085=ORIENTED_EDGE('',*,*,#3887,.F.);
#5086=ORIENTED_EDGE('',*,*,#3863,.T.);
#5087=ORIENTED_EDGE('',*,*,#3868,.T.);
#5088=ORIENTED_EDGE('',*,*,#3910,.F.);
#5089=ORIENTED_EDGE('',*,*,#3925,.F.);
#5090=ORIENTED_EDGE('',*,*,#3912,.F.);
#5091=ORIENTED_EDGE('',*,*,#3926,.F.);
#5092=ORIENTED_EDGE('',*,*,#3902,.F.);
#5093=ORIENTED_EDGE('',*,*,#3916,.F.);
#5094=ORIENTED_EDGE('',*,*,#3927,.F.);
#5095=ORIENTED_EDGE('',*,*,#3905,.F.);
#5096=ORIENTED_EDGE('',*,*,#3917,.F.);
#5097=ORIENTED_EDGE('',*,*,#3883,.F.);
#5098=ORIENTED_EDGE('',*,*,#3928,.T.);
#5099=ORIENTED_EDGE('',*,*,#3929,.T.);
#5100=ORIENTED_EDGE('',*,*,#3930,.T.);
#5101=ORIENTED_EDGE('',*,*,#3896,.F.);
#5102=ORIENTED_EDGE('',*,*,#3931,.F.);
#5103=ORIENTED_EDGE('',*,*,#3922,.T.);
#5104=ORIENTED_EDGE('',*,*,#3895,.T.);
#5105=ORIENTED_EDGE('',*,*,#3932,.T.);
#5106=ORIENTED_EDGE('',*,*,#3923,.T.);
#5107=ORIENTED_EDGE('',*,*,#3931,.T.);
#5108=ORIENTED_EDGE('',*,*,#3930,.F.);
#5109=ORIENTED_EDGE('',*,*,#3933,.F.);
#5110=ORIENTED_EDGE('',*,*,#3907,.F.);
#5111=ORIENTED_EDGE('',*,*,#3926,.T.);
#5112=ORIENTED_EDGE('',*,*,#3911,.F.);
#5113=ORIENTED_EDGE('',*,*,#3934,.F.);
#5114=ORIENTED_EDGE('',*,*,#3891,.F.);
#5115=ORIENTED_EDGE('',*,*,#3897,.T.);
#5116=ORIENTED_EDGE('',*,*,#3935,.T.);
#5117=ORIENTED_EDGE('',*,*,#3913,.F.);
#5118=ORIENTED_EDGE('',*,*,#3925,.T.);
#5119=ORIENTED_EDGE('',*,*,#3909,.T.);
#5120=ORIENTED_EDGE('',*,*,#3932,.F.);
#5121=ORIENTED_EDGE('',*,*,#3894,.F.);
#5122=ORIENTED_EDGE('',*,*,#3888,.F.);
#5123=ORIENTED_EDGE('',*,*,#3924,.T.);
#5124=ORIENTED_EDGE('',*,*,#3919,.F.);
#5125=ORIENTED_EDGE('',*,*,#3921,.T.);
#5126=ORIENTED_EDGE('',*,*,#3936,.T.);
#5127=ORIENTED_EDGE('',*,*,#3885,.F.);
#5128=ORIENTED_EDGE('',*,*,#3864,.T.);
#5129=ORIENTED_EDGE('',*,*,#3886,.F.);
#5130=ORIENTED_EDGE('',*,*,#3936,.F.);
#5131=ORIENTED_EDGE('',*,*,#3920,.T.);
#5132=ORIENTED_EDGE('',*,*,#3927,.T.);
#5133=ORIENTED_EDGE('',*,*,#3915,.T.);
#5134=ORIENTED_EDGE('',*,*,#3899,.F.);
#5135=ORIENTED_EDGE('',*,*,#3906,.F.);
#5136=ORIENTED_EDGE('',*,*,#3937,.F.);
#5137=ORIENTED_EDGE('',*,*,#3892,.F.);
#5138=ORIENTED_EDGE('',*,*,#3934,.T.);
#5139=ORIENTED_EDGE('',*,*,#3914,.F.);
#5140=ORIENTED_EDGE('',*,*,#3935,.F.);
#5141=ORIENTED_EDGE('',*,*,#3908,.F.);
#5142=ORIENTED_EDGE('',*,*,#3933,.T.);
#5143=ORIENTED_EDGE('',*,*,#3929,.F.);
#5144=ORIENTED_EDGE('',*,*,#3938,.F.);
#5145=ORIENTED_EDGE('',*,*,#3939,.F.);
#5146=ORIENTED_EDGE('',*,*,#3939,.T.);
#5147=ORIENTED_EDGE('',*,*,#3938,.T.);
#5148=ORIENTED_EDGE('',*,*,#3928,.F.);
#5149=ORIENTED_EDGE('',*,*,#3882,.F.);
#5150=ORIENTED_EDGE('',*,*,#3893,.F.);
#5151=ORIENTED_EDGE('',*,*,#3937,.T.);
#5152=ORIENTED_EDGE('',*,*,#3940,.T.);
#5153=ORIENTED_EDGE('',*,*,#3941,.T.);
#5154=ORIENTED_EDGE('',*,*,#3942,.T.);
#5155=ORIENTED_EDGE('',*,*,#3943,.T.);
#5156=ORIENTED_EDGE('',*,*,#3944,.T.);
#5157=ORIENTED_EDGE('',*,*,#3945,.T.);
#5158=ORIENTED_EDGE('',*,*,#3946,.F.);
#5159=ORIENTED_EDGE('',*,*,#3947,.T.);
#5160=ORIENTED_EDGE('',*,*,#3948,.T.);
#5161=ORIENTED_EDGE('',*,*,#3949,.T.);
#5162=ORIENTED_EDGE('',*,*,#3950,.T.);
#5163=ORIENTED_EDGE('',*,*,#3951,.T.);
#5164=ORIENTED_EDGE('',*,*,#3952,.T.);
#5165=ORIENTED_EDGE('',*,*,#3953,.T.);
#5166=ORIENTED_EDGE('',*,*,#3954,.T.);
#5167=ORIENTED_EDGE('',*,*,#3955,.T.);
#5168=ORIENTED_EDGE('',*,*,#3956,.T.);
#5169=ORIENTED_EDGE('',*,*,#3957,.T.);
#5170=ORIENTED_EDGE('',*,*,#3958,.T.);
#5171=ORIENTED_EDGE('',*,*,#3959,.T.);
#5172=ORIENTED_EDGE('',*,*,#3947,.F.);
#5173=ORIENTED_EDGE('',*,*,#3960,.F.);
#5174=ORIENTED_EDGE('',*,*,#3961,.T.);
#5175=ORIENTED_EDGE('',*,*,#3962,.F.);
#5176=ORIENTED_EDGE('',*,*,#3945,.F.);
#5177=ORIENTED_EDGE('',*,*,#3963,.F.);
#5178=ORIENTED_EDGE('',*,*,#3964,.T.);
#5179=ORIENTED_EDGE('',*,*,#3965,.F.);
#5180=ORIENTED_EDGE('',*,*,#3966,.T.);
#5181=ORIENTED_EDGE('',*,*,#3967,.T.);
#5182=ORIENTED_EDGE('',*,*,#3956,.F.);
#5183=ORIENTED_EDGE('',*,*,#3968,.F.);
#5184=ORIENTED_EDGE('',*,*,#3969,.T.);
#5185=ORIENTED_EDGE('',*,*,#3970,.T.);
#5186=ORIENTED_EDGE('',*,*,#3957,.F.);
#5187=ORIENTED_EDGE('',*,*,#3967,.F.);
#5188=ORIENTED_EDGE('',*,*,#3971,.T.);
#5189=ORIENTED_EDGE('',*,*,#3972,.T.);
#5190=ORIENTED_EDGE('',*,*,#3958,.F.);
#5191=ORIENTED_EDGE('',*,*,#3970,.F.);
#5192=ORIENTED_EDGE('',*,*,#3973,.T.);
#5193=ORIENTED_EDGE('',*,*,#3968,.T.);
#5194=ORIENTED_EDGE('',*,*,#3959,.F.);
#5195=ORIENTED_EDGE('',*,*,#3972,.F.);
#5196=ORIENTED_EDGE('',*,*,#3974,.T.);
#5197=ORIENTED_EDGE('',*,*,#3975,.T.);
#5198=ORIENTED_EDGE('',*,*,#3954,.F.);
#5199=ORIENTED_EDGE('',*,*,#3976,.F.);
#5200=ORIENTED_EDGE('',*,*,#3977,.T.);
#5201=ORIENTED_EDGE('',*,*,#3978,.T.);
#5202=ORIENTED_EDGE('',*,*,#3955,.F.);
#5203=ORIENTED_EDGE('',*,*,#3975,.F.);
#5204=ORIENTED_EDGE('',*,*,#3979,.T.);
#5205=ORIENTED_EDGE('',*,*,#3980,.T.);
#5206=ORIENTED_EDGE('',*,*,#3950,.F.);
#5207=ORIENTED_EDGE('',*,*,#3981,.F.);
#5208=ORIENTED_EDGE('',*,*,#3982,.T.);
#5209=ORIENTED_EDGE('',*,*,#3983,.T.);
#5210=ORIENTED_EDGE('',*,*,#3951,.F.);
#5211=ORIENTED_EDGE('',*,*,#3980,.F.);
#5212=ORIENTED_EDGE('',*,*,#3948,.F.);
#5213=ORIENTED_EDGE('',*,*,#3983,.F.);
#5214=ORIENTED_EDGE('',*,*,#3984,.T.);
#5215=ORIENTED_EDGE('',*,*,#3985,.T.);
#5216=ORIENTED_EDGE('',*,*,#3986,.T.);
#5217=ORIENTED_EDGE('',*,*,#3981,.T.);
#5218=ORIENTED_EDGE('',*,*,#3949,.F.);
#5219=ORIENTED_EDGE('',*,*,#3985,.F.);
#5220=ORIENTED_EDGE('',*,*,#3987,.F.);
#5221=ORIENTED_EDGE('',*,*,#3988,.F.);
#5222=ORIENTED_EDGE('',*,*,#3989,.F.);
#5223=ORIENTED_EDGE('',*,*,#3990,.F.);
#5224=ORIENTED_EDGE('',*,*,#3991,.F.);
#5225=ORIENTED_EDGE('',*,*,#3961,.F.);
#5226=ORIENTED_EDGE('',*,*,#3992,.F.);
#5227=ORIENTED_EDGE('',*,*,#3964,.F.);
#5228=ORIENTED_EDGE('',*,*,#3979,.F.);
#5229=ORIENTED_EDGE('',*,*,#3986,.F.);
#5230=ORIENTED_EDGE('',*,*,#3984,.F.);
#5231=ORIENTED_EDGE('',*,*,#3982,.F.);
#5232=ORIENTED_EDGE('',*,*,#3993,.F.);
#5233=ORIENTED_EDGE('',*,*,#3994,.F.);
#5234=ORIENTED_EDGE('',*,*,#3977,.F.);
#5235=ORIENTED_EDGE('',*,*,#3974,.F.);
#5236=ORIENTED_EDGE('',*,*,#3966,.F.);
#5237=ORIENTED_EDGE('',*,*,#3973,.F.);
#5238=ORIENTED_EDGE('',*,*,#3971,.F.);
#5239=ORIENTED_EDGE('',*,*,#3969,.F.);
#5240=ORIENTED_EDGE('',*,*,#3992,.T.);
#5241=ORIENTED_EDGE('',*,*,#3960,.T.);
#5242=ORIENTED_EDGE('',*,*,#3946,.T.);
#5243=ORIENTED_EDGE('',*,*,#3965,.T.);
#5244=ORIENTED_EDGE('',*,*,#3952,.F.);
#5245=ORIENTED_EDGE('',*,*,#3978,.F.);
#5246=ORIENTED_EDGE('',*,*,#3994,.T.);
#5247=ORIENTED_EDGE('',*,*,#3995,.T.);
#5248=ORIENTED_EDGE('',*,*,#3953,.F.);
#5249=ORIENTED_EDGE('',*,*,#3995,.F.);
#5250=ORIENTED_EDGE('',*,*,#3993,.T.);
#5251=ORIENTED_EDGE('',*,*,#3976,.T.);
#5252=ORIENTED_EDGE('',*,*,#3940,.F.);
#5253=ORIENTED_EDGE('',*,*,#3962,.T.);
#5254=ORIENTED_EDGE('',*,*,#3991,.T.);
#5255=ORIENTED_EDGE('',*,*,#3996,.T.);
#5256=ORIENTED_EDGE('',*,*,#3941,.F.);
#5257=ORIENTED_EDGE('',*,*,#3996,.F.);
#5258=ORIENTED_EDGE('',*,*,#3990,.T.);
#5259=ORIENTED_EDGE('',*,*,#3997,.F.);
#5260=ORIENTED_EDGE('',*,*,#3942,.F.);
#5261=ORIENTED_EDGE('',*,*,#3997,.T.);
#5262=ORIENTED_EDGE('',*,*,#3989,.T.);
#5263=ORIENTED_EDGE('',*,*,#3998,.T.);
#5264=ORIENTED_EDGE('',*,*,#3943,.F.);
#5265=ORIENTED_EDGE('',*,*,#3998,.F.);
#5266=ORIENTED_EDGE('',*,*,#3988,.T.);
#5267=ORIENTED_EDGE('',*,*,#3999,.F.);
#5268=ORIENTED_EDGE('',*,*,#3944,.F.);
#5269=ORIENTED_EDGE('',*,*,#3999,.T.);
#5270=ORIENTED_EDGE('',*,*,#3987,.T.);
#5271=ORIENTED_EDGE('',*,*,#3963,.T.);
#5272=ORIENTED_EDGE('',*,*,#4000,.F.);
#5273=ORIENTED_EDGE('',*,*,#4001,.T.);
#5274=ORIENTED_EDGE('',*,*,#4002,.F.);
#5275=ORIENTED_EDGE('',*,*,#4001,.F.);
#5276=ORIENTED_EDGE('',*,*,#4003,.F.);
#5277=ORIENTED_EDGE('',*,*,#4004,.F.);
#5278=ORIENTED_EDGE('',*,*,#4005,.F.);
#5279=ORIENTED_EDGE('',*,*,#4006,.F.);
#5280=ORIENTED_EDGE('',*,*,#4006,.T.);
#5281=ORIENTED_EDGE('',*,*,#4007,.F.);
#5282=ORIENTED_EDGE('',*,*,#4008,.T.);
#5283=ORIENTED_EDGE('',*,*,#4009,.T.);
#5284=ORIENTED_EDGE('',*,*,#4010,.F.);
#5285=ORIENTED_EDGE('',*,*,#4008,.F.);
#5286=ORIENTED_EDGE('',*,*,#4011,.F.);
#5287=ORIENTED_EDGE('',*,*,#4012,.F.);
#5288=ORIENTED_EDGE('',*,*,#4009,.F.);
#5289=ORIENTED_EDGE('',*,*,#4010,.T.);
#5290=ORIENTED_EDGE('',*,*,#4013,.F.);
#5291=ORIENTED_EDGE('',*,*,#4003,.T.);
#5292=ORIENTED_EDGE('',*,*,#4000,.T.);
#5293=ORIENTED_EDGE('',*,*,#4004,.T.);
#5294=ORIENTED_EDGE('',*,*,#4013,.T.);
#5295=ORIENTED_EDGE('',*,*,#4012,.T.);
#5296=ORIENTED_EDGE('',*,*,#4014,.F.);
#5297=ORIENTED_EDGE('',*,*,#4015,.F.);
#5298=ORIENTED_EDGE('',*,*,#4016,.T.);
#5299=ORIENTED_EDGE('',*,*,#4017,.F.);
#5300=ORIENTED_EDGE('',*,*,#4018,.F.);
#5301=ORIENTED_EDGE('',*,*,#4019,.F.);
#5302=ORIENTED_EDGE('',*,*,#4018,.T.);
#5303=ORIENTED_EDGE('',*,*,#4020,.F.);
#5304=ORIENTED_EDGE('',*,*,#4021,.F.);
#5305=ORIENTED_EDGE('',*,*,#4022,.F.);
#5306=ORIENTED_EDGE('',*,*,#4021,.T.);
#5307=ORIENTED_EDGE('',*,*,#4023,.F.);
#5308=ORIENTED_EDGE('',*,*,#4024,.F.);
#5309=ORIENTED_EDGE('',*,*,#4025,.F.);
#5310=ORIENTED_EDGE('',*,*,#4024,.T.);
#5311=ORIENTED_EDGE('',*,*,#4026,.F.);
#5312=ORIENTED_EDGE('',*,*,#4016,.F.);
#5313=ORIENTED_EDGE('',*,*,#4026,.T.);
#5314=ORIENTED_EDGE('',*,*,#4023,.T.);
#5315=ORIENTED_EDGE('',*,*,#4020,.T.);
#5316=ORIENTED_EDGE('',*,*,#4017,.T.);
#5317=ORIENTED_EDGE('',*,*,#4014,.T.);
#5318=ORIENTED_EDGE('',*,*,#4011,.T.);
#5319=ORIENTED_EDGE('',*,*,#4007,.T.);
#5320=ORIENTED_EDGE('',*,*,#4005,.T.);
#5321=ORIENTED_EDGE('',*,*,#4025,.T.);
#5322=ORIENTED_EDGE('',*,*,#4015,.T.);
#5323=ORIENTED_EDGE('',*,*,#4019,.T.);
#5324=ORIENTED_EDGE('',*,*,#4022,.T.);
#5325=ORIENTED_EDGE('',*,*,#4002,.T.);
#5326=ORIENTED_EDGE('',*,*,#4027,.T.);
#5327=ORIENTED_EDGE('',*,*,#4028,.T.);
#5328=ORIENTED_EDGE('',*,*,#4029,.F.);
#5329=ORIENTED_EDGE('',*,*,#4030,.F.);
#5330=ORIENTED_EDGE('',*,*,#4031,.T.);
#5331=ORIENTED_EDGE('',*,*,#4030,.T.);
#5332=ORIENTED_EDGE('',*,*,#4032,.F.);
#5333=ORIENTED_EDGE('',*,*,#4033,.F.);
#5334=ORIENTED_EDGE('',*,*,#4034,.T.);
#5335=ORIENTED_EDGE('',*,*,#4033,.T.);
#5336=ORIENTED_EDGE('',*,*,#4035,.F.);
#5337=ORIENTED_EDGE('',*,*,#4036,.F.);
#5338=ORIENTED_EDGE('',*,*,#4037,.T.);
#5339=ORIENTED_EDGE('',*,*,#4036,.T.);
#5340=ORIENTED_EDGE('',*,*,#4038,.F.);
#5341=ORIENTED_EDGE('',*,*,#4028,.F.);
#5342=ORIENTED_EDGE('',*,*,#4039,.F.);
#5343=ORIENTED_EDGE('',*,*,#4040,.T.);
#5344=ORIENTED_EDGE('',*,*,#4041,.F.);
#5345=ORIENTED_EDGE('',*,*,#4042,.F.);
#5346=ORIENTED_EDGE('',*,*,#4043,.F.);
#5347=ORIENTED_EDGE('',*,*,#4042,.T.);
#5348=ORIENTED_EDGE('',*,*,#4044,.F.);
#5349=ORIENTED_EDGE('',*,*,#4045,.F.);
#5350=ORIENTED_EDGE('',*,*,#4046,.F.);
#5351=ORIENTED_EDGE('',*,*,#4045,.T.);
#5352=ORIENTED_EDGE('',*,*,#4047,.F.);
#5353=ORIENTED_EDGE('',*,*,#4048,.F.);
#5354=ORIENTED_EDGE('',*,*,#4049,.F.);
#5355=ORIENTED_EDGE('',*,*,#4048,.T.);
#5356=ORIENTED_EDGE('',*,*,#4050,.F.);
#5357=ORIENTED_EDGE('',*,*,#4051,.F.);
#5358=ORIENTED_EDGE('',*,*,#4052,.F.);
#5359=ORIENTED_EDGE('',*,*,#4051,.T.);
#5360=ORIENTED_EDGE('',*,*,#4053,.F.);
#5361=ORIENTED_EDGE('',*,*,#4054,.F.);
#5362=ORIENTED_EDGE('',*,*,#4055,.T.);
#5363=ORIENTED_EDGE('',*,*,#4054,.T.);
#5364=ORIENTED_EDGE('',*,*,#4056,.F.);
#5365=ORIENTED_EDGE('',*,*,#4057,.F.);
#5366=ORIENTED_EDGE('',*,*,#4058,.T.);
#5367=ORIENTED_EDGE('',*,*,#4057,.T.);
#5368=ORIENTED_EDGE('',*,*,#4059,.F.);
#5369=ORIENTED_EDGE('',*,*,#4060,.F.);
#5370=ORIENTED_EDGE('',*,*,#4061,.F.);
#5371=ORIENTED_EDGE('',*,*,#4062,.T.);
#5372=ORIENTED_EDGE('',*,*,#4060,.T.);
#5373=ORIENTED_EDGE('',*,*,#4063,.F.);
#5374=ORIENTED_EDGE('',*,*,#4064,.F.);
#5375=ORIENTED_EDGE('',*,*,#4040,.F.);
#5376=ORIENTED_EDGE('',*,*,#4064,.T.);
#5377=ORIENTED_EDGE('',*,*,#4063,.T.);
#5378=ORIENTED_EDGE('',*,*,#4059,.T.);
#5379=ORIENTED_EDGE('',*,*,#4056,.T.);
#5380=ORIENTED_EDGE('',*,*,#4053,.T.);
#5381=ORIENTED_EDGE('',*,*,#4050,.T.);
#5382=ORIENTED_EDGE('',*,*,#4047,.T.);
#5383=ORIENTED_EDGE('',*,*,#4044,.T.);
#5384=ORIENTED_EDGE('',*,*,#4041,.T.);
#5385=ORIENTED_EDGE('',*,*,#4038,.T.);
#5386=ORIENTED_EDGE('',*,*,#4035,.T.);
#5387=ORIENTED_EDGE('',*,*,#4032,.T.);
#5388=ORIENTED_EDGE('',*,*,#4029,.T.);
#5389=ORIENTED_EDGE('',*,*,#4061,.T.);
#5390=ORIENTED_EDGE('',*,*,#4039,.T.);
#5391=ORIENTED_EDGE('',*,*,#4043,.T.);
#5392=ORIENTED_EDGE('',*,*,#4046,.T.);
#5393=ORIENTED_EDGE('',*,*,#4049,.T.);
#5394=ORIENTED_EDGE('',*,*,#4052,.T.);
#5395=ORIENTED_EDGE('',*,*,#4055,.F.);
#5396=ORIENTED_EDGE('',*,*,#4058,.F.);
#5397=ORIENTED_EDGE('',*,*,#4062,.F.);
#5398=ORIENTED_EDGE('',*,*,#4037,.F.);
#5399=ORIENTED_EDGE('',*,*,#4027,.F.);
#5400=ORIENTED_EDGE('',*,*,#4031,.F.);
#5401=ORIENTED_EDGE('',*,*,#4034,.F.);
#5402=ORIENTED_EDGE('',*,*,#4065,.T.);
#5403=ORIENTED_EDGE('',*,*,#4066,.T.);
#5404=ORIENTED_EDGE('',*,*,#4067,.T.);
#5405=ORIENTED_EDGE('',*,*,#4068,.T.);
#5406=ORIENTED_EDGE('',*,*,#4067,.F.);
#5407=ORIENTED_EDGE('',*,*,#4069,.F.);
#5408=ORIENTED_EDGE('',*,*,#4070,.F.);
#5409=ORIENTED_EDGE('',*,*,#4071,.F.);
#5410=ORIENTED_EDGE('',*,*,#4072,.F.);
#5411=ORIENTED_EDGE('',*,*,#4073,.T.);
#5412=ORIENTED_EDGE('',*,*,#4074,.F.);
#5413=ORIENTED_EDGE('',*,*,#4075,.F.);
#5414=ORIENTED_EDGE('',*,*,#4076,.T.);
#5415=ORIENTED_EDGE('',*,*,#4066,.F.);
#5416=ORIENTED_EDGE('',*,*,#4077,.T.);
#5417=ORIENTED_EDGE('',*,*,#4078,.F.);
#5418=ORIENTED_EDGE('',*,*,#4069,.T.);
#5419=ORIENTED_EDGE('',*,*,#4070,.T.);
#5420=ORIENTED_EDGE('',*,*,#4078,.T.);
#5421=ORIENTED_EDGE('',*,*,#4079,.T.);
#5422=ORIENTED_EDGE('',*,*,#4080,.T.);
#5423=ORIENTED_EDGE('',*,*,#4072,.T.);
#5424=ORIENTED_EDGE('',*,*,#4081,.T.);
#5425=ORIENTED_EDGE('',*,*,#4082,.T.);
#5426=ORIENTED_EDGE('',*,*,#4083,.T.);
#5427=ORIENTED_EDGE('',*,*,#4083,.F.);
#5428=ORIENTED_EDGE('',*,*,#4084,.F.);
#5429=ORIENTED_EDGE('',*,*,#4085,.T.);
#5430=ORIENTED_EDGE('',*,*,#4073,.F.);
#5431=ORIENTED_EDGE('',*,*,#4080,.F.);
#5432=ORIENTED_EDGE('',*,*,#4086,.F.);
#5433=ORIENTED_EDGE('',*,*,#4081,.F.);
#5434=ORIENTED_EDGE('',*,*,#4071,.T.);
#5435=ORIENTED_EDGE('',*,*,#4065,.F.);
#5436=ORIENTED_EDGE('',*,*,#4087,.F.);
#5437=ORIENTED_EDGE('',*,*,#4088,.F.);
#5438=ORIENTED_EDGE('',*,*,#4089,.T.);
#5439=ORIENTED_EDGE('',*,*,#4084,.T.);
#5440=ORIENTED_EDGE('',*,*,#4082,.F.);
#5441=ORIENTED_EDGE('',*,*,#4086,.T.);
#5442=ORIENTED_EDGE('',*,*,#4079,.F.);
#5443=ORIENTED_EDGE('',*,*,#4077,.F.);
#5444=ORIENTED_EDGE('',*,*,#4088,.T.);
#5445=ORIENTED_EDGE('',*,*,#4090,.T.);
#5446=ORIENTED_EDGE('',*,*,#4091,.T.);
#5447=ORIENTED_EDGE('',*,*,#4092,.T.);
#5448=ORIENTED_EDGE('',*,*,#4075,.T.);
#5449=ORIENTED_EDGE('',*,*,#4093,.T.);
#5450=ORIENTED_EDGE('',*,*,#4094,.T.);
#5451=ORIENTED_EDGE('',*,*,#4095,.T.);
#5452=ORIENTED_EDGE('',*,*,#4096,.T.);
#5453=ORIENTED_EDGE('',*,*,#4097,.T.);
#5454=ORIENTED_EDGE('',*,*,#4098,.F.);
#5455=ORIENTED_EDGE('',*,*,#4099,.T.);
#5456=ORIENTED_EDGE('',*,*,#4100,.F.);
#5457=ORIENTED_EDGE('',*,*,#4099,.F.);
#5458=ORIENTED_EDGE('',*,*,#4101,.F.);
#5459=ORIENTED_EDGE('',*,*,#4102,.T.);
#5460=ORIENTED_EDGE('',*,*,#4103,.F.);
#5461=ORIENTED_EDGE('',*,*,#4102,.F.);
#5462=ORIENTED_EDGE('',*,*,#4104,.F.);
#5463=ORIENTED_EDGE('',*,*,#4105,.T.);
#5464=ORIENTED_EDGE('',*,*,#4106,.F.);
#5465=ORIENTED_EDGE('',*,*,#4105,.F.);
#5466=ORIENTED_EDGE('',*,*,#4107,.F.);
#5467=ORIENTED_EDGE('',*,*,#4108,.T.);
#5468=ORIENTED_EDGE('',*,*,#4109,.F.);
#5469=ORIENTED_EDGE('',*,*,#4108,.F.);
#5470=ORIENTED_EDGE('',*,*,#4110,.F.);
#5471=ORIENTED_EDGE('',*,*,#4111,.T.);
#5472=ORIENTED_EDGE('',*,*,#4112,.F.);
#5473=ORIENTED_EDGE('',*,*,#4111,.F.);
#5474=ORIENTED_EDGE('',*,*,#4113,.F.);
#5475=ORIENTED_EDGE('',*,*,#4114,.T.);
#5476=ORIENTED_EDGE('',*,*,#4115,.F.);
#5477=ORIENTED_EDGE('',*,*,#4114,.F.);
#5478=ORIENTED_EDGE('',*,*,#4116,.F.);
#5479=ORIENTED_EDGE('',*,*,#4117,.T.);
#5480=ORIENTED_EDGE('',*,*,#4118,.F.);
#5481=ORIENTED_EDGE('',*,*,#4117,.F.);
#5482=ORIENTED_EDGE('',*,*,#4119,.F.);
#5483=ORIENTED_EDGE('',*,*,#4120,.T.);
#5484=ORIENTED_EDGE('',*,*,#4121,.F.);
#5485=ORIENTED_EDGE('',*,*,#4120,.F.);
#5486=ORIENTED_EDGE('',*,*,#4122,.F.);
#5487=ORIENTED_EDGE('',*,*,#4123,.T.);
#5488=ORIENTED_EDGE('',*,*,#4124,.F.);
#5489=ORIENTED_EDGE('',*,*,#4123,.F.);
#5490=ORIENTED_EDGE('',*,*,#4125,.F.);
#5491=ORIENTED_EDGE('',*,*,#4126,.T.);
#5492=ORIENTED_EDGE('',*,*,#4127,.F.);
#5493=ORIENTED_EDGE('',*,*,#4126,.F.);
#5494=ORIENTED_EDGE('',*,*,#4128,.F.);
#5495=ORIENTED_EDGE('',*,*,#4129,.T.);
#5496=ORIENTED_EDGE('',*,*,#4130,.F.);
#5497=ORIENTED_EDGE('',*,*,#4129,.F.);
#5498=ORIENTED_EDGE('',*,*,#4131,.F.);
#5499=ORIENTED_EDGE('',*,*,#4132,.T.);
#5500=ORIENTED_EDGE('',*,*,#4133,.F.);
#5501=ORIENTED_EDGE('',*,*,#4132,.F.);
#5502=ORIENTED_EDGE('',*,*,#4134,.F.);
#5503=ORIENTED_EDGE('',*,*,#4135,.T.);
#5504=ORIENTED_EDGE('',*,*,#4136,.F.);
#5505=ORIENTED_EDGE('',*,*,#4135,.F.);
#5506=ORIENTED_EDGE('',*,*,#4137,.F.);
#5507=ORIENTED_EDGE('',*,*,#4138,.T.);
#5508=ORIENTED_EDGE('',*,*,#4139,.F.);
#5509=ORIENTED_EDGE('',*,*,#4138,.F.);
#5510=ORIENTED_EDGE('',*,*,#4140,.F.);
#5511=ORIENTED_EDGE('',*,*,#4141,.T.);
#5512=ORIENTED_EDGE('',*,*,#4142,.F.);
#5513=ORIENTED_EDGE('',*,*,#4141,.F.);
#5514=ORIENTED_EDGE('',*,*,#4143,.F.);
#5515=ORIENTED_EDGE('',*,*,#4144,.T.);
#5516=ORIENTED_EDGE('',*,*,#4145,.F.);
#5517=ORIENTED_EDGE('',*,*,#4144,.F.);
#5518=ORIENTED_EDGE('',*,*,#4146,.F.);
#5519=ORIENTED_EDGE('',*,*,#4147,.T.);
#5520=ORIENTED_EDGE('',*,*,#4148,.F.);
#5521=ORIENTED_EDGE('',*,*,#4147,.F.);
#5522=ORIENTED_EDGE('',*,*,#4149,.F.);
#5523=ORIENTED_EDGE('',*,*,#4150,.T.);
#5524=ORIENTED_EDGE('',*,*,#4151,.F.);
#5525=ORIENTED_EDGE('',*,*,#4150,.F.);
#5526=ORIENTED_EDGE('',*,*,#4152,.F.);
#5527=ORIENTED_EDGE('',*,*,#4153,.T.);
#5528=ORIENTED_EDGE('',*,*,#4154,.F.);
#5529=ORIENTED_EDGE('',*,*,#4153,.F.);
#5530=ORIENTED_EDGE('',*,*,#4155,.F.);
#5531=ORIENTED_EDGE('',*,*,#4156,.T.);
#5532=ORIENTED_EDGE('',*,*,#4157,.F.);
#5533=ORIENTED_EDGE('',*,*,#4156,.F.);
#5534=ORIENTED_EDGE('',*,*,#4158,.F.);
#5535=ORIENTED_EDGE('',*,*,#4159,.T.);
#5536=ORIENTED_EDGE('',*,*,#4160,.F.);
#5537=ORIENTED_EDGE('',*,*,#4159,.F.);
#5538=ORIENTED_EDGE('',*,*,#4161,.T.);
#5539=ORIENTED_EDGE('',*,*,#4162,.F.);
#5540=ORIENTED_EDGE('',*,*,#4163,.F.);
#5541=ORIENTED_EDGE('',*,*,#4164,.F.);
#5542=ORIENTED_EDGE('',*,*,#4165,.T.);
#5543=ORIENTED_EDGE('',*,*,#4166,.F.);
#5544=ORIENTED_EDGE('',*,*,#4167,.F.);
#5545=ORIENTED_EDGE('',*,*,#4168,.F.);
#5546=ORIENTED_EDGE('',*,*,#4167,.T.);
#5547=ORIENTED_EDGE('',*,*,#4169,.T.);
#5548=ORIENTED_EDGE('',*,*,#4093,.F.);
#5549=ORIENTED_EDGE('',*,*,#4074,.T.);
#5550=ORIENTED_EDGE('',*,*,#4085,.F.);
#5551=ORIENTED_EDGE('',*,*,#4089,.F.);
#5552=ORIENTED_EDGE('',*,*,#4097,.F.);
#5553=ORIENTED_EDGE('',*,*,#4170,.F.);
#5554=ORIENTED_EDGE('',*,*,#4163,.T.);
#5555=ORIENTED_EDGE('',*,*,#4171,.T.);
#5556=ORIENTED_EDGE('',*,*,#4095,.F.);
#5557=ORIENTED_EDGE('',*,*,#4172,.F.);
#5558=ORIENTED_EDGE('',*,*,#4173,.F.);
#5559=ORIENTED_EDGE('',*,*,#4174,.F.);
#5560=ORIENTED_EDGE('',*,*,#4175,.F.);
#5561=ORIENTED_EDGE('',*,*,#4176,.F.);
#5562=ORIENTED_EDGE('',*,*,#4098,.T.);
#5563=ORIENTED_EDGE('',*,*,#4101,.T.);
#5564=ORIENTED_EDGE('',*,*,#4104,.T.);
#5565=ORIENTED_EDGE('',*,*,#4107,.T.);
#5566=ORIENTED_EDGE('',*,*,#4110,.T.);
#5567=ORIENTED_EDGE('',*,*,#4113,.T.);
#5568=ORIENTED_EDGE('',*,*,#4116,.T.);
#5569=ORIENTED_EDGE('',*,*,#4119,.T.);
#5570=ORIENTED_EDGE('',*,*,#4122,.T.);
#5571=ORIENTED_EDGE('',*,*,#4125,.T.);
#5572=ORIENTED_EDGE('',*,*,#4128,.T.);
#5573=ORIENTED_EDGE('',*,*,#4131,.T.);
#5574=ORIENTED_EDGE('',*,*,#4134,.T.);
#5575=ORIENTED_EDGE('',*,*,#4137,.T.);
#5576=ORIENTED_EDGE('',*,*,#4140,.T.);
#5577=ORIENTED_EDGE('',*,*,#4143,.T.);
#5578=ORIENTED_EDGE('',*,*,#4146,.T.);
#5579=ORIENTED_EDGE('',*,*,#4149,.T.);
#5580=ORIENTED_EDGE('',*,*,#4152,.T.);
#5581=ORIENTED_EDGE('',*,*,#4155,.T.);
#5582=ORIENTED_EDGE('',*,*,#4158,.T.);
#5583=ORIENTED_EDGE('',*,*,#4175,.T.);
#5584=ORIENTED_EDGE('',*,*,#4177,.T.);
#5585=ORIENTED_EDGE('',*,*,#4090,.F.);
#5586=ORIENTED_EDGE('',*,*,#4178,.F.);
#5587=ORIENTED_EDGE('',*,*,#4174,.T.);
#5588=ORIENTED_EDGE('',*,*,#4179,.T.);
#5589=ORIENTED_EDGE('',*,*,#4091,.F.);
#5590=ORIENTED_EDGE('',*,*,#4177,.F.);
#5591=ORIENTED_EDGE('',*,*,#4068,.F.);
#5592=ORIENTED_EDGE('',*,*,#4076,.F.);
#5593=ORIENTED_EDGE('',*,*,#4180,.F.);
#5594=ORIENTED_EDGE('',*,*,#4176,.T.);
#5595=ORIENTED_EDGE('',*,*,#4178,.T.);
#5596=ORIENTED_EDGE('',*,*,#4087,.T.);
#5597=ORIENTED_EDGE('',*,*,#4173,.T.);
#5598=ORIENTED_EDGE('',*,*,#4180,.T.);
#5599=ORIENTED_EDGE('',*,*,#4092,.F.);
#5600=ORIENTED_EDGE('',*,*,#4179,.F.);
#5601=ORIENTED_EDGE('',*,*,#4181,.T.);
#5602=ORIENTED_EDGE('',*,*,#4182,.T.);
#5603=ORIENTED_EDGE('',*,*,#4168,.T.);
#5604=ORIENTED_EDGE('',*,*,#4170,.T.);
#5605=ORIENTED_EDGE('',*,*,#4096,.F.);
#5606=ORIENTED_EDGE('',*,*,#4171,.F.);
#5607=ORIENTED_EDGE('',*,*,#4162,.T.);
#5608=ORIENTED_EDGE('',*,*,#4183,.F.);
#5609=ORIENTED_EDGE('',*,*,#4184,.T.);
#5610=ORIENTED_EDGE('',*,*,#4183,.T.);
#5611=ORIENTED_EDGE('',*,*,#4161,.F.);
#5612=ORIENTED_EDGE('',*,*,#4185,.F.);
#5613=ORIENTED_EDGE('',*,*,#4186,.T.);
#5614=ORIENTED_EDGE('',*,*,#4185,.T.);
#5615=ORIENTED_EDGE('',*,*,#4164,.T.);
#5616=ORIENTED_EDGE('',*,*,#4172,.T.);
#5617=ORIENTED_EDGE('',*,*,#4094,.F.);
#5618=ORIENTED_EDGE('',*,*,#4169,.F.);
#5619=ORIENTED_EDGE('',*,*,#4166,.T.);
#5620=ORIENTED_EDGE('',*,*,#4187,.F.);
#5621=ORIENTED_EDGE('',*,*,#4188,.T.);
#5622=ORIENTED_EDGE('',*,*,#4187,.T.);
#5623=ORIENTED_EDGE('',*,*,#4165,.F.);
#5624=ORIENTED_EDGE('',*,*,#4182,.F.);
#5625=ORIENTED_EDGE('',*,*,#4188,.F.);
#5626=ORIENTED_EDGE('',*,*,#4181,.F.);
#5627=ORIENTED_EDGE('',*,*,#4184,.F.);
#5628=ORIENTED_EDGE('',*,*,#4186,.F.);
#5629=ORIENTED_EDGE('',*,*,#4100,.T.);
#5630=ORIENTED_EDGE('',*,*,#4103,.T.);
#5631=ORIENTED_EDGE('',*,*,#4106,.T.);
#5632=ORIENTED_EDGE('',*,*,#4109,.T.);
#5633=ORIENTED_EDGE('',*,*,#4112,.T.);
#5634=ORIENTED_EDGE('',*,*,#4115,.T.);
#5635=ORIENTED_EDGE('',*,*,#4118,.T.);
#5636=ORIENTED_EDGE('',*,*,#4121,.T.);
#5637=ORIENTED_EDGE('',*,*,#4124,.T.);
#5638=ORIENTED_EDGE('',*,*,#4127,.T.);
#5639=ORIENTED_EDGE('',*,*,#4130,.T.);
#5640=ORIENTED_EDGE('',*,*,#4133,.T.);
#5641=ORIENTED_EDGE('',*,*,#4136,.T.);
#5642=ORIENTED_EDGE('',*,*,#4139,.T.);
#5643=ORIENTED_EDGE('',*,*,#4142,.T.);
#5644=ORIENTED_EDGE('',*,*,#4145,.T.);
#5645=ORIENTED_EDGE('',*,*,#4148,.T.);
#5646=ORIENTED_EDGE('',*,*,#4151,.T.);
#5647=ORIENTED_EDGE('',*,*,#4154,.T.);
#5648=ORIENTED_EDGE('',*,*,#4157,.T.);
#5649=ORIENTED_EDGE('',*,*,#4160,.T.);
#5650=ORIENTED_EDGE('',*,*,#4189,.F.);
#5651=ORIENTED_EDGE('',*,*,#4190,.T.);
#5652=ORIENTED_EDGE('',*,*,#4191,.F.);
#5653=ORIENTED_EDGE('',*,*,#4190,.F.);
#5654=ORIENTED_EDGE('',*,*,#4192,.T.);
#5655=ORIENTED_EDGE('',*,*,#4193,.T.);
#5656=ORIENTED_EDGE('',*,*,#4194,.T.);
#5657=ORIENTED_EDGE('',*,*,#4195,.T.);
#5658=ORIENTED_EDGE('',*,*,#4196,.T.);
#5659=ORIENTED_EDGE('',*,*,#4197,.T.);
#5660=ORIENTED_EDGE('',*,*,#4198,.T.);
#5661=ORIENTED_EDGE('',*,*,#4199,.T.);
#5662=ORIENTED_EDGE('',*,*,#4200,.T.);
#5663=ORIENTED_EDGE('',*,*,#4201,.T.);
#5664=ORIENTED_EDGE('',*,*,#4202,.T.);
#5665=ORIENTED_EDGE('',*,*,#4203,.T.);
#5666=ORIENTED_EDGE('',*,*,#4204,.T.);
#5667=ORIENTED_EDGE('',*,*,#4205,.T.);
#5668=ORIENTED_EDGE('',*,*,#4192,.F.);
#5669=ORIENTED_EDGE('',*,*,#4206,.F.);
#5670=ORIENTED_EDGE('',*,*,#4207,.T.);
#5671=ORIENTED_EDGE('',*,*,#4206,.T.);
#5672=ORIENTED_EDGE('',*,*,#4195,.F.);
#5673=ORIENTED_EDGE('',*,*,#4208,.F.);
#5674=ORIENTED_EDGE('',*,*,#4191,.T.);
#5675=ORIENTED_EDGE('',*,*,#4209,.T.);
#5676=ORIENTED_EDGE('',*,*,#4208,.T.);
#5677=ORIENTED_EDGE('',*,*,#4194,.F.);
#5678=ORIENTED_EDGE('',*,*,#4210,.F.);
#5679=ORIENTED_EDGE('',*,*,#4211,.T.);
#5680=ORIENTED_EDGE('',*,*,#4210,.T.);
#5681=ORIENTED_EDGE('',*,*,#4193,.F.);
#5682=ORIENTED_EDGE('',*,*,#4205,.F.);
#5683=ORIENTED_EDGE('',*,*,#4212,.F.);
#5684=ORIENTED_EDGE('',*,*,#4213,.T.);
#5685=ORIENTED_EDGE('',*,*,#4203,.F.);
#5686=ORIENTED_EDGE('',*,*,#4214,.F.);
#5687=ORIENTED_EDGE('',*,*,#4215,.F.);
#5688=ORIENTED_EDGE('',*,*,#4216,.T.);
#5689=ORIENTED_EDGE('',*,*,#4215,.T.);
#5690=ORIENTED_EDGE('',*,*,#4214,.T.);
#5691=ORIENTED_EDGE('',*,*,#4202,.F.);
#5692=ORIENTED_EDGE('',*,*,#4217,.F.);
#5693=ORIENTED_EDGE('',*,*,#4218,.F.);
#5694=ORIENTED_EDGE('',*,*,#4219,.F.);
#5695=ORIENTED_EDGE('',*,*,#4218,.T.);
#5696=ORIENTED_EDGE('',*,*,#4217,.T.);
#5697=ORIENTED_EDGE('',*,*,#4201,.F.);
#5698=ORIENTED_EDGE('',*,*,#4220,.F.);
#5699=ORIENTED_EDGE('',*,*,#4221,.F.);
#5700=ORIENTED_EDGE('',*,*,#4222,.T.);
#5701=ORIENTED_EDGE('',*,*,#4221,.T.);
#5702=ORIENTED_EDGE('',*,*,#4220,.T.);
#5703=ORIENTED_EDGE('',*,*,#4200,.F.);
#5704=ORIENTED_EDGE('',*,*,#4223,.F.);
#5705=ORIENTED_EDGE('',*,*,#4224,.F.);
#5706=ORIENTED_EDGE('',*,*,#4223,.T.);
#5707=ORIENTED_EDGE('',*,*,#4199,.F.);
#5708=ORIENTED_EDGE('',*,*,#4225,.F.);
#5709=ORIENTED_EDGE('',*,*,#4226,.F.);
#5710=ORIENTED_EDGE('',*,*,#4189,.T.);
#5711=ORIENTED_EDGE('',*,*,#4227,.T.);
#5712=ORIENTED_EDGE('',*,*,#4226,.T.);
#5713=ORIENTED_EDGE('',*,*,#4225,.T.);
#5714=ORIENTED_EDGE('',*,*,#4198,.F.);
#5715=ORIENTED_EDGE('',*,*,#4228,.F.);
#5716=ORIENTED_EDGE('',*,*,#4229,.F.);
#5717=ORIENTED_EDGE('',*,*,#4230,.F.);
#5718=ORIENTED_EDGE('',*,*,#4229,.T.);
#5719=ORIENTED_EDGE('',*,*,#4228,.T.);
#5720=ORIENTED_EDGE('',*,*,#4197,.F.);
#5721=ORIENTED_EDGE('',*,*,#4231,.F.);
#5722=ORIENTED_EDGE('',*,*,#4232,.F.);
#5723=ORIENTED_EDGE('',*,*,#4233,.T.);
#5724=ORIENTED_EDGE('',*,*,#4232,.T.);
#5725=ORIENTED_EDGE('',*,*,#4231,.T.);
#5726=ORIENTED_EDGE('',*,*,#4196,.F.);
#5727=ORIENTED_EDGE('',*,*,#4213,.F.);
#5728=ORIENTED_EDGE('',*,*,#4233,.F.);
#5729=ORIENTED_EDGE('',*,*,#4212,.T.);
#5730=ORIENTED_EDGE('',*,*,#4216,.F.);
#5731=ORIENTED_EDGE('',*,*,#4219,.T.);
#5732=ORIENTED_EDGE('',*,*,#4222,.F.);
#5733=ORIENTED_EDGE('',*,*,#4224,.T.);
#5734=ORIENTED_EDGE('',*,*,#4227,.F.);
#5735=ORIENTED_EDGE('',*,*,#4230,.T.);
#5736=ORIENTED_EDGE('',*,*,#4211,.F.);
#5737=ORIENTED_EDGE('',*,*,#4204,.F.);
#5738=ORIENTED_EDGE('',*,*,#4207,.F.);
#5739=ORIENTED_EDGE('',*,*,#4209,.F.);
#5740=ORIENTED_EDGE('',*,*,#4234,.F.);
#5741=ORIENTED_EDGE('',*,*,#4235,.T.);
#5742=ORIENTED_EDGE('',*,*,#4236,.T.);
#5743=ORIENTED_EDGE('',*,*,#4237,.F.);
#5744=ORIENTED_EDGE('',*,*,#4238,.F.);
#5745=ORIENTED_EDGE('',*,*,#4239,.T.);
#5746=ORIENTED_EDGE('',*,*,#4240,.T.);
#5747=ORIENTED_EDGE('',*,*,#4235,.F.);
#5748=ORIENTED_EDGE('',*,*,#4241,.F.);
#5749=ORIENTED_EDGE('',*,*,#4242,.T.);
#5750=ORIENTED_EDGE('',*,*,#4243,.T.);
#5751=ORIENTED_EDGE('',*,*,#4239,.F.);
#5752=ORIENTED_EDGE('',*,*,#4244,.F.);
#5753=ORIENTED_EDGE('',*,*,#4245,.T.);
#5754=ORIENTED_EDGE('',*,*,#4246,.T.);
#5755=ORIENTED_EDGE('',*,*,#4242,.F.);
#5756=ORIENTED_EDGE('',*,*,#4247,.F.);
#5757=ORIENTED_EDGE('',*,*,#4248,.T.);
#5758=ORIENTED_EDGE('',*,*,#4249,.T.);
#5759=ORIENTED_EDGE('',*,*,#4245,.F.);
#5760=ORIENTED_EDGE('',*,*,#4250,.F.);
#5761=ORIENTED_EDGE('',*,*,#4237,.T.);
#5762=ORIENTED_EDGE('',*,*,#4251,.T.);
#5763=ORIENTED_EDGE('',*,*,#4248,.F.);
#5764=ORIENTED_EDGE('',*,*,#4251,.F.);
#5765=ORIENTED_EDGE('',*,*,#4236,.F.);
#5766=ORIENTED_EDGE('',*,*,#4240,.F.);
#5767=ORIENTED_EDGE('',*,*,#4243,.F.);
#5768=ORIENTED_EDGE('',*,*,#4246,.F.);
#5769=ORIENTED_EDGE('',*,*,#4249,.F.);
#5770=ORIENTED_EDGE('',*,*,#4252,.F.);
#5771=ORIENTED_EDGE('',*,*,#4253,.T.);
#5772=ORIENTED_EDGE('',*,*,#4254,.T.);
#5773=ORIENTED_EDGE('',*,*,#4255,.F.);
#5774=ORIENTED_EDGE('',*,*,#4256,.F.);
#5775=ORIENTED_EDGE('',*,*,#4257,.T.);
#5776=ORIENTED_EDGE('',*,*,#4258,.T.);
#5777=ORIENTED_EDGE('',*,*,#4253,.F.);
#5778=ORIENTED_EDGE('',*,*,#4259,.F.);
#5779=ORIENTED_EDGE('',*,*,#4260,.T.);
#5780=ORIENTED_EDGE('',*,*,#4261,.T.);
#5781=ORIENTED_EDGE('',*,*,#4257,.F.);
#5782=ORIENTED_EDGE('',*,*,#4262,.F.);
#5783=ORIENTED_EDGE('',*,*,#4263,.T.);
#5784=ORIENTED_EDGE('',*,*,#4264,.T.);
#5785=ORIENTED_EDGE('',*,*,#4260,.F.);
#5786=ORIENTED_EDGE('',*,*,#4265,.F.);
#5787=ORIENTED_EDGE('',*,*,#4266,.T.);
#5788=ORIENTED_EDGE('',*,*,#4267,.T.);
#5789=ORIENTED_EDGE('',*,*,#4263,.F.);
#5790=ORIENTED_EDGE('',*,*,#4268,.F.);
#5791=ORIENTED_EDGE('',*,*,#4255,.T.);
#5792=ORIENTED_EDGE('',*,*,#4269,.T.);
#5793=ORIENTED_EDGE('',*,*,#4266,.F.);
#5794=ORIENTED_EDGE('',*,*,#4269,.F.);
#5795=ORIENTED_EDGE('',*,*,#4254,.F.);
#5796=ORIENTED_EDGE('',*,*,#4258,.F.);
#5797=ORIENTED_EDGE('',*,*,#4261,.F.);
#5798=ORIENTED_EDGE('',*,*,#4264,.F.);
#5799=ORIENTED_EDGE('',*,*,#4267,.F.);
#5800=ORIENTED_EDGE('',*,*,#4270,.F.);
#5801=ORIENTED_EDGE('',*,*,#4271,.T.);
#5802=ORIENTED_EDGE('',*,*,#4272,.F.);
#5803=ORIENTED_EDGE('',*,*,#4273,.F.);
#5804=ORIENTED_EDGE('',*,*,#4274,.F.);
#5805=ORIENTED_EDGE('',*,*,#4273,.T.);
#5806=ORIENTED_EDGE('',*,*,#4275,.F.);
#5807=ORIENTED_EDGE('',*,*,#4276,.F.);
#5808=ORIENTED_EDGE('',*,*,#4277,.F.);
#5809=ORIENTED_EDGE('',*,*,#4278,.T.);
#5810=ORIENTED_EDGE('',*,*,#4279,.T.);
#5811=ORIENTED_EDGE('',*,*,#4280,.F.);
#5812=ORIENTED_EDGE('',*,*,#4281,.T.);
#5813=ORIENTED_EDGE('',*,*,#4282,.F.);
#5814=ORIENTED_EDGE('',*,*,#4283,.T.);
#5815=ORIENTED_EDGE('',*,*,#4284,.F.);
#5816=ORIENTED_EDGE('',*,*,#4285,.T.);
#5817=ORIENTED_EDGE('',*,*,#4234,.T.);
#5818=ORIENTED_EDGE('',*,*,#4250,.T.);
#5819=ORIENTED_EDGE('',*,*,#4247,.T.);
#5820=ORIENTED_EDGE('',*,*,#4244,.T.);
#5821=ORIENTED_EDGE('',*,*,#4241,.T.);
#5822=ORIENTED_EDGE('',*,*,#4238,.T.);
#5823=ORIENTED_EDGE('',*,*,#4252,.T.);
#5824=ORIENTED_EDGE('',*,*,#4268,.T.);
#5825=ORIENTED_EDGE('',*,*,#4265,.T.);
#5826=ORIENTED_EDGE('',*,*,#4262,.T.);
#5827=ORIENTED_EDGE('',*,*,#4259,.T.);
#5828=ORIENTED_EDGE('',*,*,#4256,.T.);
#5829=ORIENTED_EDGE('',*,*,#4286,.T.);
#5830=ORIENTED_EDGE('',*,*,#4287,.T.);
#5831=ORIENTED_EDGE('',*,*,#4288,.T.);
#5832=ORIENTED_EDGE('',*,*,#4289,.F.);
#5833=ORIENTED_EDGE('',*,*,#4290,.T.);
#5834=ORIENTED_EDGE('',*,*,#4291,.T.);
#5835=ORIENTED_EDGE('',*,*,#4292,.T.);
#5836=ORIENTED_EDGE('',*,*,#4293,.T.);
#5837=ORIENTED_EDGE('',*,*,#4294,.T.);
#5838=ORIENTED_EDGE('',*,*,#4295,.T.);
#5839=ORIENTED_EDGE('',*,*,#4296,.T.);
#5840=ORIENTED_EDGE('',*,*,#4297,.T.);
#5841=ORIENTED_EDGE('',*,*,#4298,.T.);
#5842=ORIENTED_EDGE('',*,*,#4299,.T.);
#5843=ORIENTED_EDGE('',*,*,#4300,.T.);
#5844=ORIENTED_EDGE('',*,*,#4301,.T.);
#5845=ORIENTED_EDGE('',*,*,#4302,.T.);
#5846=ORIENTED_EDGE('',*,*,#4303,.T.);
#5847=ORIENTED_EDGE('',*,*,#4304,.T.);
#5848=ORIENTED_EDGE('',*,*,#4305,.T.);
#5849=ORIENTED_EDGE('',*,*,#4306,.T.);
#5850=ORIENTED_EDGE('',*,*,#4307,.T.);
#5851=ORIENTED_EDGE('',*,*,#4275,.T.);
#5852=ORIENTED_EDGE('',*,*,#4272,.T.);
#5853=ORIENTED_EDGE('',*,*,#4308,.T.);
#5854=ORIENTED_EDGE('',*,*,#4309,.T.);
#5855=ORIENTED_EDGE('',*,*,#4310,.T.);
#5856=ORIENTED_EDGE('',*,*,#4311,.T.);
#5857=ORIENTED_EDGE('',*,*,#4312,.T.);
#5858=ORIENTED_EDGE('',*,*,#4307,.F.);
#5859=ORIENTED_EDGE('',*,*,#4313,.T.);
#5860=ORIENTED_EDGE('',*,*,#4314,.F.);
#5861=ORIENTED_EDGE('',*,*,#4315,.T.);
#5862=ORIENTED_EDGE('',*,*,#4276,.T.);
#5863=ORIENTED_EDGE('',*,*,#4313,.F.);
#5864=ORIENTED_EDGE('',*,*,#4308,.F.);
#5865=ORIENTED_EDGE('',*,*,#4271,.F.);
#5866=ORIENTED_EDGE('',*,*,#4316,.T.);
#5867=ORIENTED_EDGE('',*,*,#4317,.F.);
#5868=ORIENTED_EDGE('',*,*,#4270,.T.);
#5869=ORIENTED_EDGE('',*,*,#4318,.T.);
#5870=ORIENTED_EDGE('',*,*,#4319,.F.);
#5871=ORIENTED_EDGE('',*,*,#4316,.F.);
#5872=ORIENTED_EDGE('',*,*,#4274,.T.);
#5873=ORIENTED_EDGE('',*,*,#4315,.F.);
#5874=ORIENTED_EDGE('',*,*,#4320,.F.);
#5875=ORIENTED_EDGE('',*,*,#4318,.F.);
#5876=ORIENTED_EDGE('',*,*,#4321,.F.);
#5877=ORIENTED_EDGE('',*,*,#4322,.T.);
#5878=ORIENTED_EDGE('',*,*,#4323,.F.);
#5879=ORIENTED_EDGE('',*,*,#4324,.F.);
#5880=ORIENTED_EDGE('',*,*,#4325,.F.);
#5881=ORIENTED_EDGE('',*,*,#4326,.T.);
#5882=ORIENTED_EDGE('',*,*,#4327,.F.);
#5883=ORIENTED_EDGE('',*,*,#4326,.F.);
#5884=ORIENTED_EDGE('',*,*,#4328,.F.);
#5885=ORIENTED_EDGE('',*,*,#4329,.T.);
#5886=ORIENTED_EDGE('',*,*,#4330,.F.);
#5887=ORIENTED_EDGE('',*,*,#4329,.F.);
#5888=ORIENTED_EDGE('',*,*,#4331,.T.);
#5889=ORIENTED_EDGE('',*,*,#4332,.T.);
#5890=ORIENTED_EDGE('',*,*,#4333,.T.);
#5891=ORIENTED_EDGE('',*,*,#4334,.T.);
#5892=ORIENTED_EDGE('',*,*,#4335,.T.);
#5893=ORIENTED_EDGE('',*,*,#4336,.T.);
#5894=ORIENTED_EDGE('',*,*,#4331,.F.);
#5895=ORIENTED_EDGE('',*,*,#4337,.T.);
#5896=ORIENTED_EDGE('',*,*,#4338,.T.);
#5897=ORIENTED_EDGE('',*,*,#4339,.T.);
#5898=ORIENTED_EDGE('',*,*,#4335,.F.);
#5899=ORIENTED_EDGE('',*,*,#4340,.T.);
#5900=ORIENTED_EDGE('',*,*,#4340,.F.);
#5901=ORIENTED_EDGE('',*,*,#4337,.F.);
#5902=ORIENTED_EDGE('',*,*,#4334,.F.);
#5903=ORIENTED_EDGE('',*,*,#4341,.F.);
#5904=ORIENTED_EDGE('',*,*,#4342,.F.);
#5905=ORIENTED_EDGE('',*,*,#4343,.T.);
#5906=ORIENTED_EDGE('',*,*,#4344,.T.);
#5907=ORIENTED_EDGE('',*,*,#4345,.T.);
#5908=ORIENTED_EDGE('',*,*,#4346,.T.);
#5909=ORIENTED_EDGE('',*,*,#4347,.T.);
#5910=ORIENTED_EDGE('',*,*,#4344,.F.);
#5911=ORIENTED_EDGE('',*,*,#4348,.T.);
#5912=ORIENTED_EDGE('',*,*,#4349,.T.);
#5913=ORIENTED_EDGE('',*,*,#4350,.T.);
#5914=ORIENTED_EDGE('',*,*,#4351,.T.);
#5915=ORIENTED_EDGE('',*,*,#4352,.T.);
#5916=ORIENTED_EDGE('',*,*,#4349,.F.);
#5917=ORIENTED_EDGE('',*,*,#4353,.T.);
#5918=ORIENTED_EDGE('',*,*,#4354,.T.);
#5919=ORIENTED_EDGE('',*,*,#4355,.T.);
#5920=ORIENTED_EDGE('',*,*,#4346,.F.);
#5921=ORIENTED_EDGE('',*,*,#4356,.T.);
#5922=ORIENTED_EDGE('',*,*,#4356,.F.);
#5923=ORIENTED_EDGE('',*,*,#4357,.T.);
#5924=ORIENTED_EDGE('',*,*,#4358,.T.);
#5925=ORIENTED_EDGE('',*,*,#4359,.T.);
#5926=ORIENTED_EDGE('',*,*,#4336,.F.);
#5927=ORIENTED_EDGE('',*,*,#4360,.F.);
#5928=ORIENTED_EDGE('',*,*,#4357,.F.);
#5929=ORIENTED_EDGE('',*,*,#4345,.F.);
#5930=ORIENTED_EDGE('',*,*,#4350,.F.);
#5931=ORIENTED_EDGE('',*,*,#4361,.F.);
#5932=ORIENTED_EDGE('',*,*,#4362,.F.);
#5933=ORIENTED_EDGE('',*,*,#4352,.F.);
#5934=ORIENTED_EDGE('',*,*,#4363,.T.);
#5935=ORIENTED_EDGE('',*,*,#4364,.F.);
#5936=ORIENTED_EDGE('',*,*,#4361,.T.);
#5937=ORIENTED_EDGE('',*,*,#4332,.F.);
#5938=ORIENTED_EDGE('',*,*,#4362,.T.);
#5939=ORIENTED_EDGE('',*,*,#4364,.T.);
#5940=ORIENTED_EDGE('',*,*,#4365,.T.);
#5941=ORIENTED_EDGE('',*,*,#4341,.T.);
#5942=ORIENTED_EDGE('',*,*,#4333,.F.);
#5943=ORIENTED_EDGE('',*,*,#4365,.F.);
#5944=ORIENTED_EDGE('',*,*,#4366,.F.);
#5945=ORIENTED_EDGE('',*,*,#4367,.T.);
#5946=ORIENTED_EDGE('',*,*,#4368,.F.);
#5947=ORIENTED_EDGE('',*,*,#4369,.F.);
#5948=ORIENTED_EDGE('',*,*,#4370,.F.);
#5949=ORIENTED_EDGE('',*,*,#4371,.F.);
#5950=ORIENTED_EDGE('',*,*,#4372,.T.);
#5951=ORIENTED_EDGE('',*,*,#4373,.T.);
#5952=ORIENTED_EDGE('',*,*,#4366,.T.);
#5953=ORIENTED_EDGE('',*,*,#4363,.F.);
#5954=ORIENTED_EDGE('',*,*,#4351,.F.);
#5955=ORIENTED_EDGE('',*,*,#4339,.F.);
#5956=ORIENTED_EDGE('',*,*,#4374,.T.);
#5957=ORIENTED_EDGE('',*,*,#4358,.F.);
#5958=ORIENTED_EDGE('',*,*,#4360,.T.);
#5959=ORIENTED_EDGE('',*,*,#4375,.T.);
#5960=ORIENTED_EDGE('',*,*,#4354,.F.);
#5961=ORIENTED_EDGE('',*,*,#4359,.F.);
#5962=ORIENTED_EDGE('',*,*,#4376,.F.);
#5963=ORIENTED_EDGE('',*,*,#4312,.F.);
#5964=ORIENTED_EDGE('',*,*,#4377,.F.);
#5965=ORIENTED_EDGE('',*,*,#4378,.F.);
#5966=ORIENTED_EDGE('',*,*,#4343,.F.);
#5967=ORIENTED_EDGE('',*,*,#4379,.F.);
#5968=ORIENTED_EDGE('',*,*,#4380,.T.);
#5969=ORIENTED_EDGE('',*,*,#4309,.F.);
#5970=ORIENTED_EDGE('',*,*,#4376,.T.);
#5971=ORIENTED_EDGE('',*,*,#4374,.F.);
#5972=ORIENTED_EDGE('',*,*,#4338,.F.);
#5973=ORIENTED_EDGE('',*,*,#4381,.T.);
#5974=ORIENTED_EDGE('',*,*,#4382,.T.);
#5975=ORIENTED_EDGE('',*,*,#4383,.T.);
#5976=ORIENTED_EDGE('',*,*,#4384,.T.);
#5977=ORIENTED_EDGE('',*,*,#4382,.F.);
#5978=ORIENTED_EDGE('',*,*,#4385,.F.);
#5979=ORIENTED_EDGE('',*,*,#4386,.T.);
#5980=ORIENTED_EDGE('',*,*,#4387,.T.);
#5981=ORIENTED_EDGE('',*,*,#4287,.F.);
#5982=ORIENTED_EDGE('',*,*,#4388,.F.);
#5983=ORIENTED_EDGE('',*,*,#4389,.T.);
#5984=ORIENTED_EDGE('',*,*,#4390,.T.);
#5985=ORIENTED_EDGE('',*,*,#4391,.T.);
#5986=ORIENTED_EDGE('',*,*,#4392,.F.);
#5987=ORIENTED_EDGE('',*,*,#4393,.F.);
#5988=ORIENTED_EDGE('',*,*,#4394,.F.);
#5989=ORIENTED_EDGE('',*,*,#4395,.F.);
#5990=ORIENTED_EDGE('',*,*,#4396,.F.);
#5991=ORIENTED_EDGE('',*,*,#4385,.T.);
#5992=ORIENTED_EDGE('',*,*,#4381,.F.);
#5993=ORIENTED_EDGE('',*,*,#4394,.T.);
#5994=ORIENTED_EDGE('',*,*,#4397,.T.);
#5995=ORIENTED_EDGE('',*,*,#4322,.F.);
#5996=ORIENTED_EDGE('',*,*,#4398,.F.);
#5997=ORIENTED_EDGE('',*,*,#4399,.T.);
#5998=ORIENTED_EDGE('',*,*,#4400,.F.);
#5999=ORIENTED_EDGE('',*,*,#4401,.F.);
#6000=ORIENTED_EDGE('',*,*,#4373,.F.);
#6001=ORIENTED_EDGE('',*,*,#4402,.T.);
#6002=ORIENTED_EDGE('',*,*,#4403,.T.);
#6003=ORIENTED_EDGE('',*,*,#4395,.T.);
#6004=ORIENTED_EDGE('',*,*,#4398,.T.);
#6005=ORIENTED_EDGE('',*,*,#4404,.F.);
#6006=ORIENTED_EDGE('',*,*,#4405,.T.);
#6007=ORIENTED_EDGE('',*,*,#4406,.T.);
#6008=ORIENTED_EDGE('',*,*,#4407,.T.);
#6009=ORIENTED_EDGE('',*,*,#4408,.T.);
#6010=ORIENTED_EDGE('',*,*,#4401,.T.);
#6011=ORIENTED_EDGE('',*,*,#4396,.T.);
#6012=ORIENTED_EDGE('',*,*,#4405,.F.);
#6013=ORIENTED_EDGE('',*,*,#4409,.F.);
#6014=ORIENTED_EDGE('',*,*,#4386,.F.);
#6015=ORIENTED_EDGE('',*,*,#4410,.T.);
#6016=ORIENTED_EDGE('',*,*,#4411,.T.);
#6017=ORIENTED_EDGE('',*,*,#4389,.F.);
#6018=ORIENTED_EDGE('',*,*,#4412,.F.);
#6019=ORIENTED_EDGE('',*,*,#4407,.F.);
#6020=ORIENTED_EDGE('',*,*,#4413,.T.);
#6021=ORIENTED_EDGE('',*,*,#4414,.T.);
#6022=ORIENTED_EDGE('',*,*,#4415,.T.);
#6023=ORIENTED_EDGE('',*,*,#4416,.T.);
#6024=ORIENTED_EDGE('',*,*,#4417,.T.);
#6025=ORIENTED_EDGE('',*,*,#4418,.T.);
#6026=ORIENTED_EDGE('',*,*,#4419,.T.);
#6027=ORIENTED_EDGE('',*,*,#4420,.T.);
#6028=ORIENTED_EDGE('',*,*,#4421,.F.);
#6029=ORIENTED_EDGE('',*,*,#4417,.F.);
#6030=ORIENTED_EDGE('',*,*,#4422,.F.);
#6031=ORIENTED_EDGE('',*,*,#4419,.F.);
#6032=ORIENTED_EDGE('',*,*,#4423,.F.);
#6033=ORIENTED_EDGE('',*,*,#4424,.T.);
#6034=ORIENTED_EDGE('',*,*,#4425,.T.);
#6035=ORIENTED_EDGE('',*,*,#4426,.T.);
#6036=ORIENTED_EDGE('',*,*,#4427,.F.);
#6037=ORIENTED_EDGE('',*,*,#4425,.F.);
#6038=ORIENTED_EDGE('',*,*,#4428,.F.);
#6039=ORIENTED_EDGE('',*,*,#4429,.F.);
#6040=ORIENTED_EDGE('',*,*,#4430,.F.);
#6041=ORIENTED_EDGE('',*,*,#4431,.T.);
#6042=ORIENTED_EDGE('',*,*,#4432,.T.);
#6043=ORIENTED_EDGE('',*,*,#4433,.T.);
#6044=ORIENTED_EDGE('',*,*,#4429,.T.);
#6045=ORIENTED_EDGE('',*,*,#4434,.F.);
#6046=ORIENTED_EDGE('',*,*,#4435,.T.);
#6047=ORIENTED_EDGE('',*,*,#4436,.F.);
#6048=ORIENTED_EDGE('',*,*,#4435,.F.);
#6049=ORIENTED_EDGE('',*,*,#4413,.F.);
#6050=ORIENTED_EDGE('',*,*,#4437,.T.);
#6051=ORIENTED_EDGE('',*,*,#4403,.F.);
#6052=ORIENTED_EDGE('',*,*,#4437,.F.);
#6053=ORIENTED_EDGE('',*,*,#4410,.F.);
#6054=ORIENTED_EDGE('',*,*,#4438,.T.);
#6055=ORIENTED_EDGE('',*,*,#4399,.F.);
#6056=ORIENTED_EDGE('',*,*,#4438,.F.);
#6057=ORIENTED_EDGE('',*,*,#4439,.F.);
#6058=ORIENTED_EDGE('',*,*,#4440,.T.);
#6059=ORIENTED_EDGE('',*,*,#4441,.F.);
#6060=ORIENTED_EDGE('',*,*,#4440,.F.);
#6061=ORIENTED_EDGE('',*,*,#4442,.F.);
#6062=ORIENTED_EDGE('',*,*,#4443,.T.);
#6063=ORIENTED_EDGE('',*,*,#4444,.F.);
#6064=ORIENTED_EDGE('',*,*,#4445,.F.);
#6065=ORIENTED_EDGE('',*,*,#4446,.F.);
#6066=ORIENTED_EDGE('',*,*,#4436,.T.);
#6067=ORIENTED_EDGE('',*,*,#4441,.T.);
#6068=ORIENTED_EDGE('',*,*,#4443,.F.);
#6069=ORIENTED_EDGE('',*,*,#4447,.F.);
#6070=ORIENTED_EDGE('',*,*,#4448,.F.);
#6071=ORIENTED_EDGE('',*,*,#4449,.T.);
#6072=ORIENTED_EDGE('',*,*,#4442,.T.);
#6073=ORIENTED_EDGE('',*,*,#4450,.T.);
#6074=ORIENTED_EDGE('',*,*,#4451,.F.);
#6075=ORIENTED_EDGE('',*,*,#4447,.T.);
#6076=ORIENTED_EDGE('',*,*,#4402,.F.);
#6077=ORIENTED_EDGE('',*,*,#4372,.F.);
#6078=ORIENTED_EDGE('',*,*,#4452,.F.);
#6079=ORIENTED_EDGE('',*,*,#4323,.T.);
#6080=ORIENTED_EDGE('',*,*,#4397,.F.);
#6081=ORIENTED_EDGE('',*,*,#4393,.T.);
#6082=ORIENTED_EDGE('',*,*,#4453,.T.);
#6083=ORIENTED_EDGE('',*,*,#4454,.T.);
#6084=ORIENTED_EDGE('',*,*,#4327,.T.);
#6085=ORIENTED_EDGE('',*,*,#4330,.T.);
#6086=ORIENTED_EDGE('',*,*,#4455,.F.);
#6087=ORIENTED_EDGE('',*,*,#4456,.T.);
#6088=ORIENTED_EDGE('',*,*,#4457,.F.);
#6089=ORIENTED_EDGE('',*,*,#4456,.F.);
#6090=ORIENTED_EDGE('',*,*,#4458,.F.);
#6091=ORIENTED_EDGE('',*,*,#4459,.T.);
#6092=ORIENTED_EDGE('',*,*,#4460,.F.);
#6093=ORIENTED_EDGE('',*,*,#4459,.F.);
#6094=ORIENTED_EDGE('',*,*,#4461,.F.);
#6095=ORIENTED_EDGE('',*,*,#4462,.T.);
#6096=ORIENTED_EDGE('',*,*,#4367,.F.);
#6097=ORIENTED_EDGE('',*,*,#4463,.F.);
#6098=ORIENTED_EDGE('',*,*,#4457,.T.);
#6099=ORIENTED_EDGE('',*,*,#4460,.T.);
#6100=ORIENTED_EDGE('',*,*,#4462,.F.);
#6101=ORIENTED_EDGE('',*,*,#4464,.F.);
#6102=ORIENTED_EDGE('',*,*,#4465,.F.);
#6103=ORIENTED_EDGE('',*,*,#4368,.T.);
#6104=ORIENTED_EDGE('',*,*,#4446,.T.);
#6105=ORIENTED_EDGE('',*,*,#4321,.T.);
#6106=ORIENTED_EDGE('',*,*,#4466,.F.);
#6107=ORIENTED_EDGE('',*,*,#4450,.F.);
#6108=ORIENTED_EDGE('',*,*,#4444,.T.);
#6109=ORIENTED_EDGE('',*,*,#4449,.F.);
#6110=ORIENTED_EDGE('',*,*,#4467,.F.);
#6111=ORIENTED_EDGE('',*,*,#4414,.F.);
#6112=ORIENTED_EDGE('',*,*,#4423,.T.);
#6113=ORIENTED_EDGE('',*,*,#4418,.F.);
#6114=ORIENTED_EDGE('',*,*,#4468,.F.);
#6115=ORIENTED_EDGE('',*,*,#4431,.F.);
#6116=ORIENTED_EDGE('',*,*,#4428,.T.);
#6117=ORIENTED_EDGE('',*,*,#4424,.F.);
#6118=ORIENTED_EDGE('',*,*,#4469,.F.);
#6119=ORIENTED_EDGE('',*,*,#4464,.T.);
#6120=ORIENTED_EDGE('',*,*,#4461,.T.);
#6121=ORIENTED_EDGE('',*,*,#4470,.T.);
#6122=ORIENTED_EDGE('',*,*,#4471,.T.);
#6123=ORIENTED_EDGE('',*,*,#4472,.T.);
#6124=ORIENTED_EDGE('',*,*,#4292,.F.);
#6125=ORIENTED_EDGE('',*,*,#4473,.F.);
#6126=ORIENTED_EDGE('',*,*,#4474,.T.);
#6127=ORIENTED_EDGE('',*,*,#4475,.T.);
#6128=ORIENTED_EDGE('',*,*,#4476,.F.);
#6129=ORIENTED_EDGE('',*,*,#4477,.T.);
#6130=ORIENTED_EDGE('',*,*,#4478,.F.);
#6131=ORIENTED_EDGE('',*,*,#4477,.F.);
#6132=ORIENTED_EDGE('',*,*,#4454,.F.);
#6133=ORIENTED_EDGE('',*,*,#4479,.T.);
#6134=ORIENTED_EDGE('',*,*,#4480,.T.);
#6135=ORIENTED_EDGE('',*,*,#4383,.F.);
#6136=ORIENTED_EDGE('',*,*,#4390,.F.);
#6137=ORIENTED_EDGE('',*,*,#4411,.F.);
#6138=ORIENTED_EDGE('',*,*,#4406,.F.);
#6139=ORIENTED_EDGE('',*,*,#4400,.T.);
#6140=ORIENTED_EDGE('',*,*,#4453,.F.);
#6141=ORIENTED_EDGE('',*,*,#4392,.T.);
#6142=ORIENTED_EDGE('',*,*,#4481,.T.);
#6143=ORIENTED_EDGE('',*,*,#4479,.F.);
#6144=ORIENTED_EDGE('',*,*,#4481,.F.);
#6145=ORIENTED_EDGE('',*,*,#4391,.F.);
#6146=ORIENTED_EDGE('',*,*,#4384,.F.);
#6147=ORIENTED_EDGE('',*,*,#4480,.F.);
#6148=ORIENTED_EDGE('',*,*,#4482,.F.);
#6149=ORIENTED_EDGE('',*,*,#4483,.F.);
#6150=ORIENTED_EDGE('',*,*,#4484,.F.);
#6151=ORIENTED_EDGE('',*,*,#4485,.F.);
#6152=ORIENTED_EDGE('',*,*,#4483,.T.);
#6153=ORIENTED_EDGE('',*,*,#4486,.F.);
#6154=ORIENTED_EDGE('',*,*,#4487,.F.);
#6155=ORIENTED_EDGE('',*,*,#4488,.T.);
#6156=ORIENTED_EDGE('',*,*,#4482,.T.);
#6157=ORIENTED_EDGE('',*,*,#4489,.F.);
#6158=ORIENTED_EDGE('',*,*,#4490,.F.);
#6159=ORIENTED_EDGE('',*,*,#4486,.T.);
#6160=ORIENTED_EDGE('',*,*,#4484,.T.);
#6161=ORIENTED_EDGE('',*,*,#4488,.F.);
#6162=ORIENTED_EDGE('',*,*,#4491,.F.);
#6163=ORIENTED_EDGE('',*,*,#4492,.T.);
#6164=ORIENTED_EDGE('',*,*,#4485,.T.);
#6165=ORIENTED_EDGE('',*,*,#4492,.F.);
#6166=ORIENTED_EDGE('',*,*,#4493,.F.);
#6167=ORIENTED_EDGE('',*,*,#4489,.T.);
#6168=ORIENTED_EDGE('',*,*,#4494,.T.);
#6169=ORIENTED_EDGE('',*,*,#4495,.F.);
#6170=ORIENTED_EDGE('',*,*,#4471,.F.);
#6171=ORIENTED_EDGE('',*,*,#4496,.F.);
#6172=ORIENTED_EDGE('',*,*,#4455,.T.);
#6173=ORIENTED_EDGE('',*,*,#4458,.T.);
#6174=ORIENTED_EDGE('',*,*,#4277,.T.);
#6175=ORIENTED_EDGE('',*,*,#4497,.T.);
#6176=ORIENTED_EDGE('',*,*,#4498,.T.);
#6177=ORIENTED_EDGE('',*,*,#4499,.T.);
#6178=ORIENTED_EDGE('',*,*,#4497,.F.);
#6179=ORIENTED_EDGE('',*,*,#4285,.F.);
#6180=ORIENTED_EDGE('',*,*,#4500,.F.);
#6181=ORIENTED_EDGE('',*,*,#4501,.F.);
#6182=ORIENTED_EDGE('',*,*,#4284,.T.);
#6183=ORIENTED_EDGE('',*,*,#4502,.T.);
#6184=ORIENTED_EDGE('',*,*,#4503,.T.);
#6185=ORIENTED_EDGE('',*,*,#4500,.T.);
#6186=ORIENTED_EDGE('',*,*,#4502,.F.);
#6187=ORIENTED_EDGE('',*,*,#4283,.F.);
#6188=ORIENTED_EDGE('',*,*,#4504,.F.);
#6189=ORIENTED_EDGE('',*,*,#4505,.F.);
#6190=ORIENTED_EDGE('',*,*,#4325,.T.);
#6191=ORIENTED_EDGE('',*,*,#4328,.T.);
#6192=ORIENTED_EDGE('',*,*,#4491,.T.);
#6193=ORIENTED_EDGE('',*,*,#4487,.T.);
#6194=ORIENTED_EDGE('',*,*,#4490,.T.);
#6195=ORIENTED_EDGE('',*,*,#4493,.T.);
#6196=ORIENTED_EDGE('',*,*,#4282,.T.);
#6197=ORIENTED_EDGE('',*,*,#4506,.T.);
#6198=ORIENTED_EDGE('',*,*,#4507,.T.);
#6199=ORIENTED_EDGE('',*,*,#4504,.T.);
#6200=ORIENTED_EDGE('',*,*,#4506,.F.);
#6201=ORIENTED_EDGE('',*,*,#4281,.F.);
#6202=ORIENTED_EDGE('',*,*,#4508,.F.);
#6203=ORIENTED_EDGE('',*,*,#4509,.F.);
#6204=ORIENTED_EDGE('',*,*,#4280,.T.);
#6205=ORIENTED_EDGE('',*,*,#4510,.T.);
#6206=ORIENTED_EDGE('',*,*,#4511,.T.);
#6207=ORIENTED_EDGE('',*,*,#4508,.T.);
#6208=ORIENTED_EDGE('',*,*,#4499,.F.);
#6209=ORIENTED_EDGE('',*,*,#4512,.F.);
#6210=ORIENTED_EDGE('',*,*,#4510,.F.);
#6211=ORIENTED_EDGE('',*,*,#4279,.F.);
#6212=ORIENTED_EDGE('',*,*,#4278,.F.);
#6213=ORIENTED_EDGE('',*,*,#4513,.F.);
#6214=ORIENTED_EDGE('',*,*,#4514,.T.);
#6215=ORIENTED_EDGE('',*,*,#4515,.F.);
#6216=ORIENTED_EDGE('',*,*,#4516,.F.);
#6217=ORIENTED_EDGE('',*,*,#4289,.T.);
#6218=ORIENTED_EDGE('',*,*,#4517,.T.);
#6219=ORIENTED_EDGE('',*,*,#4515,.T.);
#6220=ORIENTED_EDGE('',*,*,#4420,.F.);
#6221=ORIENTED_EDGE('',*,*,#4422,.T.);
#6222=ORIENTED_EDGE('',*,*,#4416,.F.);
#6223=ORIENTED_EDGE('',*,*,#4518,.F.);
#6224=ORIENTED_EDGE('',*,*,#4519,.T.);
#6225=ORIENTED_EDGE('',*,*,#4306,.F.);
#6226=ORIENTED_EDGE('',*,*,#4520,.F.);
#6227=ORIENTED_EDGE('',*,*,#4521,.F.);
#6228=ORIENTED_EDGE('',*,*,#4426,.F.);
#6229=ORIENTED_EDGE('',*,*,#4430,.T.);
#6230=ORIENTED_EDGE('',*,*,#4433,.F.);
#6231=ORIENTED_EDGE('',*,*,#4522,.F.);
#6232=ORIENTED_EDGE('',*,*,#4466,.T.);
#6233=ORIENTED_EDGE('',*,*,#4324,.T.);
#6234=ORIENTED_EDGE('',*,*,#4452,.T.);
#6235=ORIENTED_EDGE('',*,*,#4371,.T.);
#6236=ORIENTED_EDGE('',*,*,#4523,.T.);
#6237=ORIENTED_EDGE('',*,*,#4524,.T.);
#6238=ORIENTED_EDGE('',*,*,#4378,.T.);
#6239=ORIENTED_EDGE('',*,*,#4525,.T.);
#6240=ORIENTED_EDGE('',*,*,#4526,.T.);
#6241=ORIENTED_EDGE('',*,*,#4379,.T.);
#6242=ORIENTED_EDGE('',*,*,#4342,.T.);
#6243=ORIENTED_EDGE('',*,*,#4369,.T.);
#6244=ORIENTED_EDGE('',*,*,#4465,.T.);
#6245=ORIENTED_EDGE('',*,*,#4469,.T.);
#6246=ORIENTED_EDGE('',*,*,#4427,.T.);
#6247=ORIENTED_EDGE('',*,*,#4521,.T.);
#6248=ORIENTED_EDGE('',*,*,#4527,.T.);
#6249=ORIENTED_EDGE('',*,*,#4528,.T.);
#6250=ORIENTED_EDGE('',*,*,#4529,.T.);
#6251=ORIENTED_EDGE('',*,*,#4518,.T.);
#6252=ORIENTED_EDGE('',*,*,#4415,.F.);
#6253=ORIENTED_EDGE('',*,*,#4467,.T.);
#6254=ORIENTED_EDGE('',*,*,#4448,.T.);
#6255=ORIENTED_EDGE('',*,*,#4451,.T.);
#6256=ORIENTED_EDGE('',*,*,#4476,.T.);
#6257=ORIENTED_EDGE('',*,*,#4421,.T.);
#6258=ORIENTED_EDGE('',*,*,#4522,.T.);
#6259=ORIENTED_EDGE('',*,*,#4432,.F.);
#6260=ORIENTED_EDGE('',*,*,#4468,.T.);
#6261=ORIENTED_EDGE('',*,*,#4463,.T.);
#6262=ORIENTED_EDGE('',*,*,#4408,.F.);
#6263=ORIENTED_EDGE('',*,*,#4496,.T.);
#6264=ORIENTED_EDGE('',*,*,#4470,.F.);
#6265=ORIENTED_EDGE('',*,*,#4412,.T.);
#6266=ORIENTED_EDGE('',*,*,#4388,.T.);
#6267=ORIENTED_EDGE('',*,*,#4286,.F.);
#6268=ORIENTED_EDGE('',*,*,#4530,.F.);
#6269=ORIENTED_EDGE('',*,*,#4409,.T.);
#6270=ORIENTED_EDGE('',*,*,#4516,.T.);
#6271=ORIENTED_EDGE('',*,*,#4517,.F.);
#6272=ORIENTED_EDGE('',*,*,#4288,.F.);
#6273=ORIENTED_EDGE('',*,*,#4387,.F.);
#6274=ORIENTED_EDGE('',*,*,#4531,.F.);
#6275=ORIENTED_EDGE('',*,*,#4532,.F.);
#6276=ORIENTED_EDGE('',*,*,#4513,.T.);
#6277=ORIENTED_EDGE('',*,*,#4533,.F.);
#6278=ORIENTED_EDGE('',*,*,#4474,.F.);
#6279=ORIENTED_EDGE('',*,*,#4434,.T.);
#6280=ORIENTED_EDGE('',*,*,#4439,.T.);
#6281=ORIENTED_EDGE('',*,*,#4475,.F.);
#6282=ORIENTED_EDGE('',*,*,#4533,.T.);
#6283=ORIENTED_EDGE('',*,*,#4404,.T.);
#6284=ORIENTED_EDGE('',*,*,#4445,.T.);
#6285=ORIENTED_EDGE('',*,*,#4532,.T.);
#6286=ORIENTED_EDGE('',*,*,#4534,.T.);
#6287=ORIENTED_EDGE('',*,*,#4290,.F.);
#6288=ORIENTED_EDGE('',*,*,#4514,.F.);
#6289=ORIENTED_EDGE('',*,*,#4531,.T.);
#6290=ORIENTED_EDGE('',*,*,#4473,.T.);
#6291=ORIENTED_EDGE('',*,*,#4291,.F.);
#6292=ORIENTED_EDGE('',*,*,#4534,.F.);
#6293=ORIENTED_EDGE('',*,*,#4495,.T.);
#6294=ORIENTED_EDGE('',*,*,#4535,.T.);
#6295=ORIENTED_EDGE('',*,*,#4293,.F.);
#6296=ORIENTED_EDGE('',*,*,#4472,.F.);
#6297=ORIENTED_EDGE('',*,*,#4348,.F.);
#6298=ORIENTED_EDGE('',*,*,#4536,.F.);
#6299=ORIENTED_EDGE('',*,*,#4523,.F.);
#6300=ORIENTED_EDGE('',*,*,#4370,.T.);
#6301=ORIENTED_EDGE('',*,*,#4353,.F.);
#6302=ORIENTED_EDGE('',*,*,#4355,.F.);
#6303=ORIENTED_EDGE('',*,*,#4375,.F.);
#6304=ORIENTED_EDGE('',*,*,#4524,.F.);
#6305=ORIENTED_EDGE('',*,*,#4536,.T.);
#6306=ORIENTED_EDGE('',*,*,#4347,.F.);
#6307=ORIENTED_EDGE('',*,*,#4525,.F.);
#6308=ORIENTED_EDGE('',*,*,#4377,.T.);
#6309=ORIENTED_EDGE('',*,*,#4311,.F.);
#6310=ORIENTED_EDGE('',*,*,#4537,.F.);
#6311=ORIENTED_EDGE('',*,*,#4526,.F.);
#6312=ORIENTED_EDGE('',*,*,#4537,.T.);
#6313=ORIENTED_EDGE('',*,*,#4310,.F.);
#6314=ORIENTED_EDGE('',*,*,#4380,.F.);
#6315=ORIENTED_EDGE('',*,*,#4494,.F.);
#6316=ORIENTED_EDGE('',*,*,#4530,.T.);
#6317=ORIENTED_EDGE('',*,*,#4294,.F.);
#6318=ORIENTED_EDGE('',*,*,#4535,.F.);
#6319=ORIENTED_EDGE('',*,*,#4538,.F.);
#6320=ORIENTED_EDGE('',*,*,#4539,.T.);
#6321=ORIENTED_EDGE('',*,*,#4298,.F.);
#6322=ORIENTED_EDGE('',*,*,#4540,.F.);
#6323=ORIENTED_EDGE('',*,*,#4541,.F.);
#6324=ORIENTED_EDGE('',*,*,#4540,.T.);
#6325=ORIENTED_EDGE('',*,*,#4297,.F.);
#6326=ORIENTED_EDGE('',*,*,#4542,.F.);
#6327=ORIENTED_EDGE('',*,*,#4543,.F.);
#6328=ORIENTED_EDGE('',*,*,#4542,.T.);
#6329=ORIENTED_EDGE('',*,*,#4296,.F.);
#6330=ORIENTED_EDGE('',*,*,#4544,.F.);
#6331=ORIENTED_EDGE('',*,*,#4545,.F.);
#6332=ORIENTED_EDGE('',*,*,#4544,.T.);
#6333=ORIENTED_EDGE('',*,*,#4295,.F.);
#6334=ORIENTED_EDGE('',*,*,#4539,.F.);
#6335=ORIENTED_EDGE('',*,*,#4546,.F.);
#6336=ORIENTED_EDGE('',*,*,#4547,.T.);
#6337=ORIENTED_EDGE('',*,*,#4302,.F.);
#6338=ORIENTED_EDGE('',*,*,#4548,.F.);
#6339=ORIENTED_EDGE('',*,*,#4549,.F.);
#6340=ORIENTED_EDGE('',*,*,#4548,.T.);
#6341=ORIENTED_EDGE('',*,*,#4301,.F.);
#6342=ORIENTED_EDGE('',*,*,#4550,.F.);
#6343=ORIENTED_EDGE('',*,*,#4551,.F.);
#6344=ORIENTED_EDGE('',*,*,#4550,.T.);
#6345=ORIENTED_EDGE('',*,*,#4300,.F.);
#6346=ORIENTED_EDGE('',*,*,#4552,.F.);
#6347=ORIENTED_EDGE('',*,*,#4553,.F.);
#6348=ORIENTED_EDGE('',*,*,#4552,.T.);
#6349=ORIENTED_EDGE('',*,*,#4299,.F.);
#6350=ORIENTED_EDGE('',*,*,#4547,.F.);
#6351=ORIENTED_EDGE('',*,*,#4527,.F.);
#6352=ORIENTED_EDGE('',*,*,#4520,.T.);
#6353=ORIENTED_EDGE('',*,*,#4305,.F.);
#6354=ORIENTED_EDGE('',*,*,#4554,.F.);
#6355=ORIENTED_EDGE('',*,*,#4528,.F.);
#6356=ORIENTED_EDGE('',*,*,#4554,.T.);
#6357=ORIENTED_EDGE('',*,*,#4304,.F.);
#6358=ORIENTED_EDGE('',*,*,#4555,.F.);
#6359=ORIENTED_EDGE('',*,*,#4529,.F.);
#6360=ORIENTED_EDGE('',*,*,#4555,.T.);
#6361=ORIENTED_EDGE('',*,*,#4303,.F.);
#6362=ORIENTED_EDGE('',*,*,#4519,.F.);
#6363=ORIENTED_EDGE('',*,*,#4546,.T.);
#6364=ORIENTED_EDGE('',*,*,#4549,.T.);
#6365=ORIENTED_EDGE('',*,*,#4551,.T.);
#6366=ORIENTED_EDGE('',*,*,#4553,.T.);
#6367=ORIENTED_EDGE('',*,*,#4538,.T.);
#6368=ORIENTED_EDGE('',*,*,#4541,.T.);
#6369=ORIENTED_EDGE('',*,*,#4543,.T.);
#6370=ORIENTED_EDGE('',*,*,#4545,.T.);
#6371=ORIENTED_EDGE('',*,*,#4498,.F.);
#6372=ORIENTED_EDGE('',*,*,#4501,.T.);
#6373=ORIENTED_EDGE('',*,*,#4503,.F.);
#6374=ORIENTED_EDGE('',*,*,#4505,.T.);
#6375=ORIENTED_EDGE('',*,*,#4507,.F.);
#6376=ORIENTED_EDGE('',*,*,#4509,.T.);
#6377=ORIENTED_EDGE('',*,*,#4511,.F.);
#6378=ORIENTED_EDGE('',*,*,#4512,.T.);
#6379=ORIENTED_EDGE('',*,*,#4317,.T.);
#6380=ORIENTED_EDGE('',*,*,#4319,.T.);
#6381=ORIENTED_EDGE('',*,*,#4320,.T.);
#6382=ORIENTED_EDGE('',*,*,#4314,.T.);
#6383=ORIENTED_EDGE('',*,*,#4478,.T.);
#6384=ORIENTED_EDGE('',*,*,#4556,.F.);
#6385=ORIENTED_EDGE('',*,*,#4557,.F.);
#6386=ORIENTED_EDGE('',*,*,#4558,.F.);
#6387=ORIENTED_EDGE('',*,*,#4559,.F.);
#6388=ORIENTED_EDGE('',*,*,#4560,.F.);
#6389=ORIENTED_EDGE('',*,*,#4561,.T.);
#6390=ORIENTED_EDGE('',*,*,#4562,.T.);
#6391=ORIENTED_EDGE('',*,*,#4563,.T.);
#6392=ORIENTED_EDGE('',*,*,#4563,.F.);
#6393=ORIENTED_EDGE('',*,*,#4564,.F.);
#6394=ORIENTED_EDGE('',*,*,#4565,.T.);
#6395=ORIENTED_EDGE('',*,*,#4566,.T.);
#6396=ORIENTED_EDGE('',*,*,#4567,.T.);
#6397=ORIENTED_EDGE('',*,*,#4568,.T.);
#6398=ORIENTED_EDGE('',*,*,#4569,.T.);
#6399=ORIENTED_EDGE('',*,*,#4570,.F.);
#6400=ORIENTED_EDGE('',*,*,#4571,.T.);
#6401=ORIENTED_EDGE('',*,*,#4564,.T.);
#6402=ORIENTED_EDGE('',*,*,#4562,.F.);
#6403=ORIENTED_EDGE('',*,*,#4572,.T.);
#6404=ORIENTED_EDGE('',*,*,#4568,.F.);
#6405=ORIENTED_EDGE('',*,*,#4573,.T.);
#6406=ORIENTED_EDGE('',*,*,#4570,.T.);
#6407=ORIENTED_EDGE('',*,*,#4574,.T.);
#6408=ORIENTED_EDGE('',*,*,#4560,.T.);
#6409=ORIENTED_EDGE('',*,*,#4566,.F.);
#6410=ORIENTED_EDGE('',*,*,#4571,.F.);
#6411=ORIENTED_EDGE('',*,*,#4567,.F.);
#6412=ORIENTED_EDGE('',*,*,#4573,.F.);
#6413=ORIENTED_EDGE('',*,*,#4565,.F.);
#6414=ORIENTED_EDGE('',*,*,#4575,.F.);
#6415=ORIENTED_EDGE('',*,*,#4576,.T.);
#6416=ORIENTED_EDGE('',*,*,#4557,.T.);
#6417=ORIENTED_EDGE('',*,*,#4577,.F.);
#6418=ORIENTED_EDGE('',*,*,#4578,.F.);
#6419=ORIENTED_EDGE('',*,*,#4579,.F.);
#6420=ORIENTED_EDGE('',*,*,#4580,.F.);
#6421=ORIENTED_EDGE('',*,*,#4581,.F.);
#6422=ORIENTED_EDGE('',*,*,#4582,.F.);
#6423=ORIENTED_EDGE('',*,*,#4583,.T.);
#6424=ORIENTED_EDGE('',*,*,#4558,.T.);
#6425=ORIENTED_EDGE('',*,*,#4576,.F.);
#6426=ORIENTED_EDGE('',*,*,#4584,.F.);
#6427=ORIENTED_EDGE('',*,*,#4585,.T.);
#6428=ORIENTED_EDGE('',*,*,#4559,.T.);
#6429=ORIENTED_EDGE('',*,*,#4583,.F.);
#6430=ORIENTED_EDGE('',*,*,#4586,.F.);
#6431=ORIENTED_EDGE('',*,*,#4587,.F.);
#6432=ORIENTED_EDGE('',*,*,#4561,.F.);
#6433=ORIENTED_EDGE('',*,*,#4588,.F.);
#6434=ORIENTED_EDGE('',*,*,#4589,.F.);
#6435=ORIENTED_EDGE('',*,*,#4577,.T.);
#6436=ORIENTED_EDGE('',*,*,#4556,.T.);
#6437=ORIENTED_EDGE('',*,*,#4585,.F.);
#6438=ORIENTED_EDGE('',*,*,#4579,.T.);
#6439=ORIENTED_EDGE('',*,*,#4590,.F.);
#6440=ORIENTED_EDGE('',*,*,#4591,.F.);
#6441=ORIENTED_EDGE('',*,*,#4592,.F.);
#6442=ORIENTED_EDGE('',*,*,#4581,.T.);
#6443=ORIENTED_EDGE('',*,*,#4593,.F.);
#6444=ORIENTED_EDGE('',*,*,#4594,.T.);
#6445=ORIENTED_EDGE('',*,*,#4595,.F.);
#6446=ORIENTED_EDGE('',*,*,#4587,.T.);
#6447=ORIENTED_EDGE('',*,*,#4596,.F.);
#6448=ORIENTED_EDGE('',*,*,#4597,.F.);
#6449=ORIENTED_EDGE('',*,*,#4572,.F.);
#6450=ORIENTED_EDGE('',*,*,#4598,.T.);
#6451=ORIENTED_EDGE('',*,*,#4599,.T.);
#6452=ORIENTED_EDGE('',*,*,#4600,.T.);
#6453=ORIENTED_EDGE('',*,*,#4601,.T.);
#6454=ORIENTED_EDGE('',*,*,#4599,.F.);
#6455=ORIENTED_EDGE('',*,*,#4602,.F.);
#6456=ORIENTED_EDGE('',*,*,#4603,.F.);
#6457=ORIENTED_EDGE('',*,*,#4604,.F.);
#6458=ORIENTED_EDGE('',*,*,#4589,.T.);
#6459=ORIENTED_EDGE('',*,*,#4605,.T.);
#6460=ORIENTED_EDGE('',*,*,#4606,.T.);
#6461=ORIENTED_EDGE('',*,*,#4596,.T.);
#6462=ORIENTED_EDGE('',*,*,#4586,.T.);
#6463=ORIENTED_EDGE('',*,*,#4584,.T.);
#6464=ORIENTED_EDGE('',*,*,#4582,.T.);
#6465=ORIENTED_EDGE('',*,*,#4595,.T.);
#6466=ORIENTED_EDGE('',*,*,#4607,.T.);
#6467=ORIENTED_EDGE('',*,*,#4608,.F.);
#6468=ORIENTED_EDGE('',*,*,#4609,.T.);
#6469=ORIENTED_EDGE('',*,*,#4610,.F.);
#6470=ORIENTED_EDGE('',*,*,#4602,.T.);
#6471=ORIENTED_EDGE('',*,*,#4598,.F.);
#6472=ORIENTED_EDGE('',*,*,#4611,.T.);
#6473=ORIENTED_EDGE('',*,*,#4612,.F.);
#6474=ORIENTED_EDGE('',*,*,#4613,.T.);
#6475=ORIENTED_EDGE('',*,*,#4590,.T.);
#6476=ORIENTED_EDGE('',*,*,#4578,.T.);
#6477=ORIENTED_EDGE('',*,*,#4575,.T.);
#6478=ORIENTED_EDGE('',*,*,#4610,.T.);
#6479=ORIENTED_EDGE('',*,*,#4614,.T.);
#6480=ORIENTED_EDGE('',*,*,#4615,.T.);
#6481=ORIENTED_EDGE('',*,*,#4603,.T.);
#6482=ORIENTED_EDGE('',*,*,#4614,.F.);
#6483=ORIENTED_EDGE('',*,*,#4609,.F.);
#6484=ORIENTED_EDGE('',*,*,#4616,.F.);
#6485=ORIENTED_EDGE('',*,*,#4617,.F.);
#6486=ORIENTED_EDGE('',*,*,#4608,.T.);
#6487=ORIENTED_EDGE('',*,*,#4618,.T.);
#6488=ORIENTED_EDGE('',*,*,#4619,.T.);
#6489=ORIENTED_EDGE('',*,*,#4616,.T.);
#6490=ORIENTED_EDGE('',*,*,#4618,.F.);
#6491=ORIENTED_EDGE('',*,*,#4607,.F.);
#6492=ORIENTED_EDGE('',*,*,#4594,.F.);
#6493=ORIENTED_EDGE('',*,*,#4620,.F.);
#6494=ORIENTED_EDGE('',*,*,#4591,.T.);
#6495=ORIENTED_EDGE('',*,*,#4613,.F.);
#6496=ORIENTED_EDGE('',*,*,#4621,.F.);
#6497=ORIENTED_EDGE('',*,*,#4622,.F.);
#6498=ORIENTED_EDGE('',*,*,#4612,.T.);
#6499=ORIENTED_EDGE('',*,*,#4623,.T.);
#6500=ORIENTED_EDGE('',*,*,#4624,.T.);
#6501=ORIENTED_EDGE('',*,*,#4621,.T.);
#6502=ORIENTED_EDGE('',*,*,#4601,.F.);
#6503=ORIENTED_EDGE('',*,*,#4625,.F.);
#6504=ORIENTED_EDGE('',*,*,#4623,.F.);
#6505=ORIENTED_EDGE('',*,*,#4611,.F.);
#6506=ORIENTED_EDGE('',*,*,#4569,.F.);
#6507=ORIENTED_EDGE('',*,*,#4597,.T.);
#6508=ORIENTED_EDGE('',*,*,#4606,.F.);
#6509=ORIENTED_EDGE('',*,*,#4626,.F.);
#6510=ORIENTED_EDGE('',*,*,#4588,.T.);
#6511=ORIENTED_EDGE('',*,*,#4574,.F.);
#6512=ORIENTED_EDGE('',*,*,#4626,.T.);
#6513=ORIENTED_EDGE('',*,*,#4605,.F.);
#6514=ORIENTED_EDGE('',*,*,#4580,.T.);
#6515=ORIENTED_EDGE('',*,*,#4592,.T.);
#6516=ORIENTED_EDGE('',*,*,#4620,.T.);
#6517=ORIENTED_EDGE('',*,*,#4593,.T.);
#6518=ORIENTED_EDGE('',*,*,#4600,.F.);
#6519=ORIENTED_EDGE('',*,*,#4604,.T.);
#6520=ORIENTED_EDGE('',*,*,#4615,.F.);
#6521=ORIENTED_EDGE('',*,*,#4617,.T.);
#6522=ORIENTED_EDGE('',*,*,#4619,.F.);
#6523=ORIENTED_EDGE('',*,*,#4622,.T.);
#6524=ORIENTED_EDGE('',*,*,#4624,.F.);
#6525=ORIENTED_EDGE('',*,*,#4625,.T.);
#6526=ORIENTED_EDGE('',*,*,#4627,.F.);
#6527=ORIENTED_EDGE('',*,*,#4628,.T.);
#6528=ORIENTED_EDGE('',*,*,#4629,.T.);
#6529=ORIENTED_EDGE('',*,*,#4630,.F.);
#6530=ORIENTED_EDGE('',*,*,#4631,.F.);
#6531=ORIENTED_EDGE('',*,*,#4632,.T.);
#6532=ORIENTED_EDGE('',*,*,#4633,.T.);
#6533=ORIENTED_EDGE('',*,*,#4628,.F.);
#6534=ORIENTED_EDGE('',*,*,#4634,.F.);
#6535=ORIENTED_EDGE('',*,*,#4635,.F.);
#6536=ORIENTED_EDGE('',*,*,#4636,.F.);
#6537=ORIENTED_EDGE('',*,*,#4637,.F.);
#6538=ORIENTED_EDGE('',*,*,#4638,.F.);
#6539=ORIENTED_EDGE('',*,*,#4639,.T.);
#6540=ORIENTED_EDGE('',*,*,#4640,.T.);
#6541=ORIENTED_EDGE('',*,*,#4632,.F.);
#6542=ORIENTED_EDGE('',*,*,#4641,.F.);
#6543=ORIENTED_EDGE('',*,*,#4630,.T.);
#6544=ORIENTED_EDGE('',*,*,#4642,.T.);
#6545=ORIENTED_EDGE('',*,*,#4639,.F.);
#6546=ORIENTED_EDGE('',*,*,#4643,.F.);
#6547=ORIENTED_EDGE('',*,*,#4644,.F.);
#6548=ORIENTED_EDGE('',*,*,#4645,.F.);
#6549=ORIENTED_EDGE('',*,*,#4646,.F.);
#6550=ORIENTED_EDGE('',*,*,#4642,.F.);
#6551=ORIENTED_EDGE('',*,*,#4629,.F.);
#6552=ORIENTED_EDGE('',*,*,#4633,.F.);
#6553=ORIENTED_EDGE('',*,*,#4640,.F.);
#6554=ORIENTED_EDGE('',*,*,#4646,.T.);
#6555=ORIENTED_EDGE('',*,*,#4647,.T.);
#6556=ORIENTED_EDGE('',*,*,#4648,.F.);
#6557=ORIENTED_EDGE('',*,*,#4649,.F.);
#6558=ORIENTED_EDGE('',*,*,#4635,.T.);
#6559=ORIENTED_EDGE('',*,*,#4650,.F.);
#6560=ORIENTED_EDGE('',*,*,#4651,.T.);
#6561=ORIENTED_EDGE('',*,*,#4652,.T.);
#6562=ORIENTED_EDGE('',*,*,#4645,.T.);
#6563=ORIENTED_EDGE('',*,*,#4653,.T.);
#6564=ORIENTED_EDGE('',*,*,#4654,.F.);
#6565=ORIENTED_EDGE('',*,*,#4647,.F.);
#6566=ORIENTED_EDGE('',*,*,#4636,.T.);
#6567=ORIENTED_EDGE('',*,*,#4652,.F.);
#6568=ORIENTED_EDGE('',*,*,#4655,.T.);
#6569=ORIENTED_EDGE('',*,*,#4656,.T.);
#6570=ORIENTED_EDGE('',*,*,#4644,.T.);
#6571=ORIENTED_EDGE('',*,*,#4657,.T.);
#6572=ORIENTED_EDGE('',*,*,#4658,.F.);
#6573=ORIENTED_EDGE('',*,*,#4653,.F.);
#6574=ORIENTED_EDGE('',*,*,#4643,.T.);
#6575=ORIENTED_EDGE('',*,*,#4649,.T.);
#6576=ORIENTED_EDGE('',*,*,#4659,.F.);
#6577=ORIENTED_EDGE('',*,*,#4657,.F.);
#6578=ORIENTED_EDGE('',*,*,#4634,.T.);
#6579=ORIENTED_EDGE('',*,*,#4660,.F.);
#6580=ORIENTED_EDGE('',*,*,#4661,.T.);
#6581=ORIENTED_EDGE('',*,*,#4650,.T.);
#6582=ORIENTED_EDGE('',*,*,#4637,.T.);
#6583=ORIENTED_EDGE('',*,*,#4656,.F.);
#6584=ORIENTED_EDGE('',*,*,#4662,.T.);
#6585=ORIENTED_EDGE('',*,*,#4660,.T.);
#6586=ORIENTED_EDGE('',*,*,#4663,.F.);
#6587=ORIENTED_EDGE('',*,*,#4664,.T.);
#6588=ORIENTED_EDGE('',*,*,#4665,.F.);
#6589=ORIENTED_EDGE('',*,*,#4666,.F.);
#6590=ORIENTED_EDGE('',*,*,#4667,.F.);
#6591=ORIENTED_EDGE('',*,*,#4666,.T.);
#6592=ORIENTED_EDGE('',*,*,#4668,.F.);
#6593=ORIENTED_EDGE('',*,*,#4669,.F.);
#6594=ORIENTED_EDGE('',*,*,#4670,.F.);
#6595=ORIENTED_EDGE('',*,*,#4669,.T.);
#6596=ORIENTED_EDGE('',*,*,#4671,.F.);
#6597=ORIENTED_EDGE('',*,*,#4672,.F.);
#6598=ORIENTED_EDGE('',*,*,#4673,.F.);
#6599=ORIENTED_EDGE('',*,*,#4672,.T.);
#6600=ORIENTED_EDGE('',*,*,#4674,.F.);
#6601=ORIENTED_EDGE('',*,*,#4664,.F.);
#6602=ORIENTED_EDGE('',*,*,#4627,.T.);
#6603=ORIENTED_EDGE('',*,*,#4641,.T.);
#6604=ORIENTED_EDGE('',*,*,#4638,.T.);
#6605=ORIENTED_EDGE('',*,*,#4631,.T.);
#6606=ORIENTED_EDGE('',*,*,#4674,.T.);
#6607=ORIENTED_EDGE('',*,*,#4671,.T.);
#6608=ORIENTED_EDGE('',*,*,#4668,.T.);
#6609=ORIENTED_EDGE('',*,*,#4665,.T.);
#6610=ORIENTED_EDGE('',*,*,#4648,.T.);
#6611=ORIENTED_EDGE('',*,*,#4654,.T.);
#6612=ORIENTED_EDGE('',*,*,#4658,.T.);
#6613=ORIENTED_EDGE('',*,*,#4659,.T.);
#6614=ORIENTED_EDGE('',*,*,#4673,.T.);
#6615=ORIENTED_EDGE('',*,*,#4663,.T.);
#6616=ORIENTED_EDGE('',*,*,#4667,.T.);
#6617=ORIENTED_EDGE('',*,*,#4670,.T.);
#6618=ORIENTED_EDGE('',*,*,#4651,.F.);
#6619=ORIENTED_EDGE('',*,*,#4661,.F.);
#6620=ORIENTED_EDGE('',*,*,#4662,.F.);
#6621=ORIENTED_EDGE('',*,*,#4655,.F.);
#6622=ORIENTED_EDGE('',*,*,#4675,.F.);
#6623=ORIENTED_EDGE('',*,*,#4676,.T.);
#6624=ORIENTED_EDGE('',*,*,#4677,.F.);
#6625=ORIENTED_EDGE('',*,*,#4678,.T.);
#6626=ORIENTED_EDGE('',*,*,#4679,.T.);
#6627=ORIENTED_EDGE('',*,*,#4680,.F.);
#6628=ORIENTED_EDGE('',*,*,#4681,.T.);
#6629=ORIENTED_EDGE('',*,*,#4682,.F.);
#6630=ORIENTED_EDGE('',*,*,#4683,.F.);
#6631=ORIENTED_EDGE('',*,*,#4684,.F.);
#6632=ORIENTED_EDGE('',*,*,#4685,.T.);
#6633=ORIENTED_EDGE('',*,*,#4686,.T.);
#6634=ORIENTED_EDGE('',*,*,#4687,.T.);
#6635=ORIENTED_EDGE('',*,*,#4688,.T.);
#6636=ORIENTED_EDGE('',*,*,#4689,.F.);
#6637=ORIENTED_EDGE('',*,*,#4690,.F.);
#6638=ORIENTED_EDGE('',*,*,#4691,.F.);
#6639=ORIENTED_EDGE('',*,*,#4692,.T.);
#6640=ORIENTED_EDGE('',*,*,#4693,.T.);
#6641=ORIENTED_EDGE('',*,*,#4694,.F.);
#6642=ORIENTED_EDGE('',*,*,#4695,.T.);
#6643=ORIENTED_EDGE('',*,*,#4696,.T.);
#6644=ORIENTED_EDGE('',*,*,#4697,.T.);
#6645=ORIENTED_EDGE('',*,*,#4698,.T.);
#6646=ORIENTED_EDGE('',*,*,#4694,.T.);
#6647=ORIENTED_EDGE('',*,*,#4699,.T.);
#6648=ORIENTED_EDGE('',*,*,#4680,.T.);
#6649=ORIENTED_EDGE('',*,*,#4700,.T.);
#6650=ORIENTED_EDGE('',*,*,#4677,.T.);
#6651=ORIENTED_EDGE('',*,*,#4701,.T.);
#6652=ORIENTED_EDGE('',*,*,#4687,.F.);
#6653=ORIENTED_EDGE('',*,*,#4702,.T.);
#6654=ORIENTED_EDGE('',*,*,#4679,.F.);
#6655=ORIENTED_EDGE('',*,*,#4703,.T.);
#6656=ORIENTED_EDGE('',*,*,#4695,.F.);
#6657=ORIENTED_EDGE('',*,*,#4700,.F.);
#6658=ORIENTED_EDGE('',*,*,#4689,.T.);
#6659=ORIENTED_EDGE('',*,*,#4704,.T.);
#6660=ORIENTED_EDGE('',*,*,#4675,.T.);
#6661=ORIENTED_EDGE('',*,*,#4705,.T.);
#6662=ORIENTED_EDGE('',*,*,#4706,.F.);
#6663=ORIENTED_EDGE('',*,*,#4690,.T.);
#6664=ORIENTED_EDGE('',*,*,#4705,.F.);
#6665=ORIENTED_EDGE('',*,*,#4684,.T.);
#6666=ORIENTED_EDGE('',*,*,#4707,.T.);
#6667=ORIENTED_EDGE('',*,*,#4708,.T.);
#6668=ORIENTED_EDGE('',*,*,#4709,.T.);
#6669=ORIENTED_EDGE('',*,*,#4710,.T.);
#6670=ORIENTED_EDGE('',*,*,#4708,.F.);
#6671=ORIENTED_EDGE('',*,*,#4711,.T.);
#6672=ORIENTED_EDGE('',*,*,#4712,.T.);
#6673=ORIENTED_EDGE('',*,*,#4713,.T.);
#6674=ORIENTED_EDGE('',*,*,#4714,.T.);
#6675=ORIENTED_EDGE('',*,*,#4715,.T.);
#6676=ORIENTED_EDGE('',*,*,#4713,.F.);
#6677=ORIENTED_EDGE('',*,*,#4716,.T.);
#6678=ORIENTED_EDGE('',*,*,#4715,.F.);
#6679=ORIENTED_EDGE('',*,*,#4717,.T.);
#6680=ORIENTED_EDGE('',*,*,#4697,.F.);
#6681=ORIENTED_EDGE('',*,*,#4717,.F.);
#6682=ORIENTED_EDGE('',*,*,#4714,.F.);
#6683=ORIENTED_EDGE('',*,*,#4710,.F.);
#6684=ORIENTED_EDGE('',*,*,#4718,.T.);
#6685=ORIENTED_EDGE('',*,*,#4698,.F.);
#6686=ORIENTED_EDGE('',*,*,#4718,.F.);
#6687=ORIENTED_EDGE('',*,*,#4709,.F.);
#6688=ORIENTED_EDGE('',*,*,#4712,.F.);
#6689=ORIENTED_EDGE('',*,*,#4719,.T.);
#6690=ORIENTED_EDGE('',*,*,#4685,.F.);
#6691=ORIENTED_EDGE('',*,*,#4719,.F.);
#6692=ORIENTED_EDGE('',*,*,#4716,.F.);
#6693=ORIENTED_EDGE('',*,*,#4707,.F.);
#6694=ORIENTED_EDGE('',*,*,#4720,.T.);
#6695=ORIENTED_EDGE('',*,*,#4686,.F.);
#6696=ORIENTED_EDGE('',*,*,#4720,.F.);
#6697=ORIENTED_EDGE('',*,*,#4711,.F.);
#6698=ORIENTED_EDGE('',*,*,#4721,.F.);
#6699=ORIENTED_EDGE('',*,*,#4722,.T.);
#6700=ORIENTED_EDGE('',*,*,#4723,.T.);
#6701=ORIENTED_EDGE('',*,*,#4722,.F.);
#6702=ORIENTED_EDGE('',*,*,#4724,.F.);
#6703=ORIENTED_EDGE('',*,*,#4725,.T.);
#6704=ORIENTED_EDGE('',*,*,#4726,.T.);
#6705=ORIENTED_EDGE('',*,*,#4682,.T.);
#6706=ORIENTED_EDGE('',*,*,#4699,.F.);
#6707=ORIENTED_EDGE('',*,*,#4693,.F.);
#6708=ORIENTED_EDGE('',*,*,#4727,.T.);
#6709=ORIENTED_EDGE('',*,*,#4724,.T.);
#6710=ORIENTED_EDGE('',*,*,#4681,.F.);
#6711=ORIENTED_EDGE('',*,*,#4723,.F.);
#6712=ORIENTED_EDGE('',*,*,#4683,.T.);
#6713=ORIENTED_EDGE('',*,*,#4726,.F.);
#6714=ORIENTED_EDGE('',*,*,#4728,.T.);
#6715=ORIENTED_EDGE('',*,*,#4691,.T.);
#6716=ORIENTED_EDGE('',*,*,#4706,.T.);
#6717=ORIENTED_EDGE('',*,*,#4721,.T.);
#6718=ORIENTED_EDGE('',*,*,#4727,.F.);
#6719=ORIENTED_EDGE('',*,*,#4692,.F.);
#6720=ORIENTED_EDGE('',*,*,#4728,.F.);
#6721=ORIENTED_EDGE('',*,*,#4725,.F.);
#6722=ORIENTED_EDGE('',*,*,#4696,.F.);
#6723=ORIENTED_EDGE('',*,*,#4703,.F.);
#6724=ORIENTED_EDGE('',*,*,#4678,.F.);
#6725=ORIENTED_EDGE('',*,*,#4702,.F.);
#6726=ORIENTED_EDGE('',*,*,#4688,.F.);
#6727=ORIENTED_EDGE('',*,*,#4701,.F.);
#6728=ORIENTED_EDGE('',*,*,#4676,.F.);
#6729=ORIENTED_EDGE('',*,*,#4704,.F.);
#6730=ORIENTED_EDGE('',*,*,#4729,.F.);
#6731=ORIENTED_EDGE('',*,*,#4730,.T.);
#6732=ORIENTED_EDGE('',*,*,#4731,.T.);
#6733=ORIENTED_EDGE('',*,*,#4732,.T.);
#6734=ORIENTED_EDGE('',*,*,#4733,.F.);
#6735=ORIENTED_EDGE('',*,*,#4734,.T.);
#6736=ORIENTED_EDGE('',*,*,#4729,.T.);
#6737=ORIENTED_EDGE('',*,*,#4735,.F.);
#6738=ORIENTED_EDGE('',*,*,#4736,.F.);
#6739=ORIENTED_EDGE('',*,*,#4737,.T.);
#6740=ORIENTED_EDGE('',*,*,#4738,.F.);
#6741=ORIENTED_EDGE('',*,*,#4736,.T.);
#6742=ORIENTED_EDGE('',*,*,#4739,.F.);
#6743=ORIENTED_EDGE('',*,*,#4740,.F.);
#6744=ORIENTED_EDGE('',*,*,#4741,.F.);
#6745=ORIENTED_EDGE('',*,*,#4742,.T.);
#6746=ORIENTED_EDGE('',*,*,#4743,.F.);
#6747=ORIENTED_EDGE('',*,*,#4744,.T.);
#6748=ORIENTED_EDGE('',*,*,#4733,.T.);
#6749=ORIENTED_EDGE('',*,*,#4738,.T.);
#6750=ORIENTED_EDGE('',*,*,#4745,.F.);
#6751=ORIENTED_EDGE('',*,*,#4746,.T.);
#6752=ORIENTED_EDGE('',*,*,#4747,.T.);
#6753=ORIENTED_EDGE('',*,*,#4748,.T.);
#6754=ORIENTED_EDGE('',*,*,#4749,.F.);
#6755=ORIENTED_EDGE('',*,*,#4750,.F.);
#6756=ORIENTED_EDGE('',*,*,#4751,.F.);
#6757=ORIENTED_EDGE('',*,*,#4752,.T.);
#6758=ORIENTED_EDGE('',*,*,#4753,.T.);
#6759=ORIENTED_EDGE('',*,*,#4754,.T.);
#6760=ORIENTED_EDGE('',*,*,#4755,.T.);
#6761=ORIENTED_EDGE('',*,*,#4756,.T.);
#6762=ORIENTED_EDGE('',*,*,#4757,.F.);
#6763=ORIENTED_EDGE('',*,*,#4739,.T.);
#6764=ORIENTED_EDGE('',*,*,#4735,.T.);
#6765=ORIENTED_EDGE('',*,*,#4732,.F.);
#6766=ORIENTED_EDGE('',*,*,#4758,.F.);
#6767=ORIENTED_EDGE('',*,*,#4759,.F.);
#6768=ORIENTED_EDGE('',*,*,#4760,.T.);
#6769=ORIENTED_EDGE('',*,*,#4761,.T.);
#6770=ORIENTED_EDGE('',*,*,#4762,.T.);
#6771=ORIENTED_EDGE('',*,*,#4749,.T.);
#6772=ORIENTED_EDGE('',*,*,#4762,.F.);
#6773=ORIENTED_EDGE('',*,*,#4763,.T.);
#6774=ORIENTED_EDGE('',*,*,#4764,.T.);
#6775=ORIENTED_EDGE('',*,*,#4765,.T.);
#6776=ORIENTED_EDGE('',*,*,#4750,.T.);
#6777=ORIENTED_EDGE('',*,*,#4765,.F.);
#6778=ORIENTED_EDGE('',*,*,#4766,.T.);
#6779=ORIENTED_EDGE('',*,*,#4767,.T.);
#6780=ORIENTED_EDGE('',*,*,#4768,.T.);
#6781=ORIENTED_EDGE('',*,*,#4758,.T.);
#6782=ORIENTED_EDGE('',*,*,#4768,.F.);
#6783=ORIENTED_EDGE('',*,*,#4769,.T.);
#6784=ORIENTED_EDGE('',*,*,#4770,.T.);
#6785=ORIENTED_EDGE('',*,*,#4771,.T.);
#6786=ORIENTED_EDGE('',*,*,#4759,.T.);
#6787=ORIENTED_EDGE('',*,*,#4771,.F.);
#6788=ORIENTED_EDGE('',*,*,#4766,.F.);
#6789=ORIENTED_EDGE('',*,*,#4767,.F.);
#6790=ORIENTED_EDGE('',*,*,#4772,.T.);
#6791=ORIENTED_EDGE('',*,*,#4760,.F.);
#6792=ORIENTED_EDGE('',*,*,#4761,.F.);
#6793=ORIENTED_EDGE('',*,*,#4772,.F.);
#6794=ORIENTED_EDGE('',*,*,#4769,.F.);
#6795=ORIENTED_EDGE('',*,*,#4770,.F.);
#6796=ORIENTED_EDGE('',*,*,#4773,.T.);
#6797=ORIENTED_EDGE('',*,*,#4763,.F.);
#6798=ORIENTED_EDGE('',*,*,#4764,.F.);
#6799=ORIENTED_EDGE('',*,*,#4773,.F.);
#6800=ORIENTED_EDGE('',*,*,#4743,.T.);
#6801=ORIENTED_EDGE('',*,*,#4774,.T.);
#6802=ORIENTED_EDGE('',*,*,#4751,.T.);
#6803=ORIENTED_EDGE('',*,*,#4731,.F.);
#6804=ORIENTED_EDGE('',*,*,#4775,.T.);
#6805=ORIENTED_EDGE('',*,*,#4755,.F.);
#6806=ORIENTED_EDGE('',*,*,#4776,.T.);
#6807=ORIENTED_EDGE('',*,*,#4747,.F.);
#6808=ORIENTED_EDGE('',*,*,#4777,.T.);
#6809=ORIENTED_EDGE('',*,*,#4778,.T.);
#6810=ORIENTED_EDGE('',*,*,#4753,.F.);
#6811=ORIENTED_EDGE('',*,*,#4779,.T.);
#6812=ORIENTED_EDGE('',*,*,#4741,.T.);
#6813=ORIENTED_EDGE('',*,*,#4780,.T.);
#6814=ORIENTED_EDGE('',*,*,#4737,.F.);
#6815=ORIENTED_EDGE('',*,*,#4781,.T.);
#6816=ORIENTED_EDGE('',*,*,#4782,.T.);
#6817=ORIENTED_EDGE('',*,*,#4781,.F.);
#6818=ORIENTED_EDGE('',*,*,#4778,.F.);
#6819=ORIENTED_EDGE('',*,*,#4783,.T.);
#6820=ORIENTED_EDGE('',*,*,#4784,.T.);
#6821=ORIENTED_EDGE('',*,*,#4756,.F.);
#6822=ORIENTED_EDGE('',*,*,#4745,.T.);
#6823=ORIENTED_EDGE('',*,*,#4740,.T.);
#6824=ORIENTED_EDGE('',*,*,#4757,.T.);
#6825=ORIENTED_EDGE('',*,*,#4784,.F.);
#6826=ORIENTED_EDGE('',*,*,#4785,.T.);
#6827=ORIENTED_EDGE('',*,*,#4786,.T.);
#6828=ORIENTED_EDGE('',*,*,#4782,.F.);
#6829=ORIENTED_EDGE('',*,*,#4787,.T.);
#6830=ORIENTED_EDGE('',*,*,#4786,.F.);
#6831=ORIENTED_EDGE('',*,*,#4787,.F.);
#6832=ORIENTED_EDGE('',*,*,#4785,.F.);
#6833=ORIENTED_EDGE('',*,*,#4783,.F.);
#6834=ORIENTED_EDGE('',*,*,#4777,.F.);
#6835=ORIENTED_EDGE('',*,*,#4746,.F.);
#6836=ORIENTED_EDGE('',*,*,#4734,.F.);
#6837=ORIENTED_EDGE('',*,*,#4744,.F.);
#6838=ORIENTED_EDGE('',*,*,#4775,.F.);
#6839=ORIENTED_EDGE('',*,*,#4730,.F.);
#6840=ORIENTED_EDGE('',*,*,#4748,.F.);
#6841=ORIENTED_EDGE('',*,*,#4776,.F.);
#6842=ORIENTED_EDGE('',*,*,#4754,.F.);
#6843=ORIENTED_EDGE('',*,*,#4780,.F.);
#6844=ORIENTED_EDGE('',*,*,#4742,.F.);
#6845=ORIENTED_EDGE('',*,*,#4779,.F.);
#6846=ORIENTED_EDGE('',*,*,#4752,.F.);
#6847=ORIENTED_EDGE('',*,*,#4774,.F.);
#6848=PLANE('',#7656);
#6849=PLANE('',#7657);
#6850=PLANE('',#7658);
#6851=PLANE('',#7659);
#6852=PLANE('',#7661);
#6853=PLANE('',#7662);
#6854=PLANE('',#7663);
#6855=PLANE('',#7664);
#6856=PLANE('',#7665);
#6857=PLANE('',#7666);
#6858=PLANE('',#7667);
#6859=PLANE('',#7668);
#6860=PLANE('',#7671);
#6861=PLANE('',#7672);
#6862=PLANE('',#7673);
#6863=PLANE('',#7674);
#6864=PLANE('',#7675);
#6865=PLANE('',#7676);
#6866=PLANE('',#7678);
#6867=PLANE('',#7679);
#6868=PLANE('',#7680);
#6869=PLANE('',#7681);
#6870=PLANE('',#7682);
#6871=PLANE('',#7683);
#6872=PLANE('',#7685);
#6873=PLANE('',#7686);
#6874=PLANE('',#7687);
#6875=PLANE('',#7688);
#6876=PLANE('',#7691);
#6877=PLANE('',#7692);
#6878=PLANE('',#7693);
#6879=PLANE('',#7694);
#6880=PLANE('',#7695);
#6881=PLANE('',#7696);
#6882=PLANE('',#7697);
#6883=PLANE('',#7699);
#6884=PLANE('',#7700);
#6885=PLANE('',#7701);
#6886=PLANE('',#7702);
#6887=PLANE('',#7703);
#6888=PLANE('',#7704);
#6889=PLANE('',#7705);
#6890=PLANE('',#7706);
#6891=PLANE('',#7708);
#6892=PLANE('',#7709);
#6893=PLANE('',#7711);
#6894=PLANE('',#7712);
#6895=PLANE('',#7713);
#6896=PLANE('',#7714);
#6897=PLANE('',#7715);
#6898=PLANE('',#7718);
#6899=PLANE('',#7720);
#6900=PLANE('',#7722);
#6901=PLANE('',#7723);
#6902=PLANE('',#7724);
#6903=PLANE('',#7725);
#6904=PLANE('',#7726);
#6905=PLANE('',#7727);
#6906=PLANE('',#7728);
#6907=PLANE('',#7729);
#6908=PLANE('',#7731);
#6909=PLANE('',#7736);
#6910=PLANE('',#7737);
#6911=PLANE('',#7738);
#6912=PLANE('',#7739);
#6913=PLANE('',#7740);
#6914=PLANE('',#7741);
#6915=PLANE('',#7742);
#6916=PLANE('',#7743);
#6917=PLANE('',#7744);
#6918=PLANE('',#7745);
#6919=PLANE('',#7746);
#6920=PLANE('',#7747);
#6921=PLANE('',#7748);
#6922=PLANE('',#7754);
#6923=PLANE('',#7755);
#6924=PLANE('',#7757);
#6925=PLANE('',#7759);
#6926=PLANE('',#7765);
#6927=PLANE('',#7766);
#6928=PLANE('',#7767);
#6929=PLANE('',#7768);
#6930=PLANE('',#7769);
#6931=PLANE('',#7770);
#6932=PLANE('',#7771);
#6933=PLANE('',#7772);
#6934=PLANE('',#7773);
#6935=PLANE('',#7774);
#6936=PLANE('',#7775);
#6937=PLANE('',#7776);
#6938=PLANE('',#7777);
#6939=PLANE('',#7778);
#6940=PLANE('',#7779);
#6941=PLANE('',#7780);
#6942=PLANE('',#7781);
#6943=PLANE('',#7782);
#6944=PLANE('',#7783);
#6945=PLANE('',#7784);
#6946=PLANE('',#7785);
#6947=PLANE('',#7786);
#6948=PLANE('',#7787);
#6949=PLANE('',#7788);
#6950=PLANE('',#7789);
#6951=PLANE('',#7794);
#6952=PLANE('',#7797);
#6953=PLANE('',#7802);
#6954=PLANE('',#7803);
#6955=PLANE('',#7804);
#6956=PLANE('',#7805);
#6957=PLANE('',#7869);
#6958=PLANE('',#7870);
#6959=PLANE('',#7871);
#6960=PLANE('',#7872);
#6961=PLANE('',#7873);
#6962=PLANE('',#7874);
#6963=PLANE('',#7875);
#6964=PLANE('',#7876);
#6965=PLANE('',#7877);
#6966=PLANE('',#7878);
#6967=PLANE('',#7879);
#6968=PLANE('',#7880);
#6969=PLANE('',#7881);
#6970=PLANE('',#7882);
#6971=PLANE('',#7887);
#6972=PLANE('',#7888);
#6973=PLANE('',#7893);
#6974=PLANE('',#7894);
#6975=PLANE('',#7895);
#6976=PLANE('',#7896);
#6977=PLANE('',#7897);
#6978=PLANE('',#7900);
#6979=PLANE('',#7903);
#6980=PLANE('',#7906);
#6981=PLANE('',#7909);
#6982=PLANE('',#7912);
#6983=PLANE('',#7913);
#6984=PLANE('',#7914);
#6985=PLANE('',#7915);
#6986=PLANE('',#7916);
#6987=PLANE('',#7917);
#6988=PLANE('',#7918);
#6989=PLANE('',#7919);
#6990=PLANE('',#7920);
#6991=PLANE('',#7921);
#6992=PLANE('',#7922);
#6993=PLANE('',#7923);
#6994=PLANE('',#7924);
#6995=PLANE('',#7925);
#6996=PLANE('',#7926);
#6997=PLANE('',#7927);
#6998=PLANE('',#7928);
#6999=PLANE('',#7933);
#7000=PLANE('',#7934);
#7001=PLANE('',#7935);
#7002=PLANE('',#7936);
#7003=PLANE('',#7937);
#7004=PLANE('',#7951);
#7005=PLANE('',#7963);
#7006=PLANE('',#7967);
#7007=PLANE('',#7968);
#7008=PLANE('',#7970);
#7009=PLANE('',#7971);
#7010=PLANE('',#7972);
#7011=PLANE('',#7973);
#7012=PLANE('',#7974);
#7013=PLANE('',#7975);
#7014=PLANE('',#7977);
#7015=PLANE('',#7979);
#7016=PLANE('',#7980);
#7017=PLANE('',#7981);
#7018=PLANE('',#7983);
#7019=PLANE('',#7985);
#7020=PLANE('',#7986);
#7021=PLANE('',#7987);
#7022=PLANE('',#7988);
#7023=PLANE('',#7989);
#7024=PLANE('',#7990);
#7025=PLANE('',#7999);
#7026=PLANE('',#8000);
#7027=PLANE('',#8001);
#7028=PLANE('',#8002);
#7029=PLANE('',#8009);
#7030=PLANE('',#8010);
#7031=PLANE('',#8011);
#7032=PLANE('',#8012);
#7033=PLANE('',#8016);
#7034=PLANE('',#8017);
#7035=PLANE('',#8018);
#7036=PLANE('',#8019);
#7037=PLANE('',#8020);
#7038=PLANE('',#8021);
#7039=PLANE('',#8022);
#7040=PLANE('',#8023);
#7041=PLANE('',#8026);
#7042=PLANE('',#8029);
#7043=PLANE('',#8032);
#7044=PLANE('',#8035);
#7045=PLANE('',#8036);
#7046=PLANE('',#8037);
#7047=PLANE('',#8038);
#7048=PLANE('',#8039);
#7049=PLANE('',#8040);
#7050=PLANE('',#8041);
#7051=PLANE('',#8042);
#7052=PLANE('',#8043);
#7053=PLANE('',#8044);
#7054=PLANE('',#8045);
#7055=PLANE('',#8046);
#7056=PLANE('',#8047);
#7057=PLANE('',#8048);
#7058=PLANE('',#8049);
#7059=PLANE('',#8050);
#7060=PLANE('',#8051);
#7061=PLANE('',#8052);
#7062=PLANE('',#8053);
#7063=PLANE('',#8054);
#7064=PLANE('',#8055);
#7065=PLANE('',#8056);
#7066=PLANE('',#8057);
#7067=PLANE('',#8058);
#7068=PLANE('',#8059);
#7069=PLANE('',#8060);
#7070=PLANE('',#8061);
#7071=PLANE('',#8062);
#7072=PLANE('',#8063);
#7073=PLANE('',#8064);
#7074=PLANE('',#8065);
#7075=PLANE('',#8066);
#7076=PLANE('',#8069);
#7077=PLANE('',#8074);
#7078=PLANE('',#8075);
#7079=PLANE('',#8076);
#7080=PLANE('',#8077);
#7081=PLANE('',#8078);
#7082=PLANE('',#8079);
#7083=PLANE('',#8080);
#7084=PLANE('',#8081);
#7085=PLANE('',#8085);
#7086=PLANE('',#8086);
#7087=PLANE('',#8092);
#7088=PLANE('',#8095);
#7089=PLANE('',#8098);
#7090=PLANE('',#8099);
#7091=PLANE('',#8100);
#7092=PLANE('',#8101);
#7093=PLANE('',#8102);
#7094=PLANE('',#8104);
#7095=PLANE('',#8105);
#7096=PLANE('',#8106);
#7097=PLANE('',#8107);
#7098=PLANE('',#8108);
#7099=PLANE('',#8109);
#7100=PLANE('',#8110);
#7101=PLANE('',#8111);
#7102=PLANE('',#8112);
#7103=PLANE('',#8113);
#7104=PLANE('',#8114);
#7105=PLANE('',#8115);
#7106=PLANE('',#8116);
#7107=PLANE('',#8117);
#7108=PLANE('',#8118);
#7109=PLANE('',#8119);
#7110=PLANE('',#8120);
#7111=PLANE('',#8121);
#7112=PLANE('',#8122);
#7113=PLANE('',#8126);
#7114=PLANE('',#8131);
#7115=PLANE('',#8139);
#7116=PLANE('',#8140);
#7117=PLANE('',#8141);
#7118=PLANE('',#8165);
#7119=PLANE('',#8166);
#7120=PLANE('',#8167);
#7121=PLANE('',#8174);
#7122=PLANE('',#8179);
#7123=PLANE('',#8184);
#7124=PLANE('',#8203);
#7125=PLANE('',#8204);
#7126=PLANE('',#8206);
#7127=PLANE('',#8211);
#7128=PLANE('',#8214);
#7129=PLANE('',#8215);
#7130=ADVANCED_FACE('',(#522),#6848,.F.);
#7131=ADVANCED_FACE('',(#523),#6849,.F.);
#7132=ADVANCED_FACE('',(#524),#6850,.F.);
#7133=ADVANCED_FACE('',(#525),#6851,.T.);
#7134=ADVANCED_FACE('',(#526),#6852,.T.);
#7135=ADVANCED_FACE('',(#527),#6853,.T.);
#7136=ADVANCED_FACE('',(#528),#6854,.T.);
#7137=ADVANCED_FACE('',(#529),#6855,.F.);
#7138=ADVANCED_FACE('',(#530),#6856,.F.);
#7139=ADVANCED_FACE('',(#531),#6857,.T.);
#7140=ADVANCED_FACE('',(#532),#6858,.T.);
#7141=ADVANCED_FACE('',(#533),#6859,.T.);
#7142=ADVANCED_FACE('',(#534),#282,.T.);
#7143=ADVANCED_FACE('',(#535,#171),#6860,.F.);
#7144=ADVANCED_FACE('',(#536),#6861,.T.);
#7145=ADVANCED_FACE('',(#537),#6862,.T.);
#7146=ADVANCED_FACE('',(#538),#6863,.T.);
#7147=ADVANCED_FACE('',(#539),#6864,.T.);
#7148=ADVANCED_FACE('',(#540,#172),#6865,.T.);
#7149=ADVANCED_FACE('',(#541),#6866,.F.);
#7150=ADVANCED_FACE('',(#542),#6867,.F.);
#7151=ADVANCED_FACE('',(#543),#6868,.F.);
#7152=ADVANCED_FACE('',(#544),#6869,.T.);
#7153=ADVANCED_FACE('',(#545,#173),#6870,.T.);
#7154=ADVANCED_FACE('',(#546,#174),#6871,.F.);
#7155=ADVANCED_FACE('',(#547),#6872,.F.);
#7156=ADVANCED_FACE('',(#548),#6873,.F.);
#7157=ADVANCED_FACE('',(#549),#6874,.T.);
#7158=ADVANCED_FACE('',(#550),#6875,.T.);
#7159=ADVANCED_FACE('',(#551),#283,.T.);
#7160=ADVANCED_FACE('',(#552),#6876,.T.);
#7161=ADVANCED_FACE('',(#553),#6877,.T.);
#7162=ADVANCED_FACE('',(#554),#6878,.T.);
#7163=ADVANCED_FACE('',(#555),#6879,.T.);
#7164=ADVANCED_FACE('',(#556),#6880,.T.);
#7165=ADVANCED_FACE('',(#557),#6881,.T.);
#7166=ADVANCED_FACE('',(#558,#175),#6882,.T.);
#7167=ADVANCED_FACE('',(#559),#6883,.F.);
#7168=ADVANCED_FACE('',(#560),#6884,.F.);
#7169=ADVANCED_FACE('',(#561),#6885,.F.);
#7170=ADVANCED_FACE('',(#562),#6886,.F.);
#7171=ADVANCED_FACE('',(#563),#6887,.F.);
#7172=ADVANCED_FACE('',(#564),#6888,.F.);
#7173=ADVANCED_FACE('',(#565),#6889,.F.);
#7174=ADVANCED_FACE('',(#566),#6890,.T.);
#7175=ADVANCED_FACE('',(#567),#6891,.T.);
#7176=ADVANCED_FACE('',(#568,#176),#6892,.T.);
#7177=ADVANCED_FACE('',(#569),#6893,.T.);
#7178=ADVANCED_FACE('',(#570),#6894,.T.);
#7179=ADVANCED_FACE('',(#571),#6895,.T.);
#7180=ADVANCED_FACE('',(#572),#6896,.T.);
#7181=ADVANCED_FACE('',(#573),#6897,.T.);
#7182=ADVANCED_FACE('',(#574),#284,.T.);
#7183=ADVANCED_FACE('',(#575,#177,#178),#6898,.F.);
#7184=ADVANCED_FACE('',(#576),#6899,.T.);
#7185=ADVANCED_FACE('',(#577),#285,.T.);
#7186=ADVANCED_FACE('',(#578),#6900,.F.);
#7187=ADVANCED_FACE('',(#579),#6901,.T.);
#7188=ADVANCED_FACE('',(#580),#6902,.T.);
#7189=ADVANCED_FACE('',(#581),#6903,.T.);
#7190=ADVANCED_FACE('',(#582),#6904,.T.);
#7191=ADVANCED_FACE('',(#583),#6905,.T.);
#7192=ADVANCED_FACE('',(#584),#6906,.T.);
#7193=ADVANCED_FACE('',(#585),#6907,.T.);
#7194=ADVANCED_FACE('',(#586,#179,#180,#181),#6908,.T.);
#7195=ADVANCED_FACE('',(#587),#6909,.T.);
#7196=ADVANCED_FACE('',(#588),#6910,.T.);
#7197=ADVANCED_FACE('',(#589),#6911,.T.);
#7198=ADVANCED_FACE('',(#590),#6912,.T.);
#7199=ADVANCED_FACE('',(#591),#6913,.T.);
#7200=ADVANCED_FACE('',(#592),#6914,.T.);
#7201=ADVANCED_FACE('',(#593),#6915,.T.);
#7202=ADVANCED_FACE('',(#594),#6916,.T.);
#7203=ADVANCED_FACE('',(#595),#6917,.T.);
#7204=ADVANCED_FACE('',(#596),#6918,.T.);
#7205=ADVANCED_FACE('',(#597),#6919,.T.);
#7206=ADVANCED_FACE('',(#598),#6920,.T.);
#7207=ADVANCED_FACE('',(#599,#182,#183,#184),#6921,.F.);
#7208=ADVANCED_FACE('',(#600),#286,.T.);
#7209=ADVANCED_FACE('',(#601),#6922,.T.);
#7210=ADVANCED_FACE('',(#602),#6923,.T.);
#7211=ADVANCED_FACE('',(#603),#287,.T.);
#7212=ADVANCED_FACE('',(#604),#6924,.T.);
#7213=ADVANCED_FACE('',(#605),#288,.T.);
#7214=ADVANCED_FACE('',(#606),#6925,.T.);
#7215=ADVANCED_FACE('',(#607),#289,.T.);
#7216=ADVANCED_FACE('',(#608),#290,.F.);
#7217=ADVANCED_FACE('',(#609),#6926,.T.);
#7218=ADVANCED_FACE('',(#610),#6927,.T.);
#7219=ADVANCED_FACE('',(#611),#6928,.T.);
#7220=ADVANCED_FACE('',(#612,#185),#6929,.T.);
#7221=ADVANCED_FACE('',(#613),#6930,.T.);
#7222=ADVANCED_FACE('',(#614),#6931,.T.);
#7223=ADVANCED_FACE('',(#615),#6932,.T.);
#7224=ADVANCED_FACE('',(#616),#6933,.T.);
#7225=ADVANCED_FACE('',(#617),#6934,.T.);
#7226=ADVANCED_FACE('',(#618,#186),#6935,.T.);
#7227=ADVANCED_FACE('',(#619,#187),#6936,.F.);
#7228=ADVANCED_FACE('',(#620),#6937,.T.);
#7229=ADVANCED_FACE('',(#621),#6938,.T.);
#7230=ADVANCED_FACE('',(#622),#6939,.T.);
#7231=ADVANCED_FACE('',(#623),#6940,.T.);
#7232=ADVANCED_FACE('',(#624),#6941,.T.);
#7233=ADVANCED_FACE('',(#625),#6942,.T.);
#7234=ADVANCED_FACE('',(#626),#6943,.T.);
#7235=ADVANCED_FACE('',(#627),#6944,.T.);
#7236=ADVANCED_FACE('',(#628),#6945,.T.);
#7237=ADVANCED_FACE('',(#629),#6946,.T.);
#7238=ADVANCED_FACE('',(#630),#6947,.T.);
#7239=ADVANCED_FACE('',(#631),#6948,.T.);
#7240=ADVANCED_FACE('',(#632,#188),#6949,.T.);
#7241=ADVANCED_FACE('',(#633,#189),#6950,.F.);
#7242=ADVANCED_FACE('',(#634),#291,.T.);
#7243=ADVANCED_FACE('',(#635),#6951,.T.);
#7244=ADVANCED_FACE('',(#636),#6952,.T.);
#7245=ADVANCED_FACE('',(#637),#292,.T.);
#7246=ADVANCED_FACE('',(#638),#293,.T.);
#7247=ADVANCED_FACE('',(#639),#6953,.F.);
#7248=ADVANCED_FACE('',(#640),#6954,.T.);
#7249=ADVANCED_FACE('',(#641),#6955,.T.);
#7250=ADVANCED_FACE('',(#642),#6956,.T.);
#7251=ADVANCED_FACE('',(#643),#294,.F.);
#7252=ADVANCED_FACE('',(#644),#295,.F.);
#7253=ADVANCED_FACE('',(#645),#296,.F.);
#7254=ADVANCED_FACE('',(#646),#297,.F.);
#7255=ADVANCED_FACE('',(#647),#298,.F.);
#7256=ADVANCED_FACE('',(#648),#299,.F.);
#7257=ADVANCED_FACE('',(#649),#300,.F.);
#7258=ADVANCED_FACE('',(#650),#301,.F.);
#7259=ADVANCED_FACE('',(#651),#302,.F.);
#7260=ADVANCED_FACE('',(#652),#303,.F.);
#7261=ADVANCED_FACE('',(#653),#304,.F.);
#7262=ADVANCED_FACE('',(#654),#305,.F.);
#7263=ADVANCED_FACE('',(#655),#306,.F.);
#7264=ADVANCED_FACE('',(#656),#307,.F.);
#7265=ADVANCED_FACE('',(#657),#308,.F.);
#7266=ADVANCED_FACE('',(#658),#309,.F.);
#7267=ADVANCED_FACE('',(#659),#310,.F.);
#7268=ADVANCED_FACE('',(#660),#311,.F.);
#7269=ADVANCED_FACE('',(#661),#312,.F.);
#7270=ADVANCED_FACE('',(#662),#313,.F.);
#7271=ADVANCED_FACE('',(#663),#314,.F.);
#7272=ADVANCED_FACE('',(#664),#6957,.F.);
#7273=ADVANCED_FACE('',(#665),#6958,.F.);
#7274=ADVANCED_FACE('',(#666),#6959,.T.);
#7275=ADVANCED_FACE('',(#667),#6960,.T.);
#7276=ADVANCED_FACE('',(#668,#190,#191,#192,#193,#194,#195,#196,#197,#198,
#199,#200,#201,#202,#203,#204,#205,#206,#207,#208,#209,#210),#6961,.T.);
#7277=ADVANCED_FACE('',(#669),#6962,.T.);
#7278=ADVANCED_FACE('',(#670),#6963,.T.);
#7279=ADVANCED_FACE('',(#671),#6964,.T.);
#7280=ADVANCED_FACE('',(#672),#6965,.T.);
#7281=ADVANCED_FACE('',(#673),#6966,.T.);
#7282=ADVANCED_FACE('',(#674),#6967,.T.);
#7283=ADVANCED_FACE('',(#675),#6968,.T.);
#7284=ADVANCED_FACE('',(#676),#6969,.T.);
#7285=ADVANCED_FACE('',(#677,#211,#212,#213,#214,#215,#216,#217,#218,#219,
#220,#221,#222,#223,#224,#225,#226,#227,#228,#229,#230,#231),#6970,.F.);
#7286=ADVANCED_FACE('',(#678),#315,.F.);
#7287=ADVANCED_FACE('',(#679),#6971,.F.);
#7288=ADVANCED_FACE('',(#680),#6972,.T.);
#7289=ADVANCED_FACE('',(#681),#6973,.T.);
#7290=ADVANCED_FACE('',(#682,#232),#6974,.T.);
#7291=ADVANCED_FACE('',(#683),#6975,.T.);
#7292=ADVANCED_FACE('',(#684),#6976,.T.);
#7293=ADVANCED_FACE('',(#685),#6977,.T.);
#7294=ADVANCED_FACE('',(#686),#316,.T.);
#7295=ADVANCED_FACE('',(#687),#6978,.T.);
#7296=ADVANCED_FACE('',(#688),#317,.T.);
#7297=ADVANCED_FACE('',(#689,#233),#6979,.T.);
#7298=ADVANCED_FACE('',(#690),#318,.T.);
#7299=ADVANCED_FACE('',(#691),#6980,.T.);
#7300=ADVANCED_FACE('',(#692),#319,.T.);
#7301=ADVANCED_FACE('',(#693,#234),#6981,.F.);
#7302=ADVANCED_FACE('',(#694),#6982,.F.);
#7303=ADVANCED_FACE('',(#695),#6983,.F.);
#7304=ADVANCED_FACE('',(#696),#6984,.F.);
#7305=ADVANCED_FACE('',(#697),#6985,.F.);
#7306=ADVANCED_FACE('',(#698),#6986,.F.);
#7307=ADVANCED_FACE('',(#699),#6987,.F.);
#7308=ADVANCED_FACE('',(#700),#6988,.F.);
#7309=ADVANCED_FACE('',(#701),#6989,.F.);
#7310=ADVANCED_FACE('',(#702),#6990,.F.);
#7311=ADVANCED_FACE('',(#703),#6991,.F.);
#7312=ADVANCED_FACE('',(#704),#6992,.F.);
#7313=ADVANCED_FACE('',(#705),#6993,.F.);
#7314=ADVANCED_FACE('',(#706),#6994,.F.);
#7315=ADVANCED_FACE('',(#707),#6995,.F.);
#7316=ADVANCED_FACE('',(#708),#6996,.F.);
#7317=ADVANCED_FACE('',(#709),#6997,.F.);
#7318=ADVANCED_FACE('',(#710,#235,#236,#237,#238,#239,#240,#241,#242),#6998,
 .T.);
#7319=ADVANCED_FACE('',(#711),#6999,.T.);
#7320=ADVANCED_FACE('',(#712),#7000,.T.);
#7321=ADVANCED_FACE('',(#713),#7001,.F.);
#7322=ADVANCED_FACE('',(#714),#7002,.F.);
#7323=ADVANCED_FACE('',(#715),#7003,.T.);
#7324=ADVANCED_FACE('',(#716),#320,.F.);
#7325=ADVANCED_FACE('',(#717),#321,.F.);
#7326=ADVANCED_FACE('',(#718),#112,.T.);
#7327=ADVANCED_FACE('',(#719),#322,.F.);
#7328=ADVANCED_FACE('',(#720),#113,.T.);
#7329=ADVANCED_FACE('',(#721),#7004,.T.);
#7330=ADVANCED_FACE('',(#722),#323,.F.);
#7331=ADVANCED_FACE('',(#723),#324,.F.);
#7332=ADVANCED_FACE('',(#724),#114,.T.);
#7333=ADVANCED_FACE('',(#725),#115,.T.);
#7334=ADVANCED_FACE('',(#726),#325,.T.);
#7335=ADVANCED_FACE('',(#727),#7005,.T.);
#7336=ADVANCED_FACE('',(#728),#326,.T.);
#7337=ADVANCED_FACE('',(#729),#327,.T.);
#7338=ADVANCED_FACE('',(#730),#7006,.T.);
#7339=ADVANCED_FACE('',(#731),#7007,.T.);
#7340=ADVANCED_FACE('',(#732),#328,.T.);
#7341=ADVANCED_FACE('',(#733),#7008,.T.);
#7342=ADVANCED_FACE('',(#734),#7009,.T.);
#7343=ADVANCED_FACE('',(#735),#7010,.T.);
#7344=ADVANCED_FACE('',(#736),#7011,.T.);
#7345=ADVANCED_FACE('',(#737),#7012,.F.);
#7346=ADVANCED_FACE('',(#738,#243),#7013,.T.);
#7347=ADVANCED_FACE('',(#739,#244),#7014,.T.);
#7348=ADVANCED_FACE('',(#740),#7015,.T.);
#7349=ADVANCED_FACE('',(#741),#7016,.T.);
#7350=ADVANCED_FACE('',(#742,#245),#7017,.T.);
#7351=ADVANCED_FACE('',(#743,#246),#7018,.T.);
#7352=ADVANCED_FACE('',(#744),#7019,.T.);
#7353=ADVANCED_FACE('',(#745),#7020,.T.);
#7354=ADVANCED_FACE('',(#746),#7021,.F.);
#7355=ADVANCED_FACE('',(#747),#7022,.T.);
#7356=ADVANCED_FACE('',(#748),#7023,.F.);
#7357=ADVANCED_FACE('',(#749),#7024,.T.);
#7358=ADVANCED_FACE('',(#750),#329,.F.);
#7359=ADVANCED_FACE('',(#751),#330,.F.);
#7360=ADVANCED_FACE('',(#752),#331,.F.);
#7361=ADVANCED_FACE('',(#753),#332,.F.);
#7362=ADVANCED_FACE('',(#754,#247,#248),#7025,.T.);
#7363=ADVANCED_FACE('',(#755),#7026,.T.);
#7364=ADVANCED_FACE('',(#756),#7027,.T.);
#7365=ADVANCED_FACE('',(#757,#249,#250),#7028,.T.);
#7366=ADVANCED_FACE('',(#758),#333,.F.);
#7367=ADVANCED_FACE('',(#759),#334,.F.);
#7368=ADVANCED_FACE('',(#760,#251,#252),#7029,.T.);
#7369=ADVANCED_FACE('',(#761),#7030,.T.);
#7370=ADVANCED_FACE('',(#762),#7031,.T.);
#7371=ADVANCED_FACE('',(#763),#7032,.T.);
#7372=ADVANCED_FACE('',(#764),#335,.F.);
#7373=ADVANCED_FACE('',(#765),#7033,.F.);
#7374=ADVANCED_FACE('',(#766),#7034,.F.);
#7375=ADVANCED_FACE('',(#767,#253),#7035,.F.);
#7376=ADVANCED_FACE('',(#768),#7036,.F.);
#7377=ADVANCED_FACE('',(#769),#7037,.F.);
#7378=ADVANCED_FACE('',(#770),#7038,.F.);
#7379=ADVANCED_FACE('',(#771),#7039,.F.);
#7380=ADVANCED_FACE('',(#772,#254,#255),#7040,.T.);
#7381=ADVANCED_FACE('',(#773),#336,.T.);
#7382=ADVANCED_FACE('',(#774),#7041,.T.);
#7383=ADVANCED_FACE('',(#775),#337,.T.);
#7384=ADVANCED_FACE('',(#776,#256,#257,#258),#7042,.T.);
#7385=ADVANCED_FACE('',(#777),#338,.T.);
#7386=ADVANCED_FACE('',(#778),#7043,.T.);
#7387=ADVANCED_FACE('',(#779),#339,.T.);
#7388=ADVANCED_FACE('',(#780),#7044,.T.);
#7389=ADVANCED_FACE('',(#781),#7045,.T.);
#7390=ADVANCED_FACE('',(#782),#7046,.T.);
#7391=ADVANCED_FACE('',(#783),#7047,.T.);
#7392=ADVANCED_FACE('',(#784,#259,#260),#7048,.T.);
#7393=ADVANCED_FACE('',(#785),#7049,.T.);
#7394=ADVANCED_FACE('',(#786),#7050,.T.);
#7395=ADVANCED_FACE('',(#787),#7051,.T.);
#7396=ADVANCED_FACE('',(#788,#261,#262),#7052,.T.);
#7397=ADVANCED_FACE('',(#789),#7053,.T.);
#7398=ADVANCED_FACE('',(#790),#7054,.T.);
#7399=ADVANCED_FACE('',(#791),#7055,.T.);
#7400=ADVANCED_FACE('',(#792),#7056,.T.);
#7401=ADVANCED_FACE('',(#793),#7057,.T.);
#7402=ADVANCED_FACE('',(#794),#7058,.T.);
#7403=ADVANCED_FACE('',(#795),#7059,.T.);
#7404=ADVANCED_FACE('',(#796),#7060,.T.);
#7405=ADVANCED_FACE('',(#797),#7061,.T.);
#7406=ADVANCED_FACE('',(#798),#7062,.T.);
#7407=ADVANCED_FACE('',(#799),#7063,.T.);
#7408=ADVANCED_FACE('',(#800),#7064,.T.);
#7409=ADVANCED_FACE('',(#801),#7065,.T.);
#7410=ADVANCED_FACE('',(#802),#7066,.T.);
#7411=ADVANCED_FACE('',(#803),#7067,.T.);
#7412=ADVANCED_FACE('',(#804),#7068,.T.);
#7413=ADVANCED_FACE('',(#805),#7069,.T.);
#7414=ADVANCED_FACE('',(#806),#7070,.T.);
#7415=ADVANCED_FACE('',(#807),#7071,.T.);
#7416=ADVANCED_FACE('',(#808),#7072,.T.);
#7417=ADVANCED_FACE('',(#809),#7073,.T.);
#7418=ADVANCED_FACE('',(#810),#7074,.T.);
#7419=ADVANCED_FACE('',(#811,#263,#264),#7075,.F.);
#7420=ADVANCED_FACE('',(#812),#7076,.F.);
#7421=ADVANCED_FACE('',(#813),#116,.T.);
#7422=ADVANCED_FACE('',(#814),#117,.T.);
#7423=ADVANCED_FACE('',(#815),#118,.T.);
#7424=ADVANCED_FACE('',(#816),#119,.T.);
#7425=ADVANCED_FACE('',(#817),#120,.T.);
#7426=ADVANCED_FACE('',(#818),#7077,.T.);
#7427=ADVANCED_FACE('',(#819),#7078,.F.);
#7428=ADVANCED_FACE('',(#820),#7079,.F.);
#7429=ADVANCED_FACE('',(#821),#7080,.F.);
#7430=ADVANCED_FACE('',(#822),#7081,.F.);
#7431=ADVANCED_FACE('',(#823),#7082,.T.);
#7432=ADVANCED_FACE('',(#824),#7083,.T.);
#7433=ADVANCED_FACE('',(#825),#7084,.T.);
#7434=ADVANCED_FACE('',(#826),#340,.T.);
#7435=ADVANCED_FACE('',(#827),#7085,.T.);
#7436=ADVANCED_FACE('',(#828),#7086,.T.);
#7437=ADVANCED_FACE('',(#829),#341,.T.);
#7438=ADVANCED_FACE('',(#830),#7087,.T.);
#7439=ADVANCED_FACE('',(#831),#342,.T.);
#7440=ADVANCED_FACE('',(#832),#7088,.T.);
#7441=ADVANCED_FACE('',(#833),#343,.T.);
#7442=ADVANCED_FACE('',(#834),#7089,.T.);
#7443=ADVANCED_FACE('',(#835),#7090,.T.);
#7444=ADVANCED_FACE('',(#836),#7091,.T.);
#7445=ADVANCED_FACE('',(#837),#7092,.T.);
#7446=ADVANCED_FACE('',(#838),#7093,.F.);
#7447=ADVANCED_FACE('',(#839),#7094,.F.);
#7448=ADVANCED_FACE('',(#840,#265),#7095,.F.);
#7449=ADVANCED_FACE('',(#841),#7096,.F.);
#7450=ADVANCED_FACE('',(#842,#266),#7097,.F.);
#7451=ADVANCED_FACE('',(#843),#7098,.F.);
#7452=ADVANCED_FACE('',(#844),#7099,.T.);
#7453=ADVANCED_FACE('',(#845),#7100,.T.);
#7454=ADVANCED_FACE('',(#846),#7101,.T.);
#7455=ADVANCED_FACE('',(#847),#7102,.T.);
#7456=ADVANCED_FACE('',(#848),#7103,.T.);
#7457=ADVANCED_FACE('',(#849),#7104,.T.);
#7458=ADVANCED_FACE('',(#850),#7105,.T.);
#7459=ADVANCED_FACE('',(#851),#7106,.T.);
#7460=ADVANCED_FACE('',(#852),#7107,.T.);
#7461=ADVANCED_FACE('',(#853),#7108,.T.);
#7462=ADVANCED_FACE('',(#854),#7109,.T.);
#7463=ADVANCED_FACE('',(#855,#267),#7110,.T.);
#7464=ADVANCED_FACE('',(#856,#268),#7111,.T.);
#7465=ADVANCED_FACE('',(#857,#269),#7112,.F.);
#7466=ADVANCED_FACE('',(#858,#270,#271),#7113,.T.);
#7467=ADVANCED_FACE('',(#859,#272,#273),#7114,.T.);
#7468=ADVANCED_FACE('',(#860),#344,.T.);
#7469=ADVANCED_FACE('',(#861),#7115,.T.);
#7470=ADVANCED_FACE('',(#862),#7116,.F.);
#7471=ADVANCED_FACE('',(#863),#7117,.T.);
#7472=ADVANCED_FACE('',(#864),#345,.T.);
#7473=ADVANCED_FACE('',(#865),#346,.F.);
#7474=ADVANCED_FACE('',(#866),#347,.F.);
#7475=ADVANCED_FACE('',(#867),#11,.F.);
#7476=ADVANCED_FACE('',(#868),#12,.F.);
#7477=ADVANCED_FACE('',(#869),#13,.F.);
#7478=ADVANCED_FACE('',(#870),#14,.F.);
#7479=ADVANCED_FACE('',(#871),#348,.T.);
#7480=ADVANCED_FACE('',(#872),#349,.F.);
#7481=ADVANCED_FACE('',(#873,#274),#7118,.T.);
#7482=ADVANCED_FACE('',(#874,#275),#7119,.F.);
#7483=ADVANCED_FACE('',(#875),#7120,.F.);
#7484=ADVANCED_FACE('',(#876),#350,.T.);
#7485=ADVANCED_FACE('',(#877),#351,.T.);
#7486=ADVANCED_FACE('',(#878),#352,.F.);
#7487=ADVANCED_FACE('',(#879,#276),#7121,.F.);
#7488=ADVANCED_FACE('',(#880),#353,.T.);
#7489=ADVANCED_FACE('',(#881,#277,#278),#7122,.T.);
#7490=ADVANCED_FACE('',(#882,#279,#280),#7123,.T.);
#7491=ADVANCED_FACE('',(#883),#15,.F.);
#7492=ADVANCED_FACE('',(#884),#16,.F.);
#7493=ADVANCED_FACE('',(#885),#17,.F.);
#7494=ADVANCED_FACE('',(#886),#18,.F.);
#7495=ADVANCED_FACE('',(#887),#354,.F.);
#7496=ADVANCED_FACE('',(#888),#355,.F.);
#7497=ADVANCED_FACE('',(#889),#7124,.F.);
#7498=ADVANCED_FACE('',(#890),#7125,.T.);
#7499=ADVANCED_FACE('',(#891),#7126,.T.);
#7500=ADVANCED_FACE('',(#892),#356,.F.);
#7501=ADVANCED_FACE('',(#893),#357,.F.);
#7502=ADVANCED_FACE('',(#894,#281),#7127,.F.);
#7503=ADVANCED_FACE('',(#895),#19,.F.);
#7504=ADVANCED_FACE('',(#896),#7128,.F.);
#7505=ADVANCED_FACE('',(#897),#7129,.F.);
#7506=ADVANCED_FACE('',(#898),#358,.T.);
#7507=ADVANCED_FACE('',(#899),#359,.T.);
#7508=CLOSED_SHELL('',(#7130,#7131,#7132,#7133,#7134,#7135,#7136,#7137,
#7138,#7139,#7140,#7141,#7142,#7143,#7144,#7145,#7146,#7147,#7148));
#7509=CLOSED_SHELL('',(#7149,#7150,#7151,#7152,#7153,#7154,#7155,#7156,
#7157,#7158,#7159,#7160,#7161,#7162,#7163,#7164,#7165,#7166));
#7510=CLOSED_SHELL('',(#7167,#7168,#7169,#7170,#7171,#7172,#7173,#7174,
#7175,#7176,#7177,#7178,#7179,#7180,#7181,#7182,#7183,#7184,#7185,#7186,
#7187,#7188,#7189,#7190,#7191,#7192,#7193));
#7511=CLOSED_SHELL('',(#7194,#7195,#7196,#7197,#7198,#7199,#7200,#7201,
#7202,#7203,#7204,#7205,#7206,#7207,#7208,#7209,#7210,#7211,#7212,#7213,
#7214,#7215));
#7512=CLOSED_SHELL('',(#7216,#7217,#7218,#7219,#7220,#7221,#7222,#7223,
#7224,#7225,#7226,#7227));
#7513=CLOSED_SHELL('',(#7228,#7229,#7230,#7231,#7232,#7233,#7234,#7235,
#7236,#7237,#7238,#7239,#7240,#7241));
#7514=CLOSED_SHELL('',(#7242,#7243,#7244,#7245,#7246,#7247,#7248,#7249,
#7250,#7251,#7252,#7253,#7254,#7255,#7256,#7257,#7258,#7259,#7260,#7261,
#7262,#7263,#7264,#7265,#7266,#7267,#7268,#7269,#7270,#7271,#7272,#7273,
#7274,#7275,#7276,#7277,#7278,#7279,#7280,#7281,#7282,#7283,#7284,#7285));
#7515=CLOSED_SHELL('',(#7286,#7287,#7288,#7289,#7290,#7291,#7292,#7293,
#7294,#7295,#7296,#7297,#7298,#7299,#7300,#7301));
#7516=CLOSED_SHELL('',(#7302,#7303,#7304,#7305,#7306,#7307,#7308,#7309,
#7310,#7311,#7312,#7313,#7314,#7315,#7316,#7317,#7318,#7319,#7320,#7321,
#7322,#7323,#7324,#7325,#7326,#7327,#7328,#7329,#7330,#7331,#7332,#7333,
#7334,#7335,#7336,#7337,#7338,#7339,#7340,#7341,#7342,#7343,#7344,#7345,
#7346,#7347,#7348,#7349,#7350,#7351,#7352,#7353,#7354,#7355,#7356,#7357,
#7358,#7359,#7360,#7361,#7362,#7363,#7364,#7365,#7366,#7367,#7368,#7369,
#7370,#7371,#7372,#7373,#7374,#7375,#7376,#7377,#7378,#7379,#7380,#7381,
#7382,#7383,#7384,#7385,#7386,#7387,#7388,#7389,#7390,#7391,#7392,#7393,
#7394,#7395,#7396,#7397,#7398,#7399,#7400,#7401,#7402,#7403,#7404,#7405,
#7406,#7407,#7408,#7409,#7410,#7411,#7412,#7413,#7414,#7415,#7416,#7417,
#7418,#7419));
#7517=CLOSED_SHELL('',(#7420,#7421,#7422,#7423,#7424,#7425,#7426,#7427,
#7428,#7429,#7430,#7431,#7432,#7433,#7434,#7435,#7436,#7437,#7438,#7439,
#7440,#7441,#7442,#7443,#7444,#7445,#7446));
#7518=CLOSED_SHELL('',(#7447,#7448,#7449,#7450,#7451,#7452,#7453,#7454,
#7455,#7456,#7457,#7458,#7459,#7460,#7461,#7462,#7463,#7464,#7465));
#7519=CLOSED_SHELL('',(#7466,#7467,#7468,#7469,#7470,#7471,#7472,#7473,
#7474,#7475,#7476,#7477,#7478,#7479,#7480,#7481,#7482,#7483,#7484,#7485));
#7520=CLOSED_SHELL('',(#7486,#7487,#7488,#7489,#7490,#7491,#7492,#7493,
#7494,#7495,#7496,#7497,#7498,#7499,#7500,#7501,#7502,#7503,#7504,#7505,
#7506,#7507));
#7521=DERIVED_UNIT_ELEMENT(#7545,1.);
#7522=DERIVED_UNIT_ELEMENT(#12721,-3.);
#7523=DERIVED_UNIT_ELEMENT(#7545,1.);
#7524=DERIVED_UNIT_ELEMENT(#12721,-3.);
#7525=DERIVED_UNIT_ELEMENT(#7545,1.);
#7526=DERIVED_UNIT_ELEMENT(#12721,-3.);
#7527=DERIVED_UNIT_ELEMENT(#7545,1.);
#7528=DERIVED_UNIT_ELEMENT(#12721,-3.);
#7529=DERIVED_UNIT_ELEMENT(#7545,1.);
#7530=DERIVED_UNIT_ELEMENT(#12721,-3.);
#7531=DERIVED_UNIT_ELEMENT(#7545,1.);
#7532=DERIVED_UNIT_ELEMENT(#12721,-3.);
#7533=DERIVED_UNIT_ELEMENT(#7545,1.);
#7534=DERIVED_UNIT_ELEMENT(#12721,-3.);
#7535=DERIVED_UNIT_ELEMENT(#7545,1.);
#7536=DERIVED_UNIT_ELEMENT(#12721,-3.);
#7537=DERIVED_UNIT_ELEMENT(#7545,1.);
#7538=DERIVED_UNIT_ELEMENT(#12721,-3.);
#7539=DERIVED_UNIT_ELEMENT(#7545,1.);
#7540=DERIVED_UNIT_ELEMENT(#12721,-3.);
#7541=DERIVED_UNIT_ELEMENT(#7545,1.);
#7542=DERIVED_UNIT_ELEMENT(#12721,-3.);
#7543=DERIVED_UNIT_ELEMENT(#7545,1.);
#7544=DERIVED_UNIT_ELEMENT(#12721,-3.);
#7545=(
MASS_UNIT()
NAMED_UNIT(*)
SI_UNIT(.KILO.,.GRAM.)
);
#7546=DERIVED_UNIT((#7521,#7522));
#7547=DERIVED_UNIT((#7523,#7524));
#7548=DERIVED_UNIT((#7525,#7526));
#7549=DERIVED_UNIT((#7527,#7528));
#7550=DERIVED_UNIT((#7529,#7530));
#7551=DERIVED_UNIT((#7531,#7532));
#7552=DERIVED_UNIT((#7533,#7534));
#7553=DERIVED_UNIT((#7535,#7536));
#7554=DERIVED_UNIT((#7537,#7538));
#7555=DERIVED_UNIT((#7539,#7540));
#7556=DERIVED_UNIT((#7541,#7542));
#7557=DERIVED_UNIT((#7543,#7544));
#7558=MEASURE_REPRESENTATION_ITEM('density measure',
POSITIVE_RATIO_MEASURE(7850.),#7546);
#7559=MEASURE_REPRESENTATION_ITEM('density measure',
POSITIVE_RATIO_MEASURE(7850.),#7547);
#7560=MEASURE_REPRESENTATION_ITEM('density measure',
POSITIVE_RATIO_MEASURE(7850.),#7548);
#7561=MEASURE_REPRESENTATION_ITEM('density measure',
POSITIVE_RATIO_MEASURE(7850.),#7549);
#7562=MEASURE_REPRESENTATION_ITEM('density measure',
POSITIVE_RATIO_MEASURE(7850.),#7550);
#7563=MEASURE_REPRESENTATION_ITEM('density measure',
POSITIVE_RATIO_MEASURE(7850.),#7551);
#7564=MEASURE_REPRESENTATION_ITEM('density measure',
POSITIVE_RATIO_MEASURE(7850.),#7552);
#7565=MEASURE_REPRESENTATION_ITEM('density measure',
POSITIVE_RATIO_MEASURE(7850.),#7553);
#7566=MEASURE_REPRESENTATION_ITEM('density measure',
POSITIVE_RATIO_MEASURE(7850.),#7554);
#7567=MEASURE_REPRESENTATION_ITEM('density measure',
POSITIVE_RATIO_MEASURE(7850.),#7555);
#7568=MEASURE_REPRESENTATION_ITEM('density measure',
POSITIVE_RATIO_MEASURE(7850.),#7556);
#7569=MEASURE_REPRESENTATION_ITEM('density measure',
POSITIVE_RATIO_MEASURE(7850.),#7557);
#7570=PROPERTY_DEFINITION_REPRESENTATION(#7630,#7594);
#7571=PROPERTY_DEFINITION_REPRESENTATION(#7631,#7595);
#7572=PROPERTY_DEFINITION_REPRESENTATION(#7632,#7596);
#7573=PROPERTY_DEFINITION_REPRESENTATION(#7633,#7597);
#7574=PROPERTY_DEFINITION_REPRESENTATION(#7634,#7598);
#7575=PROPERTY_DEFINITION_REPRESENTATION(#7635,#7599);
#7576=PROPERTY_DEFINITION_REPRESENTATION(#7636,#7600);
#7577=PROPERTY_DEFINITION_REPRESENTATION(#7637,#7601);
#7578=PROPERTY_DEFINITION_REPRESENTATION(#7638,#7602);
#7579=PROPERTY_DEFINITION_REPRESENTATION(#7639,#7603);
#7580=PROPERTY_DEFINITION_REPRESENTATION(#7640,#7604);
#7581=PROPERTY_DEFINITION_REPRESENTATION(#7641,#7605);
#7582=PROPERTY_DEFINITION_REPRESENTATION(#7642,#7606);
#7583=PROPERTY_DEFINITION_REPRESENTATION(#7643,#7607);
#7584=PROPERTY_DEFINITION_REPRESENTATION(#7644,#7608);
#7585=PROPERTY_DEFINITION_REPRESENTATION(#7645,#7609);
#7586=PROPERTY_DEFINITION_REPRESENTATION(#7646,#7610);
#7587=PROPERTY_DEFINITION_REPRESENTATION(#7647,#7611);
#7588=PROPERTY_DEFINITION_REPRESENTATION(#7648,#7612);
#7589=PROPERTY_DEFINITION_REPRESENTATION(#7649,#7613);
#7590=PROPERTY_DEFINITION_REPRESENTATION(#7650,#7614);
#7591=PROPERTY_DEFINITION_REPRESENTATION(#7651,#7615);
#7592=PROPERTY_DEFINITION_REPRESENTATION(#7652,#7616);
#7593=PROPERTY_DEFINITION_REPRESENTATION(#7653,#7617);
#7594=REPRESENTATION('material name',(#7618),#12702);
#7595=REPRESENTATION('density',(#7558),#12702);
#7596=REPRESENTATION('material name',(#7619),#12703);
#7597=REPRESENTATION('density',(#7559),#12703);
#7598=REPRESENTATION('material name',(#7620),#12704);
#7599=REPRESENTATION('density',(#7560),#12704);
#7600=REPRESENTATION('material name',(#7621),#12705);
#7601=REPRESENTATION('density',(#7561),#12705);
#7602=REPRESENTATION('material name',(#7622),#12706);
#7603=REPRESENTATION('density',(#7562),#12706);
#7604=REPRESENTATION('material name',(#7623),#12707);
#7605=REPRESENTATION('density',(#7563),#12707);
#7606=REPRESENTATION('material name',(#7624),#12708);
#7607=REPRESENTATION('density',(#7564),#12708);
#7608=REPRESENTATION('material name',(#7625),#12710);
#7609=REPRESENTATION('density',(#7565),#12710);
#7610=REPRESENTATION('material name',(#7626),#12711);
#7611=REPRESENTATION('density',(#7566),#12711);
#7612=REPRESENTATION('material name',(#7627),#12712);
#7613=REPRESENTATION('density',(#7567),#12712);
#7614=REPRESENTATION('material name',(#7628),#12715);
#7615=REPRESENTATION('density',(#7568),#12715);
#7616=REPRESENTATION('material name',(#7629),#12716);
#7617=REPRESENTATION('density',(#7569),#12716);
#7618=DESCRIPTIVE_REPRESENTATION_ITEM('Steel','Steel');
#7619=DESCRIPTIVE_REPRESENTATION_ITEM('Steel','Steel');
#7620=DESCRIPTIVE_REPRESENTATION_ITEM('Steel','Steel');
#7621=DESCRIPTIVE_REPRESENTATION_ITEM('Steel','Steel');
#7622=DESCRIPTIVE_REPRESENTATION_ITEM('Steel','Steel');
#7623=DESCRIPTIVE_REPRESENTATION_ITEM('Steel','Steel');
#7624=DESCRIPTIVE_REPRESENTATION_ITEM('Steel','Steel');
#7625=DESCRIPTIVE_REPRESENTATION_ITEM('Steel','Steel');
#7626=DESCRIPTIVE_REPRESENTATION_ITEM('Steel','Steel');
#7627=DESCRIPTIVE_REPRESENTATION_ITEM('Steel','Steel');
#7628=DESCRIPTIVE_REPRESENTATION_ITEM('Steel','Steel');
#7629=DESCRIPTIVE_REPRESENTATION_ITEM('Steel','Steel');
#7630=PROPERTY_DEFINITION('material property','material name',#12792);
#7631=PROPERTY_DEFINITION('material property','density of part',#12792);
#7632=PROPERTY_DEFINITION('material property','material name',#12793);
#7633=PROPERTY_DEFINITION('material property','density of part',#12793);
#7634=PROPERTY_DEFINITION('material property','material name',#12794);
#7635=PROPERTY_DEFINITION('material property','density of part',#12794);
#7636=PROPERTY_DEFINITION('material property','material name',#12795);
#7637=PROPERTY_DEFINITION('material property','density of part',#12795);
#7638=PROPERTY_DEFINITION('material property','material name',#12796);
#7639=PROPERTY_DEFINITION('material property','density of part',#12796);
#7640=PROPERTY_DEFINITION('material property','material name',#12797);
#7641=PROPERTY_DEFINITION('material property','density of part',#12797);
#7642=PROPERTY_DEFINITION('material property','material name',#12798);
#7643=PROPERTY_DEFINITION('material property','density of part',#12798);
#7644=PROPERTY_DEFINITION('material property','material name',#12800);
#7645=PROPERTY_DEFINITION('material property','density of part',#12800);
#7646=PROPERTY_DEFINITION('material property','material name',#12801);
#7647=PROPERTY_DEFINITION('material property','density of part',#12801);
#7648=PROPERTY_DEFINITION('material property','material name',#12802);
#7649=PROPERTY_DEFINITION('material property','density of part',#12802);
#7650=PROPERTY_DEFINITION('material property','material name',#12805);
#7651=PROPERTY_DEFINITION('material property','density of part',#12805);
#7652=PROPERTY_DEFINITION('material property','material name',#12806);
#7653=PROPERTY_DEFINITION('material property','density of part',#12806);
#7654=AXIS2_PLACEMENT_3D('',#10238,#8234,#8235);
#7655=AXIS2_PLACEMENT_3D('',#10239,#8236,#8237);
#7656=AXIS2_PLACEMENT_3D('',#10240,#8238,#8239);
#7657=AXIS2_PLACEMENT_3D('',#10249,#8244,#8245);
#7658=AXIS2_PLACEMENT_3D('',#10258,#8250,#8251);
#7659=AXIS2_PLACEMENT_3D('',#10261,#8254,#8255);
#7660=AXIS2_PLACEMENT_3D('',#10267,#8258,#8259);
#7661=AXIS2_PLACEMENT_3D('',#10273,#8263,#8264);
#7662=AXIS2_PLACEMENT_3D('',#10277,#8267,#8268);
#7663=AXIS2_PLACEMENT_3D('',#10286,#8273,#8274);
#7664=AXIS2_PLACEMENT_3D('',#10300,#8282,#8283);
#7665=AXIS2_PLACEMENT_3D('',#10304,#8286,#8287);
#7666=AXIS2_PLACEMENT_3D('',#10308,#8290,#8291);
#7667=AXIS2_PLACEMENT_3D('',#10317,#8296,#8297);
#7668=AXIS2_PLACEMENT_3D('',#10320,#8300,#8301);
#7669=AXIS2_PLACEMENT_3D('',#10323,#8304,#8305);
#7670=AXIS2_PLACEMENT_3D('',#10327,#8307,#8308);
#7671=AXIS2_PLACEMENT_3D('',#10329,#8310,#8311);
#7672=AXIS2_PLACEMENT_3D('',#10337,#8317,#8318);
#7673=AXIS2_PLACEMENT_3D('',#10338,#8319,#8320);
#7674=AXIS2_PLACEMENT_3D('',#10339,#8321,#8322);
#7675=AXIS2_PLACEMENT_3D('',#10341,#8324,#8325);
#7676=AXIS2_PLACEMENT_3D('',#10343,#8327,#8328);
#7677=AXIS2_PLACEMENT_3D('',#10344,#8329,#8330);
#7678=AXIS2_PLACEMENT_3D('',#10345,#8331,#8332);
#7679=AXIS2_PLACEMENT_3D('',#10354,#8337,#8338);
#7680=AXIS2_PLACEMENT_3D('',#10363,#8343,#8344);
#7681=AXIS2_PLACEMENT_3D('',#10366,#8347,#8348);
#7682=AXIS2_PLACEMENT_3D('',#10372,#8352,#8353);
#7683=AXIS2_PLACEMENT_3D('',#10386,#8361,#8362);
#7684=AXIS2_PLACEMENT_3D('',#10390,#8364,#8365);
#7685=AXIS2_PLACEMENT_3D('',#10402,#8372,#8373);
#7686=AXIS2_PLACEMENT_3D('',#10408,#8377,#8378);
#7687=AXIS2_PLACEMENT_3D('',#10414,#8382,#8383);
#7688=AXIS2_PLACEMENT_3D('',#10421,#8388,#8389);
#7689=AXIS2_PLACEMENT_3D('',#10423,#8391,#8392);
#7690=AXIS2_PLACEMENT_3D('',#10426,#8393,#8394);
#7691=AXIS2_PLACEMENT_3D('',#10429,#8397,#8398);
#7692=AXIS2_PLACEMENT_3D('',#10433,#8401,#8402);
#7693=AXIS2_PLACEMENT_3D('',#10437,#8405,#8406);
#7694=AXIS2_PLACEMENT_3D('',#10441,#8409,#8410);
#7695=AXIS2_PLACEMENT_3D('',#10443,#8412,#8413);
#7696=AXIS2_PLACEMENT_3D('',#10445,#8415,#8416);
#7697=AXIS2_PLACEMENT_3D('',#10447,#8418,#8419);
#7698=AXIS2_PLACEMENT_3D('',#10448,#8420,#8421);
#7699=AXIS2_PLACEMENT_3D('',#10449,#8422,#8423);
#7700=AXIS2_PLACEMENT_3D('',#10458,#8428,#8429);
#7701=AXIS2_PLACEMENT_3D('',#10467,#8434,#8435);
#7702=AXIS2_PLACEMENT_3D('',#10470,#8438,#8439);
#7703=AXIS2_PLACEMENT_3D('',#10479,#8444,#8445);
#7704=AXIS2_PLACEMENT_3D('',#10485,#8449,#8450);
#7705=AXIS2_PLACEMENT_3D('',#10491,#8454,#8455);
#7706=AXIS2_PLACEMENT_3D('',#10493,#8457,#8458);
#7707=AXIS2_PLACEMENT_3D('',#10501,#8462,#8463);
#7708=AXIS2_PLACEMENT_3D('',#10505,#8466,#8467);
#7709=AXIS2_PLACEMENT_3D('',#10518,#8475,#8476);
#7710=AXIS2_PLACEMENT_3D('',#10522,#8478,#8479);
#7711=AXIS2_PLACEMENT_3D('',#10534,#8486,#8487);
#7712=AXIS2_PLACEMENT_3D('',#10540,#8491,#8492);
#7713=AXIS2_PLACEMENT_3D('',#10544,#8495,#8496);
#7714=AXIS2_PLACEMENT_3D('',#10553,#8501,#8502);
#7715=AXIS2_PLACEMENT_3D('',#10562,#8507,#8508);
#7716=AXIS2_PLACEMENT_3D('',#10566,#8511,#8512);
#7717=AXIS2_PLACEMENT_3D('',#10570,#8514,#8515);
#7718=AXIS2_PLACEMENT_3D('',#10572,#8517,#8518);
#7719=AXIS2_PLACEMENT_3D('',#10579,#8522,#8523);
#7720=AXIS2_PLACEMENT_3D('',#10584,#8528,#8529);
#7721=AXIS2_PLACEMENT_3D('',#10591,#8534,#8535);
#7722=AXIS2_PLACEMENT_3D('',#10593,#8537,#8538);
#7723=AXIS2_PLACEMENT_3D('',#10596,#8541,#8542);
#7724=AXIS2_PLACEMENT_3D('',#10598,#8544,#8545);
#7725=AXIS2_PLACEMENT_3D('',#10599,#8546,#8547);
#7726=AXIS2_PLACEMENT_3D('',#10601,#8549,#8550);
#7727=AXIS2_PLACEMENT_3D('',#10602,#8551,#8552);
#7728=AXIS2_PLACEMENT_3D('',#10603,#8553,#8554);
#7729=AXIS2_PLACEMENT_3D('',#10609,#8558,#8559);
#7730=AXIS2_PLACEMENT_3D('',#10610,#8560,#8561);
#7731=AXIS2_PLACEMENT_3D('',#10611,#8562,#8563);
#7732=AXIS2_PLACEMENT_3D('',#10614,#8564,#8565);
#7733=AXIS2_PLACEMENT_3D('',#10618,#8567,#8568);
#7734=AXIS2_PLACEMENT_3D('',#10622,#8570,#8571);
#7735=AXIS2_PLACEMENT_3D('',#10626,#8573,#8574);
#7736=AXIS2_PLACEMENT_3D('',#10652,#8588,#8589);
#7737=AXIS2_PLACEMENT_3D('',#10658,#8593,#8594);
#7738=AXIS2_PLACEMENT_3D('',#10664,#8598,#8599);
#7739=AXIS2_PLACEMENT_3D('',#10670,#8603,#8604);
#7740=AXIS2_PLACEMENT_3D('',#10674,#8607,#8608);
#7741=AXIS2_PLACEMENT_3D('',#10678,#8611,#8612);
#7742=AXIS2_PLACEMENT_3D('',#10680,#8614,#8615);
#7743=AXIS2_PLACEMENT_3D('',#10686,#8619,#8620);
#7744=AXIS2_PLACEMENT_3D('',#10690,#8623,#8624);
#7745=AXIS2_PLACEMENT_3D('',#10696,#8628,#8629);
#7746=AXIS2_PLACEMENT_3D('',#10700,#8632,#8633);
#7747=AXIS2_PLACEMENT_3D('',#10704,#8636,#8637);
#7748=AXIS2_PLACEMENT_3D('',#10706,#8639,#8640);
#7749=AXIS2_PLACEMENT_3D('',#10708,#8641,#8642);
#7750=AXIS2_PLACEMENT_3D('',#10712,#8644,#8645);
#7751=AXIS2_PLACEMENT_3D('',#10715,#8647,#8648);
#7752=AXIS2_PLACEMENT_3D('',#10716,#8649,#8650);
#7753=AXIS2_PLACEMENT_3D('',#10720,#8653,#8654);
#7754=AXIS2_PLACEMENT_3D('',#10721,#8655,#8656);
#7755=AXIS2_PLACEMENT_3D('',#10723,#8658,#8659);
#7756=AXIS2_PLACEMENT_3D('',#10724,#8660,#8661);
#7757=AXIS2_PLACEMENT_3D('',#10726,#8663,#8664);
#7758=AXIS2_PLACEMENT_3D('',#10728,#8666,#8667);
#7759=AXIS2_PLACEMENT_3D('',#10730,#8669,#8670);
#7760=AXIS2_PLACEMENT_3D('',#10732,#8672,#8673);
#7761=AXIS2_PLACEMENT_3D('',#10733,#8674,#8675);
#7762=AXIS2_PLACEMENT_3D('',#10734,#8676,#8677);
#7763=AXIS2_PLACEMENT_3D('',#10736,#8678,#8679);
#7764=AXIS2_PLACEMENT_3D('',#10739,#8681,#8682);
#7765=AXIS2_PLACEMENT_3D('',#10740,#8683,#8684);
#7766=AXIS2_PLACEMENT_3D('',#10749,#8689,#8690);
#7767=AXIS2_PLACEMENT_3D('',#10755,#8694,#8695);
#7768=AXIS2_PLACEMENT_3D('',#10761,#8699,#8700);
#7769=AXIS2_PLACEMENT_3D('',#10763,#8702,#8703);
#7770=AXIS2_PLACEMENT_3D('',#10765,#8705,#8706);
#7771=AXIS2_PLACEMENT_3D('',#10774,#8711,#8712);
#7772=AXIS2_PLACEMENT_3D('',#10780,#8716,#8717);
#7773=AXIS2_PLACEMENT_3D('',#10786,#8721,#8722);
#7774=AXIS2_PLACEMENT_3D('',#10789,#8725,#8726);
#7775=AXIS2_PLACEMENT_3D('',#10790,#8727,#8728);
#7776=AXIS2_PLACEMENT_3D('',#10791,#8729,#8730);
#7777=AXIS2_PLACEMENT_3D('',#10800,#8735,#8736);
#7778=AXIS2_PLACEMENT_3D('',#10806,#8740,#8741);
#7779=AXIS2_PLACEMENT_3D('',#10812,#8745,#8746);
#7780=AXIS2_PLACEMENT_3D('',#10815,#8749,#8750);
#7781=AXIS2_PLACEMENT_3D('',#10824,#8755,#8756);
#7782=AXIS2_PLACEMENT_3D('',#10830,#8760,#8761);
#7783=AXIS2_PLACEMENT_3D('',#10836,#8765,#8766);
#7784=AXIS2_PLACEMENT_3D('',#10842,#8770,#8771);
#7785=AXIS2_PLACEMENT_3D('',#10848,#8775,#8776);
#7786=AXIS2_PLACEMENT_3D('',#10854,#8780,#8781);
#7787=AXIS2_PLACEMENT_3D('',#10860,#8785,#8786);
#7788=AXIS2_PLACEMENT_3D('',#10867,#8791,#8792);
#7789=AXIS2_PLACEMENT_3D('',#10868,#8793,#8794);
#7790=AXIS2_PLACEMENT_3D('',#10869,#8795,#8796);
#7791=AXIS2_PLACEMENT_3D('',#10870,#8797,#8798);
#7792=AXIS2_PLACEMENT_3D('',#10873,#8799,#8800);
#7793=AXIS2_PLACEMENT_3D('',#10877,#8802,#8803);
#7794=AXIS2_PLACEMENT_3D('',#10879,#8805,#8806);
#7795=AXIS2_PLACEMENT_3D('',#10883,#8808,#8809);
#7796=AXIS2_PLACEMENT_3D('',#10887,#8811,#8812);
#7797=AXIS2_PLACEMENT_3D('',#10895,#8817,#8818);
#7798=AXIS2_PLACEMENT_3D('',#10899,#8821,#8822);
#7799=AXIS2_PLACEMENT_3D('',#10901,#8823,#8824);
#7800=AXIS2_PLACEMENT_3D('',#10903,#8826,#8827);
#7801=AXIS2_PLACEMENT_3D('',#10907,#8829,#8830);
#7802=AXIS2_PLACEMENT_3D('',#10909,#8832,#8833);
#7803=AXIS2_PLACEMENT_3D('',#10913,#8836,#8837);
#7804=AXIS2_PLACEMENT_3D('',#10915,#8839,#8840);
#7805=AXIS2_PLACEMENT_3D('',#10921,#8844,#8845);
#7806=AXIS2_PLACEMENT_3D('',#10936,#8854,#8855);
#7807=AXIS2_PLACEMENT_3D('',#10938,#8856,#8857);
#7808=AXIS2_PLACEMENT_3D('',#10941,#8859,#8860);
#7809=AXIS2_PLACEMENT_3D('',#10942,#8861,#8862);
#7810=AXIS2_PLACEMENT_3D('',#10944,#8863,#8864);
#7811=AXIS2_PLACEMENT_3D('',#10947,#8866,#8867);
#7812=AXIS2_PLACEMENT_3D('',#10948,#8868,#8869);
#7813=AXIS2_PLACEMENT_3D('',#10950,#8870,#8871);
#7814=AXIS2_PLACEMENT_3D('',#10953,#8873,#8874);
#7815=AXIS2_PLACEMENT_3D('',#10954,#8875,#8876);
#7816=AXIS2_PLACEMENT_3D('',#10956,#8877,#8878);
#7817=AXIS2_PLACEMENT_3D('',#10959,#8880,#8881);
#7818=AXIS2_PLACEMENT_3D('',#10960,#8882,#8883);
#7819=AXIS2_PLACEMENT_3D('',#10962,#8884,#8885);
#7820=AXIS2_PLACEMENT_3D('',#10965,#8887,#8888);
#7821=AXIS2_PLACEMENT_3D('',#10966,#8889,#8890);
#7822=AXIS2_PLACEMENT_3D('',#10968,#8891,#8892);
#7823=AXIS2_PLACEMENT_3D('',#10971,#8894,#8895);
#7824=AXIS2_PLACEMENT_3D('',#10972,#8896,#8897);
#7825=AXIS2_PLACEMENT_3D('',#10974,#8898,#8899);
#7826=AXIS2_PLACEMENT_3D('',#10977,#8901,#8902);
#7827=AXIS2_PLACEMENT_3D('',#10978,#8903,#8904);
#7828=AXIS2_PLACEMENT_3D('',#10980,#8905,#8906);
#7829=AXIS2_PLACEMENT_3D('',#10983,#8908,#8909);
#7830=AXIS2_PLACEMENT_3D('',#10984,#8910,#8911);
#7831=AXIS2_PLACEMENT_3D('',#10986,#8912,#8913);
#7832=AXIS2_PLACEMENT_3D('',#10989,#8915,#8916);
#7833=AXIS2_PLACEMENT_3D('',#10990,#8917,#8918);
#7834=AXIS2_PLACEMENT_3D('',#10992,#8919,#8920);
#7835=AXIS2_PLACEMENT_3D('',#10995,#8922,#8923);
#7836=AXIS2_PLACEMENT_3D('',#10996,#8924,#8925);
#7837=AXIS2_PLACEMENT_3D('',#10998,#8926,#8927);
#7838=AXIS2_PLACEMENT_3D('',#11001,#8929,#8930);
#7839=AXIS2_PLACEMENT_3D('',#11002,#8931,#8932);
#7840=AXIS2_PLACEMENT_3D('',#11004,#8933,#8934);
#7841=AXIS2_PLACEMENT_3D('',#11007,#8936,#8937);
#7842=AXIS2_PLACEMENT_3D('',#11008,#8938,#8939);
#7843=AXIS2_PLACEMENT_3D('',#11010,#8940,#8941);
#7844=AXIS2_PLACEMENT_3D('',#11013,#8943,#8944);
#7845=AXIS2_PLACEMENT_3D('',#11014,#8945,#8946);
#7846=AXIS2_PLACEMENT_3D('',#11016,#8947,#8948);
#7847=AXIS2_PLACEMENT_3D('',#11019,#8950,#8951);
#7848=AXIS2_PLACEMENT_3D('',#11020,#8952,#8953);
#7849=AXIS2_PLACEMENT_3D('',#11022,#8954,#8955);
#7850=AXIS2_PLACEMENT_3D('',#11025,#8957,#8958);
#7851=AXIS2_PLACEMENT_3D('',#11026,#8959,#8960);
#7852=AXIS2_PLACEMENT_3D('',#11028,#8961,#8962);
#7853=AXIS2_PLACEMENT_3D('',#11031,#8964,#8965);
#7854=AXIS2_PLACEMENT_3D('',#11032,#8966,#8967);
#7855=AXIS2_PLACEMENT_3D('',#11034,#8968,#8969);
#7856=AXIS2_PLACEMENT_3D('',#11037,#8971,#8972);
#7857=AXIS2_PLACEMENT_3D('',#11038,#8973,#8974);
#7858=AXIS2_PLACEMENT_3D('',#11040,#8975,#8976);
#7859=AXIS2_PLACEMENT_3D('',#11043,#8978,#8979);
#7860=AXIS2_PLACEMENT_3D('',#11044,#8980,#8981);
#7861=AXIS2_PLACEMENT_3D('',#11046,#8982,#8983);
#7862=AXIS2_PLACEMENT_3D('',#11049,#8985,#8986);
#7863=AXIS2_PLACEMENT_3D('',#11050,#8987,#8988);
#7864=AXIS2_PLACEMENT_3D('',#11052,#8989,#8990);
#7865=AXIS2_PLACEMENT_3D('',#11055,#8992,#8993);
#7866=AXIS2_PLACEMENT_3D('',#11056,#8994,#8995);
#7867=AXIS2_PLACEMENT_3D('',#11058,#8996,#8997);
#7868=AXIS2_PLACEMENT_3D('',#11061,#8999,#9000);
#7869=AXIS2_PLACEMENT_3D('',#11062,#9001,#9002);
#7870=AXIS2_PLACEMENT_3D('',#11071,#9007,#9008);
#7871=AXIS2_PLACEMENT_3D('',#11080,#9013,#9014);
#7872=AXIS2_PLACEMENT_3D('',#11083,#9017,#9018);
#7873=AXIS2_PLACEMENT_3D('',#11086,#9021,#9022);
#7874=AXIS2_PLACEMENT_3D('',#11095,#9027,#9028);
#7875=AXIS2_PLACEMENT_3D('',#11098,#9031,#9032);
#7876=AXIS2_PLACEMENT_3D('',#11100,#9034,#9035);
#7877=AXIS2_PLACEMENT_3D('',#11102,#9037,#9038);
#7878=AXIS2_PLACEMENT_3D('',#11103,#9039,#9040);
#7879=AXIS2_PLACEMENT_3D('',#11109,#9044,#9045);
#7880=AXIS2_PLACEMENT_3D('',#11113,#9048,#9049);
#7881=AXIS2_PLACEMENT_3D('',#11117,#9052,#9053);
#7882=AXIS2_PLACEMENT_3D('',#11119,#9055,#9056);
#7883=AXIS2_PLACEMENT_3D('',#11120,#9057,#9058);
#7884=AXIS2_PLACEMENT_3D('',#11121,#9059,#9060);
#7885=AXIS2_PLACEMENT_3D('',#11123,#9061,#9062);
#7886=AXIS2_PLACEMENT_3D('',#11126,#9064,#9065);
#7887=AXIS2_PLACEMENT_3D('',#11127,#9066,#9067);
#7888=AXIS2_PLACEMENT_3D('',#11136,#9072,#9073);
#7889=AXIS2_PLACEMENT_3D('',#11139,#9074,#9075);
#7890=AXIS2_PLACEMENT_3D('',#11143,#9077,#9078);
#7891=AXIS2_PLACEMENT_3D('',#11147,#9080,#9081);
#7892=AXIS2_PLACEMENT_3D('',#11151,#9083,#9084);
#7893=AXIS2_PLACEMENT_3D('',#11153,#9086,#9087);
#7894=AXIS2_PLACEMENT_3D('',#11159,#9091,#9092);
#7895=AXIS2_PLACEMENT_3D('',#11163,#9095,#9096);
#7896=AXIS2_PLACEMENT_3D('',#11167,#9099,#9100);
#7897=AXIS2_PLACEMENT_3D('',#11169,#9102,#9103);
#7898=AXIS2_PLACEMENT_3D('',#11177,#9108,#9109);
#7899=AXIS2_PLACEMENT_3D('',#11179,#9110,#9111);
#7900=AXIS2_PLACEMENT_3D('',#11183,#9114,#9115);
#7901=AXIS2_PLACEMENT_3D('',#11189,#9119,#9120);
#7902=AXIS2_PLACEMENT_3D('',#11191,#9121,#9122);
#7903=AXIS2_PLACEMENT_3D('',#11193,#9124,#9125);
#7904=AXIS2_PLACEMENT_3D('',#11199,#9129,#9130);
#7905=AXIS2_PLACEMENT_3D('',#11201,#9131,#9132);
#7906=AXIS2_PLACEMENT_3D('',#11205,#9135,#9136);
#7907=AXIS2_PLACEMENT_3D('',#11211,#9140,#9141);
#7908=AXIS2_PLACEMENT_3D('',#11212,#9142,#9143);
#7909=AXIS2_PLACEMENT_3D('',#11213,#9144,#9145);
#7910=AXIS2_PLACEMENT_3D('',#11214,#9146,#9147);
#7911=AXIS2_PLACEMENT_3D('',#11215,#9148,#9149);
#7912=AXIS2_PLACEMENT_3D('',#11216,#9150,#9151);
#7913=AXIS2_PLACEMENT_3D('',#11225,#9156,#9157);
#7914=AXIS2_PLACEMENT_3D('',#11231,#9161,#9162);
#7915=AXIS2_PLACEMENT_3D('',#11237,#9166,#9167);
#7916=AXIS2_PLACEMENT_3D('',#11243,#9171,#9172);
#7917=AXIS2_PLACEMENT_3D('',#11249,#9176,#9177);
#7918=AXIS2_PLACEMENT_3D('',#11252,#9180,#9181);
#7919=AXIS2_PLACEMENT_3D('',#11253,#9182,#9183);
#7920=AXIS2_PLACEMENT_3D('',#11262,#9188,#9189);
#7921=AXIS2_PLACEMENT_3D('',#11268,#9193,#9194);
#7922=AXIS2_PLACEMENT_3D('',#11274,#9198,#9199);
#7923=AXIS2_PLACEMENT_3D('',#11280,#9203,#9204);
#7924=AXIS2_PLACEMENT_3D('',#11286,#9208,#9209);
#7925=AXIS2_PLACEMENT_3D('',#11289,#9212,#9213);
#7926=AXIS2_PLACEMENT_3D('',#11290,#9214,#9215);
#7927=AXIS2_PLACEMENT_3D('',#11299,#9220,#9221);
#7928=AXIS2_PLACEMENT_3D('',#11305,#9225,#9226);
#7929=AXIS2_PLACEMENT_3D('',#11308,#9227,#9228);
#7930=AXIS2_PLACEMENT_3D('',#11314,#9231,#9232);
#7931=AXIS2_PLACEMENT_3D('',#11318,#9234,#9235);
#7932=AXIS2_PLACEMENT_3D('',#11322,#9237,#9238);
#7933=AXIS2_PLACEMENT_3D('',#11377,#9267,#9268);
#7934=AXIS2_PLACEMENT_3D('',#11383,#9272,#9273);
#7935=AXIS2_PLACEMENT_3D('',#11387,#9276,#9277);
#7936=AXIS2_PLACEMENT_3D('',#11391,#9280,#9281);
#7937=AXIS2_PLACEMENT_3D('',#11393,#9283,#9284);
#7938=AXIS2_PLACEMENT_3D('',#11402,#9289,#9290);
#7939=AXIS2_PLACEMENT_3D('',#11404,#9291,#9292);
#7940=AXIS2_PLACEMENT_3D('',#11407,#9294,#9295);
#7941=AXIS2_PLACEMENT_3D('',#11408,#9296,#9297);
#7942=AXIS2_PLACEMENT_3D('',#11410,#9298,#9299);
#7943=AXIS2_PLACEMENT_3D('',#11413,#9301,#9302);
#7944=AXIS2_PLACEMENT_3D('',#11465,#9303,#9304);
#7945=AXIS2_PLACEMENT_3D('',#11467,#9305,#9306);
#7946=AXIS2_PLACEMENT_3D('',#11481,#9307,#9308);
#7947=AXIS2_PLACEMENT_3D('',#11482,#9309,#9310);
#7948=AXIS2_PLACEMENT_3D('',#11485,#9311,#9312);
#7949=AXIS2_PLACEMENT_3D('',#11532,#9315,#9316);
#7950=AXIS2_PLACEMENT_3D('',#11533,#9317,#9318);
#7951=AXIS2_PLACEMENT_3D('',#11534,#9319,#9320);
#7952=AXIS2_PLACEMENT_3D('',#11540,#9324,#9325);
#7953=AXIS2_PLACEMENT_3D('',#11543,#9326,#9327);
#7954=AXIS2_PLACEMENT_3D('',#11547,#9329,#9330);
#7955=AXIS2_PLACEMENT_3D('',#11549,#9332,#9333);
#7956=AXIS2_PLACEMENT_3D('',#11553,#9335,#9336);
#7957=AXIS2_PLACEMENT_3D('',#11625,#9338,#9339);
#7958=AXIS2_PLACEMENT_3D('',#11626,#9340,#9341);
#7959=AXIS2_PLACEMENT_3D('',#11671,#9342,#9343);
#7960=AXIS2_PLACEMENT_3D('',#11672,#9344,#9345);
#7961=AXIS2_PLACEMENT_3D('',#11673,#9346,#9347);
#7962=AXIS2_PLACEMENT_3D('',#11677,#9349,#9350);
#7963=AXIS2_PLACEMENT_3D('',#11679,#9352,#9353);
#7964=AXIS2_PLACEMENT_3D('',#11684,#9357,#9358);
#7965=AXIS2_PLACEMENT_3D('',#11687,#9360,#9361);
#7966=AXIS2_PLACEMENT_3D('',#11688,#9362,#9363);
#7967=AXIS2_PLACEMENT_3D('',#11690,#9365,#9366);
#7968=AXIS2_PLACEMENT_3D('',#11698,#9371,#9372);
#7969=AXIS2_PLACEMENT_3D('',#11706,#9377,#9378);
#7970=AXIS2_PLACEMENT_3D('',#11708,#9380,#9381);
#7971=AXIS2_PLACEMENT_3D('',#11715,#9386,#9387);
#7972=AXIS2_PLACEMENT_3D('',#11719,#9390,#9391);
#7973=AXIS2_PLACEMENT_3D('',#11728,#9396,#9397);
#7974=AXIS2_PLACEMENT_3D('',#11739,#9404,#9405);
#7975=AXIS2_PLACEMENT_3D('',#11751,#9412,#9413);
#7976=AXIS2_PLACEMENT_3D('',#11755,#9416,#9417);
#7977=AXIS2_PLACEMENT_3D('',#11756,#9418,#9419);
#7978=AXIS2_PLACEMENT_3D('',#11763,#9423,#9424);
#7979=AXIS2_PLACEMENT_3D('',#11764,#9425,#9426);
#7980=AXIS2_PLACEMENT_3D('',#11768,#9429,#9430);
#7981=AXIS2_PLACEMENT_3D('',#11774,#9434,#9435);
#7982=AXIS2_PLACEMENT_3D('',#11777,#9437,#9438);
#7983=AXIS2_PLACEMENT_3D('',#11778,#9439,#9440);
#7984=AXIS2_PLACEMENT_3D('',#11782,#9443,#9444);
#7985=AXIS2_PLACEMENT_3D('',#11783,#9445,#9446);
#7986=AXIS2_PLACEMENT_3D('',#11792,#9451,#9452);
#7987=AXIS2_PLACEMENT_3D('',#11801,#9457,#9458);
#7988=AXIS2_PLACEMENT_3D('',#11804,#9461,#9462);
#7989=AXIS2_PLACEMENT_3D('',#11813,#9467,#9468);
#7990=AXIS2_PLACEMENT_3D('',#11819,#9472,#9473);
#7991=AXIS2_PLACEMENT_3D('',#11825,#9477,#9478);
#7992=AXIS2_PLACEMENT_3D('',#11827,#9479,#9480);
#7993=AXIS2_PLACEMENT_3D('',#11830,#9482,#9483);
#7994=AXIS2_PLACEMENT_3D('',#11831,#9484,#9485);
#7995=AXIS2_PLACEMENT_3D('',#11833,#9487,#9488);
#7996=AXIS2_PLACEMENT_3D('',#11835,#9490,#9491);
#7997=AXIS2_PLACEMENT_3D('',#11837,#9492,#9493);
#7998=AXIS2_PLACEMENT_3D('',#11840,#9495,#9496);
#7999=AXIS2_PLACEMENT_3D('',#11841,#9497,#9498);
#8000=AXIS2_PLACEMENT_3D('',#11851,#9504,#9505);
#8001=AXIS2_PLACEMENT_3D('',#11857,#9509,#9510);
#8002=AXIS2_PLACEMENT_3D('',#11861,#9513,#9514);
#8003=AXIS2_PLACEMENT_3D('',#11866,#9518,#9519);
#8004=AXIS2_PLACEMENT_3D('',#11868,#9520,#9521);
#8005=AXIS2_PLACEMENT_3D('',#11871,#9523,#9524);
#8006=AXIS2_PLACEMENT_3D('',#11872,#9525,#9526);
#8007=AXIS2_PLACEMENT_3D('',#11874,#9527,#9528);
#8008=AXIS2_PLACEMENT_3D('',#11877,#9530,#9531);
#8009=AXIS2_PLACEMENT_3D('',#11878,#9532,#9533);
#8010=AXIS2_PLACEMENT_3D('',#11884,#9537,#9538);
#8011=AXIS2_PLACEMENT_3D('',#11888,#9541,#9542);
#8012=AXIS2_PLACEMENT_3D('',#11890,#9544,#9545);
#8013=AXIS2_PLACEMENT_3D('',#11904,#9555,#9556);
#8014=AXIS2_PLACEMENT_3D('',#11906,#9557,#9558);
#8015=AXIS2_PLACEMENT_3D('',#11909,#9560,#9561);
#8016=AXIS2_PLACEMENT_3D('',#11910,#9562,#9563);
#8017=AXIS2_PLACEMENT_3D('',#11914,#9566,#9567);
#8018=AXIS2_PLACEMENT_3D('',#11916,#9569,#9570);
#8019=AXIS2_PLACEMENT_3D('',#11925,#9575,#9576);
#8020=AXIS2_PLACEMENT_3D('',#11931,#9580,#9581);
#8021=AXIS2_PLACEMENT_3D('',#11935,#9584,#9585);
#8022=AXIS2_PLACEMENT_3D('',#11939,#9588,#9589);
#8023=AXIS2_PLACEMENT_3D('',#11941,#9591,#9592);
#8024=AXIS2_PLACEMENT_3D('',#11946,#9596,#9597);
#8025=AXIS2_PLACEMENT_3D('',#11950,#9599,#9600);
#8026=AXIS2_PLACEMENT_3D('',#11952,#9602,#9603);
#8027=AXIS2_PLACEMENT_3D('',#11956,#9606,#9607);
#8028=AXIS2_PLACEMENT_3D('',#11959,#9609,#9610);
#8029=AXIS2_PLACEMENT_3D('',#11960,#9611,#9612);
#8030=AXIS2_PLACEMENT_3D('',#11964,#9615,#9616);
#8031=AXIS2_PLACEMENT_3D('',#11967,#9618,#9619);
#8032=AXIS2_PLACEMENT_3D('',#11968,#9620,#9621);
#8033=AXIS2_PLACEMENT_3D('',#11972,#9624,#9625);
#8034=AXIS2_PLACEMENT_3D('',#11975,#9627,#9628);
#8035=AXIS2_PLACEMENT_3D('',#11976,#9629,#9630);
#8036=AXIS2_PLACEMENT_3D('',#11978,#9632,#9633);
#8037=AXIS2_PLACEMENT_3D('',#11985,#9638,#9639);
#8038=AXIS2_PLACEMENT_3D('',#11987,#9641,#9642);
#8039=AXIS2_PLACEMENT_3D('',#11995,#9648,#9649);
#8040=AXIS2_PLACEMENT_3D('',#12007,#9657,#9658);
#8041=AXIS2_PLACEMENT_3D('',#12008,#9659,#9660);
#8042=AXIS2_PLACEMENT_3D('',#12010,#9662,#9663);
#8043=AXIS2_PLACEMENT_3D('',#12011,#9664,#9665);
#8044=AXIS2_PLACEMENT_3D('',#12016,#9669,#9670);
#8045=AXIS2_PLACEMENT_3D('',#12017,#9671,#9672);
#8046=AXIS2_PLACEMENT_3D('',#12019,#9674,#9675);
#8047=AXIS2_PLACEMENT_3D('',#12020,#9676,#9677);
#8048=AXIS2_PLACEMENT_3D('',#12022,#9679,#9680);
#8049=AXIS2_PLACEMENT_3D('',#12024,#9682,#9683);
#8050=AXIS2_PLACEMENT_3D('',#12025,#9684,#9685);
#8051=AXIS2_PLACEMENT_3D('',#12027,#9687,#9688);
#8052=AXIS2_PLACEMENT_3D('',#12028,#9689,#9690);
#8053=AXIS2_PLACEMENT_3D('',#12029,#9691,#9692);
#8054=AXIS2_PLACEMENT_3D('',#12035,#9696,#9697);
#8055=AXIS2_PLACEMENT_3D('',#12039,#9700,#9701);
#8056=AXIS2_PLACEMENT_3D('',#12043,#9704,#9705);
#8057=AXIS2_PLACEMENT_3D('',#12045,#9707,#9708);
#8058=AXIS2_PLACEMENT_3D('',#12051,#9712,#9713);
#8059=AXIS2_PLACEMENT_3D('',#12055,#9716,#9717);
#8060=AXIS2_PLACEMENT_3D('',#12059,#9720,#9721);
#8061=AXIS2_PLACEMENT_3D('',#12061,#9723,#9724);
#8062=AXIS2_PLACEMENT_3D('',#12063,#9726,#9727);
#8063=AXIS2_PLACEMENT_3D('',#12065,#9729,#9730);
#8064=AXIS2_PLACEMENT_3D('',#12066,#9731,#9732);
#8065=AXIS2_PLACEMENT_3D('',#12067,#9733,#9734);
#8066=AXIS2_PLACEMENT_3D('',#12068,#9735,#9736);
#8067=AXIS2_PLACEMENT_3D('',#12069,#9737,#9738);
#8068=AXIS2_PLACEMENT_3D('',#12070,#9739,#9740);
#8069=AXIS2_PLACEMENT_3D('',#12071,#9741,#9742);
#8070=AXIS2_PLACEMENT_3D('',#12143,#9748,#9749);
#8071=AXIS2_PLACEMENT_3D('',#12171,#9751,#9752);
#8072=AXIS2_PLACEMENT_3D('',#12201,#9756,#9757);
#8073=AXIS2_PLACEMENT_3D('',#12227,#9759,#9760);
#8074=AXIS2_PLACEMENT_3D('',#12229,#9762,#9763);
#8075=AXIS2_PLACEMENT_3D('',#12230,#9764,#9765);
#8076=AXIS2_PLACEMENT_3D('',#12236,#9769,#9770);
#8077=AXIS2_PLACEMENT_3D('',#12248,#9777,#9778);
#8078=AXIS2_PLACEMENT_3D('',#12252,#9781,#9782);
#8079=AXIS2_PLACEMENT_3D('',#12259,#9787,#9788);
#8080=AXIS2_PLACEMENT_3D('',#12265,#9792,#9793);
#8081=AXIS2_PLACEMENT_3D('',#12271,#9797,#9798);
#8082=AXIS2_PLACEMENT_3D('',#12275,#9801,#9802);
#8083=AXIS2_PLACEMENT_3D('',#12278,#9803,#9804);
#8084=AXIS2_PLACEMENT_3D('',#12282,#9806,#9807);
#8085=AXIS2_PLACEMENT_3D('',#12284,#9809,#9810);
#8086=AXIS2_PLACEMENT_3D('',#12290,#9814,#9815);
#8087=AXIS2_PLACEMENT_3D('',#12297,#9819,#9820);
#8088=AXIS2_PLACEMENT_3D('',#12300,#9822,#9823);
#8089=AXIS2_PLACEMENT_3D('',#12304,#9825,#9826);
#8090=AXIS2_PLACEMENT_3D('',#12306,#9828,#9829);
#8091=AXIS2_PLACEMENT_3D('',#12309,#9831,#9832);
#8092=AXIS2_PLACEMENT_3D('',#12310,#9833,#9834);
#8093=AXIS2_PLACEMENT_3D('',#12314,#9837,#9838);
#8094=AXIS2_PLACEMENT_3D('',#12317,#9840,#9841);
#8095=AXIS2_PLACEMENT_3D('',#12318,#9842,#9843);
#8096=AXIS2_PLACEMENT_3D('',#12323,#9847,#9848);
#8097=AXIS2_PLACEMENT_3D('',#12326,#9850,#9851);
#8098=AXIS2_PLACEMENT_3D('',#12327,#9852,#9853);
#8099=AXIS2_PLACEMENT_3D('',#12329,#9855,#9856);
#8100=AXIS2_PLACEMENT_3D('',#12331,#9858,#9859);
#8101=AXIS2_PLACEMENT_3D('',#12332,#9860,#9861);
#8102=AXIS2_PLACEMENT_3D('',#12333,#9862,#9863);
#8103=AXIS2_PLACEMENT_3D('',#12334,#9864,#9865);
#8104=AXIS2_PLACEMENT_3D('',#12335,#9866,#9867);
#8105=AXIS2_PLACEMENT_3D('',#12344,#9872,#9873);
#8106=AXIS2_PLACEMENT_3D('',#12358,#9881,#9882);
#8107=AXIS2_PLACEMENT_3D('',#12364,#9886,#9887);
#8108=AXIS2_PLACEMENT_3D('',#12375,#9894,#9895);
#8109=AXIS2_PLACEMENT_3D('',#12376,#9896,#9897);
#8110=AXIS2_PLACEMENT_3D('',#12382,#9901,#9902);
#8111=AXIS2_PLACEMENT_3D('',#12388,#9906,#9907);
#8112=AXIS2_PLACEMENT_3D('',#12392,#9910,#9911);
#8113=AXIS2_PLACEMENT_3D('',#12396,#9914,#9915);
#8114=AXIS2_PLACEMENT_3D('',#12400,#9918,#9919);
#8115=AXIS2_PLACEMENT_3D('',#12402,#9921,#9922);
#8116=AXIS2_PLACEMENT_3D('',#12406,#9925,#9926);
#8117=AXIS2_PLACEMENT_3D('',#12408,#9928,#9929);
#8118=AXIS2_PLACEMENT_3D('',#12417,#9934,#9935);
#8119=AXIS2_PLACEMENT_3D('',#12423,#9939,#9940);
#8120=AXIS2_PLACEMENT_3D('',#12429,#9944,#9945);
#8121=AXIS2_PLACEMENT_3D('',#12432,#9948,#9949);
#8122=AXIS2_PLACEMENT_3D('',#12433,#9950,#9951);
#8123=AXIS2_PLACEMENT_3D('',#12434,#9952,#9953);
#8124=AXIS2_PLACEMENT_3D('',#12435,#9954,#9955);
#8125=AXIS2_PLACEMENT_3D('',#12436,#9956,#9957);
#8126=AXIS2_PLACEMENT_3D('',#12437,#9958,#9959);
#8127=AXIS2_PLACEMENT_3D('',#12442,#9961,#9962);
#8128=AXIS2_PLACEMENT_3D('',#12446,#9964,#9965);
#8129=AXIS2_PLACEMENT_3D('',#12459,#9972,#9973);
#8130=AXIS2_PLACEMENT_3D('',#12461,#9974,#9975);
#8131=AXIS2_PLACEMENT_3D('',#12462,#9976,#9977);
#8132=AXIS2_PLACEMENT_3D('',#12467,#9979,#9980);
#8133=AXIS2_PLACEMENT_3D('',#12482,#9988,#9989);
#8134=AXIS2_PLACEMENT_3D('',#12484,#9990,#9991);
#8135=AXIS2_PLACEMENT_3D('',#12486,#9992,#9993);
#8136=AXIS2_PLACEMENT_3D('',#12487,#9994,#9995);
#8137=AXIS2_PLACEMENT_3D('',#12488,#9996,#9997);
#8138=AXIS2_PLACEMENT_3D('',#12489,#9998,#9999);
#8139=AXIS2_PLACEMENT_3D('',#12490,#10000,#10001);
#8140=AXIS2_PLACEMENT_3D('',#12493,#10004,#10005);
#8141=AXIS2_PLACEMENT_3D('',#12495,#10007,#10008);
#8142=AXIS2_PLACEMENT_3D('',#12497,#10010,#10011);
#8143=AXIS2_PLACEMENT_3D('',#12498,#10012,#10013);
#8144=AXIS2_PLACEMENT_3D('',#12499,#10014,#10015);
#8145=AXIS2_PLACEMENT_3D('',#12500,#10016,#10017);
#8146=AXIS2_PLACEMENT_3D('',#12503,#10018,#10019);
#8147=AXIS2_PLACEMENT_3D('',#12507,#10021,#10022);
#8148=AXIS2_PLACEMENT_3D('',#12508,#10023,#10024);
#8149=AXIS2_PLACEMENT_3D('',#12509,#10025,#10026);
#8150=AXIS2_PLACEMENT_3D('',#12510,#10027,#10028);
#8151=AXIS2_PLACEMENT_3D('',#12513,#10029,#10030);
#8152=AXIS2_PLACEMENT_3D('',#12517,#10032,#10033);
#8153=AXIS2_PLACEMENT_3D('',#12518,#10034,#10035);
#8154=AXIS2_PLACEMENT_3D('',#12519,#10036,#10037);
#8155=AXIS2_PLACEMENT_3D('',#12520,#10038,#10039);
#8156=AXIS2_PLACEMENT_3D('',#12522,#10041,#10042);
#8157=AXIS2_PLACEMENT_3D('',#12524,#10044,#10045);
#8158=AXIS2_PLACEMENT_3D('',#12526,#10047,#10048);
#8159=AXIS2_PLACEMENT_3D('',#12528,#10050,#10051);
#8160=AXIS2_PLACEMENT_3D('',#12530,#10052,#10053);
#8161=AXIS2_PLACEMENT_3D('',#12533,#10055,#10056);
#8162=AXIS2_PLACEMENT_3D('',#12534,#10057,#10058);
#8163=AXIS2_PLACEMENT_3D('',#12536,#10059,#10060);
#8164=AXIS2_PLACEMENT_3D('',#12539,#10062,#10063);
#8165=AXIS2_PLACEMENT_3D('',#12540,#10064,#10065);
#8166=AXIS2_PLACEMENT_3D('',#12542,#10067,#10068);
#8167=AXIS2_PLACEMENT_3D('',#12544,#10070,#10071);
#8168=AXIS2_PLACEMENT_3D('',#12545,#10072,#10073);
#8169=AXIS2_PLACEMENT_3D('',#12546,#10074,#10075);
#8170=AXIS2_PLACEMENT_3D('',#12547,#10076,#10077);
#8171=AXIS2_PLACEMENT_3D('',#12548,#10078,#10079);
#8172=AXIS2_PLACEMENT_3D('',#12551,#10080,#10081);
#8173=AXIS2_PLACEMENT_3D('',#12555,#10083,#10084);
#8174=AXIS2_PLACEMENT_3D('',#12557,#10086,#10087);
#8175=AXIS2_PLACEMENT_3D('',#12564,#10091,#10092);
#8176=AXIS2_PLACEMENT_3D('',#12566,#10093,#10094);
#8177=AXIS2_PLACEMENT_3D('',#12567,#10095,#10096);
#8178=AXIS2_PLACEMENT_3D('',#12572,#10099,#10100);
#8179=AXIS2_PLACEMENT_3D('',#12573,#10101,#10102);
#8180=AXIS2_PLACEMENT_3D('',#12578,#10104,#10105);
#8181=AXIS2_PLACEMENT_3D('',#12588,#10111,#10112);
#8182=AXIS2_PLACEMENT_3D('',#12590,#10113,#10114);
#8183=AXIS2_PLACEMENT_3D('',#12592,#10115,#10116);
#8184=AXIS2_PLACEMENT_3D('',#12593,#10117,#10118);
#8185=AXIS2_PLACEMENT_3D('',#12597,#10120,#10121);
#8186=AXIS2_PLACEMENT_3D('',#12601,#10123,#10124);
#8187=AXIS2_PLACEMENT_3D('',#12608,#10128,#10129);
#8188=AXIS2_PLACEMENT_3D('',#12610,#10130,#10131);
#8189=AXIS2_PLACEMENT_3D('',#12611,#10132,#10133);
#8190=AXIS2_PLACEMENT_3D('',#12614,#10134,#10135);
#8191=AXIS2_PLACEMENT_3D('',#12615,#10136,#10137);
#8192=AXIS2_PLACEMENT_3D('',#12617,#10139,#10140);
#8193=AXIS2_PLACEMENT_3D('',#12620,#10141,#10142);
#8194=AXIS2_PLACEMENT_3D('',#12621,#10143,#10144);
#8195=AXIS2_PLACEMENT_3D('',#12623,#10146,#10147);
#8196=AXIS2_PLACEMENT_3D('',#12626,#10148,#10149);
#8197=AXIS2_PLACEMENT_3D('',#12627,#10150,#10151);
#8198=AXIS2_PLACEMENT_3D('',#12629,#10153,#10154);
#8199=AXIS2_PLACEMENT_3D('',#12632,#10155,#10156);
#8200=AXIS2_PLACEMENT_3D('',#12633,#10157,#10158);
#8201=AXIS2_PLACEMENT_3D('',#12635,#10160,#10161);
#8202=AXIS2_PLACEMENT_3D('',#12637,#10163,#10164);
#8203=AXIS2_PLACEMENT_3D('',#12639,#10166,#10167);
#8204=AXIS2_PLACEMENT_3D('',#12642,#10170,#10171);
#8205=AXIS2_PLACEMENT_3D('',#12646,#10174,#10175);
#8206=AXIS2_PLACEMENT_3D('',#12647,#10176,#10177);
#8207=AXIS2_PLACEMENT_3D('',#12650,#10180,#10181);
#8208=AXIS2_PLACEMENT_3D('',#12653,#10183,#10184);
#8209=AXIS2_PLACEMENT_3D('',#12654,#10185,#10186);
#8210=AXIS2_PLACEMENT_3D('',#12657,#10188,#10189);
#8211=AXIS2_PLACEMENT_3D('',#12658,#10190,#10191);
#8212=AXIS2_PLACEMENT_3D('',#12661,#10193,#10194);
#8213=AXIS2_PLACEMENT_3D('',#12662,#10195,#10196);
#8214=AXIS2_PLACEMENT_3D('',#12664,#10198,#10199);
#8215=AXIS2_PLACEMENT_3D('',#12665,#10200,#10201);
#8216=AXIS2_PLACEMENT_3D('',#12666,#10202,#10203);
#8217=AXIS2_PLACEMENT_3D('',#12667,#10204,#10205);
#8218=AXIS2_PLACEMENT_3D('',#12668,#10206,#10207);
#8219=AXIS2_PLACEMENT_3D('',#12669,#10208,#10209);
#8220=AXIS2_PLACEMENT_3D('',#12670,#10210,#10211);
#8221=AXIS2_PLACEMENT_3D('',#12671,#10212,#10213);
#8222=AXIS2_PLACEMENT_3D('',#12672,#10214,#10215);
#8223=AXIS2_PLACEMENT_3D('',#12673,#10216,#10217);
#8224=AXIS2_PLACEMENT_3D('',#12674,#10218,#10219);
#8225=AXIS2_PLACEMENT_3D('',#12675,#10220,#10221);
#8226=AXIS2_PLACEMENT_3D('',#12676,#10222,#10223);
#8227=AXIS2_PLACEMENT_3D('',#12677,#10224,#10225);
#8228=AXIS2_PLACEMENT_3D('',#12678,#10226,#10227);
#8229=AXIS2_PLACEMENT_3D('',#12679,#10228,#10229);
#8230=AXIS2_PLACEMENT_3D('',#12680,#10230,#10231);
#8231=AXIS2_PLACEMENT_3D('',#12681,#10232,#10233);
#8232=AXIS2_PLACEMENT_3D('',#12682,#10234,#10235);
#8233=AXIS2_PLACEMENT_3D('',#12683,#10236,#10237);
#8234=DIRECTION('axis',(0.,0.,1.));
#8235=DIRECTION('refdir',(1.,0.,0.));
#8236=DIRECTION('axis',(0.,0.,1.));
#8237=DIRECTION('refdir',(1.,0.,0.));
#8238=DIRECTION('center_axis',(-1.,0.,0.));
#8239=DIRECTION('ref_axis',(0.,0.,-1.));
#8240=DIRECTION('',(0.,0.,-1.));
#8241=DIRECTION('',(0.,1.,0.));
#8242=DIRECTION('',(0.,0.,-1.));
#8243=DIRECTION('',(0.,-1.,0.));
#8244=DIRECTION('center_axis',(1.,0.,0.));
#8245=DIRECTION('ref_axis',(0.,0.,1.));
#8246=DIRECTION('',(0.,0.,1.));
#8247=DIRECTION('',(0.,1.,0.));
#8248=DIRECTION('',(0.,0.,1.));
#8249=DIRECTION('',(0.,-1.,0.));
#8250=DIRECTION('center_axis',(0.,-1.,0.));
#8251=DIRECTION('ref_axis',(0.,0.,-1.));
#8252=DIRECTION('',(1.,0.,0.));
#8253=DIRECTION('',(-1.,0.,0.));
#8254=DIRECTION('center_axis',(0.,0.,1.));
#8255=DIRECTION('ref_axis',(1.,0.,0.));
#8256=DIRECTION('',(-1.,0.,0.));
#8257=DIRECTION('',(0.,-1.,0.));
#8258=DIRECTION('center_axis',(0.,0.,-1.));
#8259=DIRECTION('ref_axis',(-0.707106781186547,-0.707106781186547,0.));
#8260=DIRECTION('',(1.,0.,0.));
#8261=DIRECTION('',(0.,1.,0.));
#8262=DIRECTION('',(-1.,0.,0.));
#8263=DIRECTION('center_axis',(0.,1.,0.));
#8264=DIRECTION('ref_axis',(-1.,0.,0.));
#8265=DIRECTION('',(-1.,0.,0.));
#8266=DIRECTION('',(0.,0.,1.));
#8267=DIRECTION('center_axis',(0.,0.707106781186547,0.707106781186548));
#8268=DIRECTION('ref_axis',(1.,0.,0.));
#8269=DIRECTION('',(0.,-0.707106781186548,0.707106781186547));
#8270=DIRECTION('',(-1.,0.,0.));
#8271=DIRECTION('',(0.,0.707106781186548,-0.707106781186547));
#8272=DIRECTION('',(-1.,0.,0.));
#8273=DIRECTION('center_axis',(0.,1.,0.));
#8274=DIRECTION('ref_axis',(-1.,0.,0.));
#8275=DIRECTION('',(0.,0.,1.));
#8276=DIRECTION('',(-1.,0.,0.));
#8277=DIRECTION('',(0.,0.,1.));
#8278=DIRECTION('',(1.,0.,0.));
#8279=DIRECTION('',(0.,0.,1.));
#8280=DIRECTION('',(-1.,0.,0.));
#8281=DIRECTION('',(0.,0.,1.));
#8282=DIRECTION('center_axis',(1.,0.,0.));
#8283=DIRECTION('ref_axis',(0.,0.,-1.));
#8284=DIRECTION('',(0.,0.,-1.));
#8285=DIRECTION('',(0.,1.,0.));
#8286=DIRECTION('center_axis',(0.,0.,1.));
#8287=DIRECTION('ref_axis',(1.,0.,0.));
#8288=DIRECTION('',(1.,0.,0.));
#8289=DIRECTION('',(0.,1.,0.));
#8290=DIRECTION('center_axis',(0.,-1.,0.));
#8291=DIRECTION('ref_axis',(1.,0.,0.));
#8292=DIRECTION('',(0.,0.,1.));
#8293=DIRECTION('',(1.,0.,0.));
#8294=DIRECTION('',(0.,0.,1.));
#8295=DIRECTION('',(-1.,0.,0.));
#8296=DIRECTION('center_axis',(0.,0.,-1.));
#8297=DIRECTION('ref_axis',(-1.,0.,0.));
#8298=DIRECTION('',(0.,-1.,0.));
#8299=DIRECTION('',(0.,1.,0.));
#8300=DIRECTION('center_axis',(1.,0.,0.));
#8301=DIRECTION('ref_axis',(0.,1.,0.));
#8302=DIRECTION('',(0.,0.,1.));
#8303=DIRECTION('',(0.,1.,0.));
#8304=DIRECTION('center_axis',(0.,0.,1.));
#8305=DIRECTION('ref_axis',(-0.707106781186547,-0.707106781186547,0.));
#8306=DIRECTION('',(0.,0.,-1.));
#8307=DIRECTION('center_axis',(0.,0.,1.));
#8308=DIRECTION('ref_axis',(-0.707106781186547,-0.707106781186547,0.));
#8309=DIRECTION('',(0.,0.,1.));
#8310=DIRECTION('center_axis',(0.,0.,1.));
#8311=DIRECTION('ref_axis',(1.,0.,0.));
#8312=DIRECTION('',(-1.,0.,0.));
#8313=DIRECTION('',(0.,1.,0.));
#8314=DIRECTION('',(1.,0.,0.));
#8315=DIRECTION('',(0.,-1.,0.));
#8316=DIRECTION('',(0.,-1.,0.));
#8317=DIRECTION('center_axis',(-1.,0.,0.));
#8318=DIRECTION('ref_axis',(0.,-1.,0.));
#8319=DIRECTION('center_axis',(-1.,0.,0.));
#8320=DIRECTION('ref_axis',(0.,-1.,0.));
#8321=DIRECTION('center_axis',(0.,1.,0.));
#8322=DIRECTION('ref_axis',(-1.,0.,0.));
#8323=DIRECTION('',(0.,0.,1.));
#8324=DIRECTION('center_axis',(1.,0.,0.));
#8325=DIRECTION('ref_axis',(0.,1.,0.));
#8326=DIRECTION('',(0.,0.,1.));
#8327=DIRECTION('center_axis',(0.,-1.,0.));
#8328=DIRECTION('ref_axis',(1.,0.,0.));
#8329=DIRECTION('axis',(0.,0.,1.));
#8330=DIRECTION('refdir',(1.,0.,0.));
#8331=DIRECTION('center_axis',(0.,-1.,0.));
#8332=DIRECTION('ref_axis',(0.,0.,1.));
#8333=DIRECTION('',(0.,0.,1.));
#8334=DIRECTION('',(1.,0.,0.));
#8335=DIRECTION('',(0.,0.,1.));
#8336=DIRECTION('',(-1.,0.,0.));
#8337=DIRECTION('center_axis',(0.,1.,0.));
#8338=DIRECTION('ref_axis',(0.,0.,-1.));
#8339=DIRECTION('',(0.,0.,-1.));
#8340=DIRECTION('',(1.,0.,0.));
#8341=DIRECTION('',(0.,0.,-1.));
#8342=DIRECTION('',(-1.,0.,0.));
#8343=DIRECTION('center_axis',(-1.,0.,0.));
#8344=DIRECTION('ref_axis',(0.,0.,1.));
#8345=DIRECTION('',(0.,1.,0.));
#8346=DIRECTION('',(0.,-1.,0.));
#8347=DIRECTION('center_axis',(1.,0.,0.));
#8348=DIRECTION('ref_axis',(0.,1.,0.));
#8349=DIRECTION('',(0.,1.,0.));
#8350=DIRECTION('',(0.,0.,1.));
#8351=DIRECTION('',(0.,1.,0.));
#8352=DIRECTION('center_axis',(1.,0.,0.));
#8353=DIRECTION('ref_axis',(0.,1.,0.));
#8354=DIRECTION('',(0.,1.,0.));
#8355=DIRECTION('',(0.,0.,1.));
#8356=DIRECTION('',(0.,1.,0.));
#8357=DIRECTION('',(0.,0.,-1.));
#8358=DIRECTION('',(0.,-1.,0.));
#8359=DIRECTION('',(0.,0.,1.));
#8360=DIRECTION('',(0.,1.,0.));
#8361=DIRECTION('center_axis',(0.,0.,1.));
#8362=DIRECTION('ref_axis',(1.,0.,0.));
#8363=DIRECTION('',(1.,0.,0.));
#8364=DIRECTION('center_axis',(0.,0.,1.));
#8365=DIRECTION('ref_axis',(-0.707106781186547,-0.707106781186547,0.));
#8366=DIRECTION('',(0.,-1.,0.));
#8367=DIRECTION('',(-1.,0.,0.));
#8368=DIRECTION('',(-1.,0.,0.));
#8369=DIRECTION('',(0.,-1.,0.));
#8370=DIRECTION('',(1.,0.,0.));
#8371=DIRECTION('',(0.,1.,0.));
#8372=DIRECTION('center_axis',(0.,0.,-1.));
#8373=DIRECTION('ref_axis',(0.,-1.,0.));
#8374=DIRECTION('',(0.,1.,0.));
#8375=DIRECTION('',(-1.,0.,0.));
#8376=DIRECTION('',(-1.,0.,0.));
#8377=DIRECTION('center_axis',(0.,0.,1.));
#8378=DIRECTION('ref_axis',(0.,1.,0.));
#8379=DIRECTION('',(0.,-1.,0.));
#8380=DIRECTION('',(-1.,0.,0.));
#8381=DIRECTION('',(-1.,0.,0.));
#8382=DIRECTION('center_axis',(0.,1.,0.));
#8383=DIRECTION('ref_axis',(-1.,0.,0.));
#8384=DIRECTION('',(0.,0.,1.));
#8385=DIRECTION('',(0.,0.,1.));
#8386=DIRECTION('',(-1.,0.,0.));
#8387=DIRECTION('',(0.,0.,1.));
#8388=DIRECTION('center_axis',(-1.,0.,0.));
#8389=DIRECTION('ref_axis',(0.,-1.,0.));
#8390=DIRECTION('',(0.,0.,1.));
#8391=DIRECTION('center_axis',(0.,0.,1.));
#8392=DIRECTION('ref_axis',(-0.707106781186547,-0.707106781186547,0.));
#8393=DIRECTION('center_axis',(0.,0.,-1.));
#8394=DIRECTION('ref_axis',(-0.707106781186547,-0.707106781186547,0.));
#8395=DIRECTION('',(0.,0.,-1.));
#8396=DIRECTION('',(0.,0.,1.));
#8397=DIRECTION('center_axis',(-1.,0.,0.));
#8398=DIRECTION('ref_axis',(0.,-1.,0.));
#8399=DIRECTION('',(0.,-1.,0.));
#8400=DIRECTION('',(0.,0.,1.));
#8401=DIRECTION('center_axis',(-1.,0.,0.));
#8402=DIRECTION('ref_axis',(0.,-1.,0.));
#8403=DIRECTION('',(0.,-1.,0.));
#8404=DIRECTION('',(0.,0.,1.));
#8405=DIRECTION('center_axis',(0.,-1.,0.));
#8406=DIRECTION('ref_axis',(1.,0.,0.));
#8407=DIRECTION('',(1.,0.,0.));
#8408=DIRECTION('',(0.,0.,1.));
#8409=DIRECTION('center_axis',(1.,0.,0.));
#8410=DIRECTION('ref_axis',(0.,1.,0.));
#8411=DIRECTION('',(0.,1.,0.));
#8412=DIRECTION('center_axis',(0.,1.,0.));
#8413=DIRECTION('ref_axis',(-1.,0.,0.));
#8414=DIRECTION('',(-1.,0.,0.));
#8415=DIRECTION('center_axis',(0.,-1.,0.));
#8416=DIRECTION('ref_axis',(1.,0.,0.));
#8417=DIRECTION('',(1.,0.,0.));
#8418=DIRECTION('center_axis',(0.,0.,1.));
#8419=DIRECTION('ref_axis',(1.,0.,0.));
#8420=DIRECTION('axis',(0.,0.,1.));
#8421=DIRECTION('refdir',(1.,0.,0.));
#8422=DIRECTION('center_axis',(-1.,0.,0.));
#8423=DIRECTION('ref_axis',(0.,0.,-1.));
#8424=DIRECTION('',(0.,0.,-1.));
#8425=DIRECTION('',(0.,1.,0.));
#8426=DIRECTION('',(0.,0.,-1.));
#8427=DIRECTION('',(0.,-1.,0.));
#8428=DIRECTION('center_axis',(1.,0.,0.));
#8429=DIRECTION('ref_axis',(0.,0.,1.));
#8430=DIRECTION('',(0.,0.,1.));
#8431=DIRECTION('',(0.,1.,0.));
#8432=DIRECTION('',(0.,0.,1.));
#8433=DIRECTION('',(0.,-1.,0.));
#8434=DIRECTION('center_axis',(0.,-1.,0.));
#8435=DIRECTION('ref_axis',(0.,0.,-1.));
#8436=DIRECTION('',(1.,0.,0.));
#8437=DIRECTION('',(-1.,0.,0.));
#8438=DIRECTION('center_axis',(0.999999999996056,0.,-2.80845822468417E-6));
#8439=DIRECTION('ref_axis',(2.80845822468417E-6,0.,0.999999999996056));
#8440=DIRECTION('',(2.80845822468417E-6,0.,0.999999999996056));
#8441=DIRECTION('',(0.,-1.,0.));
#8442=DIRECTION('',(2.80845822468417E-6,0.,0.999999999996056));
#8443=DIRECTION('',(0.,-1.,0.));
#8444=DIRECTION('center_axis',(-2.80845822467862E-6,0.,-0.999999999996056));
#8445=DIRECTION('ref_axis',(0.999999999996056,0.,-2.80845822467862E-6));
#8446=DIRECTION('',(0.999999999996056,0.,-2.80845822467862E-6));
#8447=DIRECTION('',(0.,-1.,0.));
#8448=DIRECTION('',(0.999999999996056,0.,-2.80845822467862E-6));
#8449=DIRECTION('center_axis',(-0.999999999996056,0.,2.80845822468417E-6));
#8450=DIRECTION('ref_axis',(-2.80845822468417E-6,0.,-0.999999999996056));
#8451=DIRECTION('',(-2.80845822468417E-6,0.,-0.999999999996056));
#8452=DIRECTION('',(0.,1.,0.));
#8453=DIRECTION('',(-2.80845822468417E-6,0.,-0.999999999996056));
#8454=DIRECTION('center_axis',(0.,-1.,0.));
#8455=DIRECTION('ref_axis',(0.,0.,-1.));
#8456=DIRECTION('',(-1.,0.,0.));
#8457=DIRECTION('center_axis',(0.,0.,1.));
#8458=DIRECTION('ref_axis',(1.,0.,0.));
#8459=DIRECTION('',(-1.,0.,0.));
#8460=DIRECTION('',(0.,-1.,0.));
#8461=DIRECTION('',(1.,0.,0.));
#8462=DIRECTION('center_axis',(0.,0.,-1.));
#8463=DIRECTION('ref_axis',(0.707106781186544,-0.707106781186551,0.));
#8464=DIRECTION('',(0.,1.,0.));
#8465=DIRECTION('',(-1.,0.,0.));
#8466=DIRECTION('center_axis',(0.,1.,0.));
#8467=DIRECTION('ref_axis',(-1.,0.,0.));
#8468=DIRECTION('',(-1.,0.,0.));
#8469=DIRECTION('',(0.,0.,1.));
#8470=DIRECTION('',(-1.,0.,0.));
#8471=DIRECTION('',(-1.,0.,0.));
#8472=DIRECTION('',(0.,0.,-1.));
#8473=DIRECTION('',(1.,0.,0.));
#8474=DIRECTION('',(0.,0.,1.));
#8475=DIRECTION('center_axis',(0.,0.,1.));
#8476=DIRECTION('ref_axis',(1.,0.,0.));
#8477=DIRECTION('',(0.,-1.,0.));
#8478=DIRECTION('center_axis',(0.,0.,-1.));
#8479=DIRECTION('ref_axis',(-0.707106781186547,-0.707106781186547,0.));
#8480=DIRECTION('',(1.,0.,0.));
#8481=DIRECTION('',(0.,-1.,0.));
#8482=DIRECTION('',(-1.,0.,0.));
#8483=DIRECTION('',(0.,1.,0.));
#8484=DIRECTION('',(1.,0.,0.));
#8485=DIRECTION('',(0.,1.,0.));
#8486=DIRECTION('center_axis',(-1.,0.,0.));
#8487=DIRECTION('ref_axis',(0.,1.,0.));
#8488=DIRECTION('',(0.,-1.,0.));
#8489=DIRECTION('',(0.,0.,-1.));
#8490=DIRECTION('',(0.,0.,1.));
#8491=DIRECTION('center_axis',(0.,1.,0.));
#8492=DIRECTION('ref_axis',(-1.,0.,0.));
#8493=DIRECTION('',(-1.,0.,0.));
#8494=DIRECTION('',(0.,0.,1.));
#8495=DIRECTION('center_axis',(0.,1.,0.));
#8496=DIRECTION('ref_axis',(-1.,0.,0.));
#8497=DIRECTION('',(0.,0.,1.));
#8498=DIRECTION('',(1.,0.,0.));
#8499=DIRECTION('',(0.,0.,1.));
#8500=DIRECTION('',(-1.,0.,0.));
#8501=DIRECTION('center_axis',(0.,-1.,0.));
#8502=DIRECTION('ref_axis',(1.,0.,0.));
#8503=DIRECTION('',(0.,0.,-1.));
#8504=DIRECTION('',(1.,0.,0.));
#8505=DIRECTION('',(0.,0.,1.));
#8506=DIRECTION('',(-1.,0.,0.));
#8507=DIRECTION('center_axis',(0.,-1.,0.));
#8508=DIRECTION('ref_axis',(1.,0.,0.));
#8509=DIRECTION('',(0.,0.,1.));
#8510=DIRECTION('',(1.,0.,0.));
#8511=DIRECTION('center_axis',(0.,0.,1.));
#8512=DIRECTION('ref_axis',(0.707106781186544,-0.707106781186551,0.));
#8513=DIRECTION('',(0.,0.,-1.));
#8514=DIRECTION('center_axis',(0.,0.,1.));
#8515=DIRECTION('ref_axis',(0.707106781186544,-0.707106781186551,0.));
#8516=DIRECTION('',(0.,0.,1.));
#8517=DIRECTION('center_axis',(0.,0.,1.));
#8518=DIRECTION('ref_axis',(1.,0.,0.));
#8519=DIRECTION('',(-1.,0.,0.));
#8520=DIRECTION('',(0.,1.,0.));
#8521=DIRECTION('',(1.,0.,0.));
#8522=DIRECTION('center_axis',(0.,0.,1.));
#8523=DIRECTION('ref_axis',(-0.707106781186547,-0.707106781186547,0.));
#8524=DIRECTION('',(0.,-1.,0.));
#8525=DIRECTION('',(0.,-1.,0.));
#8526=DIRECTION('',(0.,1.,0.));
#8527=DIRECTION('',(0.,1.,0.));
#8528=DIRECTION('center_axis',(0.,-1.,0.));
#8529=DIRECTION('ref_axis',(1.,0.,0.));
#8530=DIRECTION('',(0.,0.,-1.));
#8531=DIRECTION('',(-1.,0.,0.));
#8532=DIRECTION('',(0.,0.,1.));
#8533=DIRECTION('',(0.,0.,1.));
#8534=DIRECTION('center_axis',(0.,0.,1.));
#8535=DIRECTION('ref_axis',(-0.707106781186547,-0.707106781186547,0.));
#8536=DIRECTION('',(0.,0.,-1.));
#8537=DIRECTION('center_axis',(-1.,0.,0.));
#8538=DIRECTION('ref_axis',(0.,0.,-1.));
#8539=DIRECTION('',(0.,-1.,0.));
#8540=DIRECTION('',(0.,-1.,0.));
#8541=DIRECTION('center_axis',(-1.,0.,0.));
#8542=DIRECTION('ref_axis',(0.,-1.,0.));
#8543=DIRECTION('',(0.,1.,0.));
#8544=DIRECTION('center_axis',(-1.,0.,0.));
#8545=DIRECTION('ref_axis',(0.,-1.,0.));
#8546=DIRECTION('center_axis',(1.,0.,0.));
#8547=DIRECTION('ref_axis',(0.,1.,0.));
#8548=DIRECTION('',(0.,0.,1.));
#8549=DIRECTION('center_axis',(0.,1.,0.));
#8550=DIRECTION('ref_axis',(-1.,0.,0.));
#8551=DIRECTION('center_axis',(1.,0.,0.));
#8552=DIRECTION('ref_axis',(0.,1.,0.));
#8553=DIRECTION('center_axis',(0.,0.,1.));
#8554=DIRECTION('ref_axis',(1.,0.,0.));
#8555=DIRECTION('',(0.,-1.,0.));
#8556=DIRECTION('',(0.,-1.,0.));
#8557=DIRECTION('',(0.,-1.,0.));
#8558=DIRECTION('center_axis',(-1.,0.,0.));
#8559=DIRECTION('ref_axis',(0.,-1.,0.));
#8560=DIRECTION('axis',(0.,0.,1.));
#8561=DIRECTION('refdir',(1.,0.,0.));
#8562=DIRECTION('center_axis',(0.,0.,1.));
#8563=DIRECTION('ref_axis',(1.,0.,0.));
#8564=DIRECTION('center_axis',(0.,0.,1.));
#8565=DIRECTION('ref_axis',(-0.707106781186548,-0.707106781186547,0.));
#8566=DIRECTION('',(1.,0.,0.));
#8567=DIRECTION('center_axis',(0.,0.,1.));
#8568=DIRECTION('ref_axis',(0.707106781186544,-0.707106781186551,0.));
#8569=DIRECTION('',(0.,1.,0.));
#8570=DIRECTION('center_axis',(0.,0.,1.));
#8571=DIRECTION('ref_axis',(0.707106781186548,0.707106781186548,0.));
#8572=DIRECTION('',(-1.,0.,0.));
#8573=DIRECTION('center_axis',(0.,0.,-1.));
#8574=DIRECTION('ref_axis',(-1.,0.,0.));
#8575=DIRECTION('',(0.,-1.,0.));
#8576=DIRECTION('',(1.,0.,0.));
#8577=DIRECTION('',(0.,-1.,0.));
#8578=DIRECTION('',(-1.,0.,0.));
#8579=DIRECTION('',(0.,1.,0.));
#8580=DIRECTION('',(0.,-1.,0.));
#8581=DIRECTION('',(-1.,-8.74191357972565E-17,0.));
#8582=DIRECTION('',(0.,1.,0.));
#8583=DIRECTION('',(1.,0.,0.));
#8584=DIRECTION('',(-1.,0.,0.));
#8585=DIRECTION('',(0.,1.,0.));
#8586=DIRECTION('',(1.,0.,0.));
#8587=DIRECTION('',(0.,-1.,0.));
#8588=DIRECTION('center_axis',(-1.,0.,0.));
#8589=DIRECTION('ref_axis',(0.,-1.,0.));
#8590=DIRECTION('',(0.,0.,1.));
#8591=DIRECTION('',(0.,-1.,0.));
#8592=DIRECTION('',(0.,0.,-1.));
#8593=DIRECTION('center_axis',(0.,1.,0.));
#8594=DIRECTION('ref_axis',(-1.,0.,0.));
#8595=DIRECTION('',(0.,0.,1.));
#8596=DIRECTION('',(-1.,0.,0.));
#8597=DIRECTION('',(0.,0.,-1.));
#8598=DIRECTION('center_axis',(0.,1.,0.));
#8599=DIRECTION('ref_axis',(-1.,0.,0.));
#8600=DIRECTION('',(-1.,0.,0.));
#8601=DIRECTION('',(0.,0.,1.));
#8602=DIRECTION('',(0.,0.,1.));
#8603=DIRECTION('center_axis',(1.,0.,0.));
#8604=DIRECTION('ref_axis',(0.,1.,0.));
#8605=DIRECTION('',(0.,1.,0.));
#8606=DIRECTION('',(0.,0.,1.));
#8607=DIRECTION('center_axis',(0.,-1.,0.));
#8608=DIRECTION('ref_axis',(1.,0.,0.));
#8609=DIRECTION('',(1.,0.,0.));
#8610=DIRECTION('',(0.,0.,1.));
#8611=DIRECTION('center_axis',(-1.,0.,0.));
#8612=DIRECTION('ref_axis',(0.,-1.,0.));
#8613=DIRECTION('',(0.,-1.,0.));
#8614=DIRECTION('center_axis',(1.,0.,0.));
#8615=DIRECTION('ref_axis',(0.,1.,0.));
#8616=DIRECTION('',(0.,1.,0.));
#8617=DIRECTION('',(0.,0.,1.));
#8618=DIRECTION('',(0.,0.,1.));
#8619=DIRECTION('center_axis',(0.,-1.,0.));
#8620=DIRECTION('ref_axis',(1.,0.,0.));
#8621=DIRECTION('',(1.,0.,0.));
#8622=DIRECTION('',(0.,0.,1.));
#8623=DIRECTION('center_axis',(0.,1.,0.));
#8624=DIRECTION('ref_axis',(-1.,0.,0.));
#8625=DIRECTION('',(-1.,0.,0.));
#8626=DIRECTION('',(0.,0.,1.));
#8627=DIRECTION('',(0.,0.,1.));
#8628=DIRECTION('center_axis',(1.,0.,0.));
#8629=DIRECTION('ref_axis',(0.,1.,0.));
#8630=DIRECTION('',(0.,1.,0.));
#8631=DIRECTION('',(0.,0.,1.));
#8632=DIRECTION('center_axis',(0.,-1.,0.));
#8633=DIRECTION('ref_axis',(1.,0.,0.));
#8634=DIRECTION('',(1.,0.,0.));
#8635=DIRECTION('',(0.,0.,1.));
#8636=DIRECTION('center_axis',(-1.,0.,0.));
#8637=DIRECTION('ref_axis',(0.,-1.,0.));
#8638=DIRECTION('',(0.,-1.,0.));
#8639=DIRECTION('center_axis',(0.,0.,1.));
#8640=DIRECTION('ref_axis',(1.,0.,0.));
#8641=DIRECTION('center_axis',(0.,0.,1.));
#8642=DIRECTION('ref_axis',(0.707106781186548,0.707106781186548,0.));
#8643=DIRECTION('',(0.,1.,0.));
#8644=DIRECTION('center_axis',(0.,0.,1.));
#8645=DIRECTION('ref_axis',(0.707106781186544,-0.707106781186551,0.));
#8646=DIRECTION('',(1.,0.,0.));
#8647=DIRECTION('center_axis',(0.,0.,1.));
#8648=DIRECTION('ref_axis',(-0.707106781186548,-0.707106781186547,0.));
#8649=DIRECTION('center_axis',(0.,0.,1.));
#8650=DIRECTION('ref_axis',(-0.70710678118655,0.707106781186545,0.));
#8651=DIRECTION('',(-1.,-8.74191357972565E-17,0.));
#8652=DIRECTION('',(0.,-1.,0.));
#8653=DIRECTION('center_axis',(0.,0.,1.));
#8654=DIRECTION('ref_axis',(-0.70710678118655,0.707106781186545,0.));
#8655=DIRECTION('center_axis',(-1.,0.,0.));
#8656=DIRECTION('ref_axis',(0.,-1.,0.));
#8657=DIRECTION('',(0.,0.,1.));
#8658=DIRECTION('center_axis',(-8.74191357972565E-17,1.,0.));
#8659=DIRECTION('ref_axis',(-1.,-8.74191357972565E-17,0.));
#8660=DIRECTION('center_axis',(0.,0.,1.));
#8661=DIRECTION('ref_axis',(-0.707106781186548,-0.707106781186547,0.));
#8662=DIRECTION('',(0.,0.,1.));
#8663=DIRECTION('center_axis',(0.,-1.,0.));
#8664=DIRECTION('ref_axis',(1.,0.,0.));
#8665=DIRECTION('',(0.,0.,-1.));
#8666=DIRECTION('center_axis',(0.,0.,1.));
#8667=DIRECTION('ref_axis',(0.707106781186544,-0.707106781186551,0.));
#8668=DIRECTION('',(0.,0.,1.));
#8669=DIRECTION('center_axis',(1.,0.,0.));
#8670=DIRECTION('ref_axis',(0.,1.,0.));
#8671=DIRECTION('',(0.,0.,-1.));
#8672=DIRECTION('center_axis',(0.,0.,1.));
#8673=DIRECTION('ref_axis',(0.707106781186548,0.707106781186548,0.));
#8674=DIRECTION('axis',(0.,0.,1.));
#8675=DIRECTION('refdir',(1.,0.,0.));
#8676=DIRECTION('center_axis',(0.,0.,-1.));
#8677=DIRECTION('ref_axis',(1.,0.,0.));
#8678=DIRECTION('center_axis',(0.,0.,-1.));
#8679=DIRECTION('ref_axis',(1.,0.,0.));
#8680=DIRECTION('',(0.,0.,-1.));
#8681=DIRECTION('center_axis',(0.,0.,1.));
#8682=DIRECTION('ref_axis',(1.,0.,0.));
#8683=DIRECTION('center_axis',(1.,0.,0.));
#8684=DIRECTION('ref_axis',(0.,1.,0.));
#8685=DIRECTION('',(0.,-1.,0.));
#8686=DIRECTION('',(0.,0.,-1.));
#8687=DIRECTION('',(0.,1.,0.));
#8688=DIRECTION('',(0.,0.,1.));
#8689=DIRECTION('center_axis',(0.,1.,0.));
#8690=DIRECTION('ref_axis',(-1.,0.,0.));
#8691=DIRECTION('',(-1.,0.,0.));
#8692=DIRECTION('',(0.,0.,-1.));
#8693=DIRECTION('',(-1.,0.,0.));
#8694=DIRECTION('center_axis',(-1.,0.,0.));
#8695=DIRECTION('ref_axis',(0.,-1.,0.));
#8696=DIRECTION('',(0.,1.,0.));
#8697=DIRECTION('',(0.,-1.,0.));
#8698=DIRECTION('',(0.,0.,1.));
#8699=DIRECTION('center_axis',(0.,0.,1.));
#8700=DIRECTION('ref_axis',(1.,0.,0.));
#8701=DIRECTION('',(1.,0.,0.));
#8702=DIRECTION('center_axis',(0.,-1.,0.));
#8703=DIRECTION('ref_axis',(1.,0.,0.));
#8704=DIRECTION('',(1.,0.,0.));
#8705=DIRECTION('center_axis',(1.,0.,0.));
#8706=DIRECTION('ref_axis',(0.,1.,0.));
#8707=DIRECTION('',(0.,-1.,0.));
#8708=DIRECTION('',(0.,0.,1.));
#8709=DIRECTION('',(0.,1.,0.));
#8710=DIRECTION('',(0.,0.,1.));
#8711=DIRECTION('center_axis',(0.,-1.,0.));
#8712=DIRECTION('ref_axis',(1.,0.,0.));
#8713=DIRECTION('',(-1.,0.,0.));
#8714=DIRECTION('',(1.,0.,0.));
#8715=DIRECTION('',(0.,0.,1.));
#8716=DIRECTION('center_axis',(-1.,0.,0.));
#8717=DIRECTION('ref_axis',(0.,-1.,0.));
#8718=DIRECTION('',(0.,1.,0.));
#8719=DIRECTION('',(0.,-1.,0.));
#8720=DIRECTION('',(0.,0.,1.));
#8721=DIRECTION('center_axis',(0.,1.,0.));
#8722=DIRECTION('ref_axis',(-1.,0.,0.));
#8723=DIRECTION('',(1.,0.,0.));
#8724=DIRECTION('',(-1.,0.,0.));
#8725=DIRECTION('center_axis',(0.,0.,1.));
#8726=DIRECTION('ref_axis',(1.,0.,0.));
#8727=DIRECTION('center_axis',(0.,0.,1.));
#8728=DIRECTION('ref_axis',(1.,0.,0.));
#8729=DIRECTION('center_axis',(1.,0.,0.));
#8730=DIRECTION('ref_axis',(0.,1.,0.));
#8731=DIRECTION('',(0.,1.,0.));
#8732=DIRECTION('',(0.,0.,1.));
#8733=DIRECTION('',(0.,1.,0.));
#8734=DIRECTION('',(0.,0.,1.));
#8735=DIRECTION('center_axis',(0.,1.,0.));
#8736=DIRECTION('ref_axis',(-1.,0.,0.));
#8737=DIRECTION('',(-1.,0.,0.));
#8738=DIRECTION('',(-1.,0.,0.));
#8739=DIRECTION('',(0.,0.,1.));
#8740=DIRECTION('center_axis',(-1.,0.,0.));
#8741=DIRECTION('ref_axis',(0.,-1.,0.));
#8742=DIRECTION('',(0.,-1.,0.));
#8743=DIRECTION('',(0.,-1.,0.));
#8744=DIRECTION('',(0.,0.,1.));
#8745=DIRECTION('center_axis',(0.,-1.,0.));
#8746=DIRECTION('ref_axis',(1.,0.,0.));
#8747=DIRECTION('',(1.,0.,0.));
#8748=DIRECTION('',(1.,0.,0.));
#8749=DIRECTION('center_axis',(0.,1.,0.));
#8750=DIRECTION('ref_axis',(-1.,0.,0.));
#8751=DIRECTION('',(1.,0.,0.));
#8752=DIRECTION('',(0.,0.,1.));
#8753=DIRECTION('',(-1.,0.,0.));
#8754=DIRECTION('',(0.,0.,1.));
#8755=DIRECTION('center_axis',(1.,0.,0.));
#8756=DIRECTION('ref_axis',(0.,1.,0.));
#8757=DIRECTION('',(0.,-1.,0.));
#8758=DIRECTION('',(0.,1.,0.));
#8759=DIRECTION('',(0.,0.,1.));
#8760=DIRECTION('center_axis',(0.,1.,0.));
#8761=DIRECTION('ref_axis',(-1.,0.,0.));
#8762=DIRECTION('',(1.,0.,0.));
#8763=DIRECTION('',(-1.,0.,0.));
#8764=DIRECTION('',(0.,0.,1.));
#8765=DIRECTION('center_axis',(1.,0.,0.));
#8766=DIRECTION('ref_axis',(0.,1.,0.));
#8767=DIRECTION('',(0.,-1.,0.));
#8768=DIRECTION('',(0.,1.,0.));
#8769=DIRECTION('',(0.,0.,1.));
#8770=DIRECTION('center_axis',(0.,-1.,0.));
#8771=DIRECTION('ref_axis',(1.,0.,0.));
#8772=DIRECTION('',(-1.,0.,0.));
#8773=DIRECTION('',(1.,0.,0.));
#8774=DIRECTION('',(0.,0.,1.));
#8775=DIRECTION('center_axis',(1.,0.,0.));
#8776=DIRECTION('ref_axis',(0.,1.,0.));
#8777=DIRECTION('',(0.,1.,0.));
#8778=DIRECTION('',(0.,1.,0.));
#8779=DIRECTION('',(0.,0.,1.));
#8780=DIRECTION('center_axis',(0.,-1.,0.));
#8781=DIRECTION('ref_axis',(1.,0.,0.));
#8782=DIRECTION('',(1.,0.,0.));
#8783=DIRECTION('',(1.,0.,0.));
#8784=DIRECTION('',(0.,0.,1.));
#8785=DIRECTION('center_axis',(-1.,0.,0.));
#8786=DIRECTION('ref_axis',(0.,-1.,0.));
#8787=DIRECTION('',(0.,1.,0.));
#8788=DIRECTION('',(0.,-1.,0.));
#8789=DIRECTION('',(0.,-1.,0.));
#8790=DIRECTION('',(0.,-1.,0.));
#8791=DIRECTION('center_axis',(0.,0.,1.));
#8792=DIRECTION('ref_axis',(1.,0.,0.));
#8793=DIRECTION('center_axis',(0.,0.,1.));
#8794=DIRECTION('ref_axis',(-1.,0.,0.));
#8795=DIRECTION('axis',(0.,0.,1.));
#8796=DIRECTION('refdir',(1.,0.,0.));
#8797=DIRECTION('center_axis',(0.,1.,0.));
#8798=DIRECTION('ref_axis',(0.707106781186551,0.,0.707106781186544));
#8799=DIRECTION('center_axis',(0.,-1.,0.));
#8800=DIRECTION('ref_axis',(0.707106781186551,0.,0.707106781186544));
#8801=DIRECTION('',(0.,-1.,0.));
#8802=DIRECTION('center_axis',(0.,1.,0.));
#8803=DIRECTION('ref_axis',(0.707106781186551,0.,0.707106781186544));
#8804=DIRECTION('',(0.,1.,0.));
#8805=DIRECTION('center_axis',(0.,-1.,0.));
#8806=DIRECTION('ref_axis',(1.,0.,0.));
#8807=DIRECTION('',(1.,0.,0.));
#8808=DIRECTION('center_axis',(0.,1.,0.));
#8809=DIRECTION('ref_axis',(-0.707106781186551,0.,0.707106781186544));
#8810=DIRECTION('',(0.,0.,1.));
#8811=DIRECTION('center_axis',(0.,1.,0.));
#8812=DIRECTION('ref_axis',(-0.70710678118655,0.,-0.707106781186545));
#8813=DIRECTION('',(1.,0.,0.));
#8814=DIRECTION('',(0.,0.,1.));
#8815=DIRECTION('',(-1.,0.,0.));
#8816=DIRECTION('',(0.,0.,1.));
#8817=DIRECTION('center_axis',(0.,0.,1.));
#8818=DIRECTION('ref_axis',(1.,0.,0.));
#8819=DIRECTION('',(-1.,0.,0.));
#8820=DIRECTION('',(0.,1.,0.));
#8821=DIRECTION('center_axis',(0.,-1.,0.));
#8822=DIRECTION('ref_axis',(-0.707106781186551,0.,0.707106781186544));
#8823=DIRECTION('center_axis',(0.,-1.,0.));
#8824=DIRECTION('ref_axis',(-0.707106781186551,0.,0.707106781186544));
#8825=DIRECTION('',(0.,-1.,0.));
#8826=DIRECTION('center_axis',(0.,-1.,0.));
#8827=DIRECTION('ref_axis',(-0.70710678118655,0.,-0.707106781186545));
#8828=DIRECTION('',(0.,1.,0.));
#8829=DIRECTION('center_axis',(0.,-1.,0.));
#8830=DIRECTION('ref_axis',(-0.70710678118655,0.,-0.707106781186545));
#8831=DIRECTION('',(0.,-1.,0.));
#8832=DIRECTION('center_axis',(0.,0.,1.));
#8833=DIRECTION('ref_axis',(-1.,0.,0.));
#8834=DIRECTION('',(-1.,0.,0.));
#8835=DIRECTION('',(0.,-1.,0.));
#8836=DIRECTION('center_axis',(-1.,0.,0.));
#8837=DIRECTION('ref_axis',(0.,-1.,0.));
#8838=DIRECTION('',(0.,0.,1.));
#8839=DIRECTION('center_axis',(0.,1.,0.));
#8840=DIRECTION('ref_axis',(-1.,0.,0.));
#8841=DIRECTION('',(0.,0.,1.));
#8842=DIRECTION('',(1.,0.,0.));
#8843=DIRECTION('',(0.,0.,1.));
#8844=DIRECTION('center_axis',(0.,0.,1.));
#8845=DIRECTION('ref_axis',(1.,0.,0.));
#8846=DIRECTION('',(1.,0.,0.));
#8847=DIRECTION('',(-1.64553667383071E-16,-1.,0.));
#8848=DIRECTION('',(-1.,0.,0.));
#8849=DIRECTION('',(0.,-1.,0.));
#8850=DIRECTION('',(1.,0.,0.));
#8851=DIRECTION('',(0.,1.,0.));
#8852=DIRECTION('',(-1.,0.,0.));
#8853=DIRECTION('',(0.,-1.,0.));
#8854=DIRECTION('center_axis',(0.,0.,-1.));
#8855=DIRECTION('ref_axis',(1.,0.,0.));
#8856=DIRECTION('center_axis',(0.,0.,-1.));
#8857=DIRECTION('ref_axis',(1.,0.,0.));
#8858=DIRECTION('',(0.,0.,-1.));
#8859=DIRECTION('center_axis',(0.,0.,1.));
#8860=DIRECTION('ref_axis',(1.,0.,0.));
#8861=DIRECTION('center_axis',(0.,0.,-1.));
#8862=DIRECTION('ref_axis',(1.,0.,0.));
#8863=DIRECTION('center_axis',(0.,0.,-1.));
#8864=DIRECTION('ref_axis',(1.,0.,0.));
#8865=DIRECTION('',(0.,0.,-1.));
#8866=DIRECTION('center_axis',(0.,0.,1.));
#8867=DIRECTION('ref_axis',(1.,0.,0.));
#8868=DIRECTION('center_axis',(0.,0.,-1.));
#8869=DIRECTION('ref_axis',(1.,0.,0.));
#8870=DIRECTION('center_axis',(0.,0.,-1.));
#8871=DIRECTION('ref_axis',(1.,0.,0.));
#8872=DIRECTION('',(0.,0.,-1.));
#8873=DIRECTION('center_axis',(0.,0.,1.));
#8874=DIRECTION('ref_axis',(1.,0.,0.));
#8875=DIRECTION('center_axis',(0.,0.,-1.));
#8876=DIRECTION('ref_axis',(1.,0.,0.));
#8877=DIRECTION('center_axis',(0.,0.,-1.));
#8878=DIRECTION('ref_axis',(1.,0.,0.));
#8879=DIRECTION('',(0.,0.,-1.));
#8880=DIRECTION('center_axis',(0.,0.,1.));
#8881=DIRECTION('ref_axis',(1.,0.,0.));
#8882=DIRECTION('center_axis',(0.,0.,-1.));
#8883=DIRECTION('ref_axis',(1.,0.,0.));
#8884=DIRECTION('center_axis',(0.,0.,-1.));
#8885=DIRECTION('ref_axis',(1.,0.,0.));
#8886=DIRECTION('',(0.,0.,-1.));
#8887=DIRECTION('center_axis',(0.,0.,1.));
#8888=DIRECTION('ref_axis',(1.,0.,0.));
#8889=DIRECTION('center_axis',(0.,0.,-1.));
#8890=DIRECTION('ref_axis',(1.,0.,0.));
#8891=DIRECTION('center_axis',(0.,0.,-1.));
#8892=DIRECTION('ref_axis',(1.,0.,0.));
#8893=DIRECTION('',(0.,0.,-1.));
#8894=DIRECTION('center_axis',(0.,0.,1.));
#8895=DIRECTION('ref_axis',(1.,0.,0.));
#8896=DIRECTION('center_axis',(0.,0.,-1.));
#8897=DIRECTION('ref_axis',(1.,0.,0.));
#8898=DIRECTION('center_axis',(0.,0.,-1.));
#8899=DIRECTION('ref_axis',(1.,0.,0.));
#8900=DIRECTION('',(0.,0.,-1.));
#8901=DIRECTION('center_axis',(0.,0.,1.));
#8902=DIRECTION('ref_axis',(1.,0.,0.));
#8903=DIRECTION('center_axis',(0.,0.,-1.));
#8904=DIRECTION('ref_axis',(1.,0.,0.));
#8905=DIRECTION('center_axis',(0.,0.,-1.));
#8906=DIRECTION('ref_axis',(1.,0.,0.));
#8907=DIRECTION('',(0.,0.,-1.));
#8908=DIRECTION('center_axis',(0.,0.,1.));
#8909=DIRECTION('ref_axis',(1.,0.,0.));
#8910=DIRECTION('center_axis',(0.,0.,-1.));
#8911=DIRECTION('ref_axis',(1.,0.,0.));
#8912=DIRECTION('center_axis',(0.,0.,-1.));
#8913=DIRECTION('ref_axis',(1.,0.,0.));
#8914=DIRECTION('',(0.,0.,-1.));
#8915=DIRECTION('center_axis',(0.,0.,1.));
#8916=DIRECTION('ref_axis',(1.,0.,0.));
#8917=DIRECTION('center_axis',(0.,0.,-1.));
#8918=DIRECTION('ref_axis',(1.,0.,0.));
#8919=DIRECTION('center_axis',(0.,0.,-1.));
#8920=DIRECTION('ref_axis',(1.,0.,0.));
#8921=DIRECTION('',(0.,0.,-1.));
#8922=DIRECTION('center_axis',(0.,0.,1.));
#8923=DIRECTION('ref_axis',(1.,0.,0.));
#8924=DIRECTION('center_axis',(0.,0.,-1.));
#8925=DIRECTION('ref_axis',(1.,0.,0.));
#8926=DIRECTION('center_axis',(0.,0.,-1.));
#8927=DIRECTION('ref_axis',(1.,0.,0.));
#8928=DIRECTION('',(0.,0.,-1.));
#8929=DIRECTION('center_axis',(0.,0.,1.));
#8930=DIRECTION('ref_axis',(1.,0.,0.));
#8931=DIRECTION('center_axis',(0.,0.,-1.));
#8932=DIRECTION('ref_axis',(1.,0.,0.));
#8933=DIRECTION('center_axis',(0.,0.,-1.));
#8934=DIRECTION('ref_axis',(1.,0.,0.));
#8935=DIRECTION('',(0.,0.,-1.));
#8936=DIRECTION('center_axis',(0.,0.,1.));
#8937=DIRECTION('ref_axis',(1.,0.,0.));
#8938=DIRECTION('center_axis',(0.,0.,-1.));
#8939=DIRECTION('ref_axis',(1.,0.,0.));
#8940=DIRECTION('center_axis',(0.,0.,-1.));
#8941=DIRECTION('ref_axis',(1.,0.,0.));
#8942=DIRECTION('',(0.,0.,-1.));
#8943=DIRECTION('center_axis',(0.,0.,1.));
#8944=DIRECTION('ref_axis',(1.,0.,0.));
#8945=DIRECTION('center_axis',(0.,0.,-1.));
#8946=DIRECTION('ref_axis',(1.,0.,0.));
#8947=DIRECTION('center_axis',(0.,0.,-1.));
#8948=DIRECTION('ref_axis',(1.,0.,0.));
#8949=DIRECTION('',(0.,0.,-1.));
#8950=DIRECTION('center_axis',(0.,0.,1.));
#8951=DIRECTION('ref_axis',(1.,0.,0.));
#8952=DIRECTION('center_axis',(0.,0.,-1.));
#8953=DIRECTION('ref_axis',(1.,0.,0.));
#8954=DIRECTION('center_axis',(0.,0.,-1.));
#8955=DIRECTION('ref_axis',(1.,0.,0.));
#8956=DIRECTION('',(0.,0.,-1.));
#8957=DIRECTION('center_axis',(0.,0.,1.));
#8958=DIRECTION('ref_axis',(1.,0.,0.));
#8959=DIRECTION('center_axis',(0.,0.,-1.));
#8960=DIRECTION('ref_axis',(1.,0.,0.));
#8961=DIRECTION('center_axis',(0.,0.,-1.));
#8962=DIRECTION('ref_axis',(1.,0.,0.));
#8963=DIRECTION('',(0.,0.,-1.));
#8964=DIRECTION('center_axis',(0.,0.,1.));
#8965=DIRECTION('ref_axis',(1.,0.,0.));
#8966=DIRECTION('center_axis',(0.,0.,-1.));
#8967=DIRECTION('ref_axis',(1.,0.,0.));
#8968=DIRECTION('center_axis',(0.,0.,-1.));
#8969=DIRECTION('ref_axis',(1.,0.,0.));
#8970=DIRECTION('',(0.,0.,-1.));
#8971=DIRECTION('center_axis',(0.,0.,1.));
#8972=DIRECTION('ref_axis',(1.,0.,0.));
#8973=DIRECTION('center_axis',(0.,0.,-1.));
#8974=DIRECTION('ref_axis',(1.,0.,0.));
#8975=DIRECTION('center_axis',(0.,0.,-1.));
#8976=DIRECTION('ref_axis',(1.,0.,0.));
#8977=DIRECTION('',(0.,0.,-1.));
#8978=DIRECTION('center_axis',(0.,0.,1.));
#8979=DIRECTION('ref_axis',(1.,0.,0.));
#8980=DIRECTION('center_axis',(0.,0.,-1.));
#8981=DIRECTION('ref_axis',(1.,0.,0.));
#8982=DIRECTION('center_axis',(0.,0.,-1.));
#8983=DIRECTION('ref_axis',(1.,0.,0.));
#8984=DIRECTION('',(0.,0.,-1.));
#8985=DIRECTION('center_axis',(0.,0.,1.));
#8986=DIRECTION('ref_axis',(1.,0.,0.));
#8987=DIRECTION('center_axis',(0.,0.,-1.));
#8988=DIRECTION('ref_axis',(1.,0.,0.));
#8989=DIRECTION('center_axis',(0.,0.,-1.));
#8990=DIRECTION('ref_axis',(1.,0.,0.));
#8991=DIRECTION('',(0.,0.,-1.));
#8992=DIRECTION('center_axis',(0.,0.,1.));
#8993=DIRECTION('ref_axis',(1.,0.,0.));
#8994=DIRECTION('center_axis',(0.,0.,-1.));
#8995=DIRECTION('ref_axis',(1.,0.,0.));
#8996=DIRECTION('center_axis',(0.,0.,-1.));
#8997=DIRECTION('ref_axis',(1.,0.,0.));
#8998=DIRECTION('',(0.,0.,-1.));
#8999=DIRECTION('center_axis',(0.,0.,1.));
#9000=DIRECTION('ref_axis',(1.,0.,0.));
#9001=DIRECTION('center_axis',(0.,0.,1.));
#9002=DIRECTION('ref_axis',(-1.,0.,0.));
#9003=DIRECTION('',(0.,1.,0.));
#9004=DIRECTION('',(-1.,0.,0.));
#9005=DIRECTION('',(0.,1.,0.));
#9006=DIRECTION('',(1.,0.,0.));
#9007=DIRECTION('center_axis',(0.,0.,1.));
#9008=DIRECTION('ref_axis',(-1.,0.,0.));
#9009=DIRECTION('',(2.69596492652631E-33,-1.,0.));
#9010=DIRECTION('',(1.,0.,0.));
#9011=DIRECTION('',(0.,-1.,0.));
#9012=DIRECTION('',(-1.,0.,0.));
#9013=DIRECTION('center_axis',(-1.,0.,0.));
#9014=DIRECTION('ref_axis',(0.,-1.,0.));
#9015=DIRECTION('',(0.,0.,1.));
#9016=DIRECTION('',(0.,0.,1.));
#9017=DIRECTION('center_axis',(1.,0.,0.));
#9018=DIRECTION('ref_axis',(0.,1.,0.));
#9019=DIRECTION('',(0.,0.,1.));
#9020=DIRECTION('',(0.,0.,1.));
#9021=DIRECTION('center_axis',(0.,0.,1.));
#9022=DIRECTION('ref_axis',(1.,0.,0.));
#9023=DIRECTION('',(-1.,0.,0.));
#9024=DIRECTION('',(0.,-1.,0.));
#9025=DIRECTION('',(1.,0.,0.));
#9026=DIRECTION('',(0.,1.,0.));
#9027=DIRECTION('center_axis',(0.,-1.,0.));
#9028=DIRECTION('ref_axis',(1.,0.,0.));
#9029=DIRECTION('',(0.,0.,1.));
#9030=DIRECTION('',(0.,0.,1.));
#9031=DIRECTION('center_axis',(-1.,0.,0.));
#9032=DIRECTION('ref_axis',(0.,-1.,0.));
#9033=DIRECTION('',(0.,0.,1.));
#9034=DIRECTION('center_axis',(1.,0.,0.));
#9035=DIRECTION('ref_axis',(0.,1.,0.));
#9036=DIRECTION('',(0.,0.,1.));
#9037=DIRECTION('center_axis',(0.,1.,0.));
#9038=DIRECTION('ref_axis',(-1.,0.,0.));
#9039=DIRECTION('center_axis',(0.,1.,0.));
#9040=DIRECTION('ref_axis',(-1.,0.,0.));
#9041=DIRECTION('',(-1.,0.,0.));
#9042=DIRECTION('',(0.,0.,1.));
#9043=DIRECTION('',(0.,0.,1.));
#9044=DIRECTION('center_axis',(1.,0.,0.));
#9045=DIRECTION('ref_axis',(0.,1.,0.));
#9046=DIRECTION('',(0.,1.,0.));
#9047=DIRECTION('',(0.,0.,1.));
#9048=DIRECTION('center_axis',(0.,-1.,0.));
#9049=DIRECTION('ref_axis',(1.,0.,0.));
#9050=DIRECTION('',(1.,0.,0.));
#9051=DIRECTION('',(0.,0.,1.));
#9052=DIRECTION('center_axis',(-1.,-2.69596492652631E-33,0.));
#9053=DIRECTION('ref_axis',(2.69596492652631E-33,-1.,0.));
#9054=DIRECTION('',(2.69596492652631E-33,-1.,0.));
#9055=DIRECTION('center_axis',(0.,0.,1.));
#9056=DIRECTION('ref_axis',(1.,0.,0.));
#9057=DIRECTION('axis',(0.,0.,1.));
#9058=DIRECTION('refdir',(1.,0.,0.));
#9059=DIRECTION('center_axis',(0.,-1.,0.));
#9060=DIRECTION('ref_axis',(-1.,0.,0.));
#9061=DIRECTION('center_axis',(0.,-1.,0.));
#9062=DIRECTION('ref_axis',(-1.,0.,0.));
#9063=DIRECTION('',(0.,-1.,0.));
#9064=DIRECTION('center_axis',(0.,1.,0.));
#9065=DIRECTION('ref_axis',(-1.,0.,0.));
#9066=DIRECTION('center_axis',(0.,0.,1.));
#9067=DIRECTION('ref_axis',(-1.,0.,0.));
#9068=DIRECTION('',(0.,-1.,0.));
#9069=DIRECTION('',(-1.,-3.04066559294805E-17,0.));
#9070=DIRECTION('',(0.,1.,0.));
#9071=DIRECTION('',(1.,0.,0.));
#9072=DIRECTION('center_axis',(0.,0.,1.));
#9073=DIRECTION('ref_axis',(-1.,0.,0.));
#9074=DIRECTION('center_axis',(0.,0.,1.));
#9075=DIRECTION('ref_axis',(0.,-1.,0.));
#9076=DIRECTION('',(0.,1.,0.));
#9077=DIRECTION('center_axis',(0.,0.,1.));
#9078=DIRECTION('ref_axis',(1.,0.,0.));
#9079=DIRECTION('',(-1.,0.,0.));
#9080=DIRECTION('center_axis',(0.,0.,1.));
#9081=DIRECTION('ref_axis',(-7.43062654276676E-15,1.,0.));
#9082=DIRECTION('',(0.,-1.,0.));
#9083=DIRECTION('center_axis',(0.,0.,1.));
#9084=DIRECTION('ref_axis',(-1.,0.,0.));
#9085=DIRECTION('',(1.,0.,0.));
#9086=DIRECTION('center_axis',(-1.,0.,0.));
#9087=DIRECTION('ref_axis',(0.,-1.,0.));
#9088=DIRECTION('',(0.,-1.,0.));
#9089=DIRECTION('',(0.,0.,1.));
#9090=DIRECTION('',(0.,0.,1.));
#9091=DIRECTION('center_axis',(0.,-1.,0.));
#9092=DIRECTION('ref_axis',(1.,0.,0.));
#9093=DIRECTION('',(1.,0.,0.));
#9094=DIRECTION('',(0.,0.,1.));
#9095=DIRECTION('center_axis',(1.,0.,0.));
#9096=DIRECTION('ref_axis',(0.,1.,0.));
#9097=DIRECTION('',(0.,1.,0.));
#9098=DIRECTION('',(0.,0.,1.));
#9099=DIRECTION('center_axis',(-3.04066559294805E-17,1.,0.));
#9100=DIRECTION('ref_axis',(-1.,-3.04066559294805E-17,0.));
#9101=DIRECTION('',(-1.,-3.04066559294805E-17,0.));
#9102=DIRECTION('center_axis',(0.,-1.,0.));
#9103=DIRECTION('ref_axis',(1.,0.,0.));
#9104=DIRECTION('',(-1.,0.,0.));
#9105=DIRECTION('',(0.,0.,1.));
#9106=DIRECTION('',(0.,0.,1.));
#9107=DIRECTION('',(0.,0.,1.));
#9108=DIRECTION('center_axis',(0.,0.,1.));
#9109=DIRECTION('ref_axis',(-1.,2.18547839493141E-16,0.));
#9110=DIRECTION('center_axis',(0.,0.,1.));
#9111=DIRECTION('ref_axis',(-1.,2.18547839493141E-16,0.));
#9112=DIRECTION('',(0.,0.,1.));
#9113=DIRECTION('',(0.,0.,1.));
#9114=DIRECTION('center_axis',(-1.,0.,0.));
#9115=DIRECTION('ref_axis',(0.,-1.,0.));
#9116=DIRECTION('',(0.,1.,0.));
#9117=DIRECTION('',(0.,0.,1.));
#9118=DIRECTION('',(0.,0.,1.));
#9119=DIRECTION('center_axis',(0.,0.,1.));
#9120=DIRECTION('ref_axis',(-7.43062654276676E-15,1.,0.));
#9121=DIRECTION('center_axis',(0.,0.,1.));
#9122=DIRECTION('ref_axis',(-7.43062654276676E-15,1.,0.));
#9123=DIRECTION('',(0.,0.,1.));
#9124=DIRECTION('center_axis',(0.,1.,0.));
#9125=DIRECTION('ref_axis',(-1.,0.,0.));
#9126=DIRECTION('',(1.,0.,0.));
#9127=DIRECTION('',(0.,0.,1.));
#9128=DIRECTION('',(0.,0.,1.));
#9129=DIRECTION('center_axis',(0.,0.,1.));
#9130=DIRECTION('ref_axis',(1.,0.,0.));
#9131=DIRECTION('center_axis',(0.,0.,1.));
#9132=DIRECTION('ref_axis',(1.,0.,0.));
#9133=DIRECTION('',(0.,0.,1.));
#9134=DIRECTION('',(0.,0.,1.));
#9135=DIRECTION('center_axis',(1.,0.,0.));
#9136=DIRECTION('ref_axis',(0.,1.,0.));
#9137=DIRECTION('',(0.,-1.,0.));
#9138=DIRECTION('',(0.,0.,1.));
#9139=DIRECTION('',(0.,0.,1.));
#9140=DIRECTION('center_axis',(0.,0.,1.));
#9141=DIRECTION('ref_axis',(0.,-1.,0.));
#9142=DIRECTION('center_axis',(0.,0.,1.));
#9143=DIRECTION('ref_axis',(0.,-1.,0.));
#9144=DIRECTION('center_axis',(0.,0.,1.));
#9145=DIRECTION('ref_axis',(-1.,0.,0.));
#9146=DIRECTION('axis',(0.,0.,1.));
#9147=DIRECTION('refdir',(1.,0.,0.));
#9148=DIRECTION('axis',(0.,0.,1.));
#9149=DIRECTION('refdir',(1.,0.,0.));
#9150=DIRECTION('center_axis',(2.87310307103124E-8,-1.,0.));
#9151=DIRECTION('ref_axis',(-1.,-2.87310307103124E-8,0.));
#9152=DIRECTION('',(-1.,-2.87310307103124E-8,0.));
#9153=DIRECTION('',(0.,0.,-1.));
#9154=DIRECTION('',(-1.,-2.87310307103124E-8,0.));
#9155=DIRECTION('',(0.,0.,-1.));
#9156=DIRECTION('center_axis',(1.,2.87310269427538E-8,0.));
#9157=DIRECTION('ref_axis',(2.87310269427538E-8,-1.,0.));
#9158=DIRECTION('',(2.87310269427538E-8,-1.,0.));
#9159=DIRECTION('',(0.,0.,-1.));
#9160=DIRECTION('',(2.87310269427538E-8,-1.,0.));
#9161=DIRECTION('center_axis',(1.,1.43655154260857E-8,0.));
#9162=DIRECTION('ref_axis',(1.43655154260857E-8,-1.,0.));
#9163=DIRECTION('',(1.43655154260857E-8,-1.,0.));
#9164=DIRECTION('',(0.,0.,-1.));
#9165=DIRECTION('',(1.43655154260857E-8,-1.,0.));
#9166=DIRECTION('center_axis',(-1.43655205355494E-8,1.,0.));
#9167=DIRECTION('ref_axis',(1.,1.43655205355494E-8,0.));
#9168=DIRECTION('',(1.,1.43655205355494E-8,0.));
#9169=DIRECTION('',(0.,0.,-1.));
#9170=DIRECTION('',(1.,1.43655205355494E-8,0.));
#9171=DIRECTION('center_axis',(-1.,-1.43655261868934E-8,0.));
#9172=DIRECTION('ref_axis',(-1.43655261868934E-8,1.,0.));
#9173=DIRECTION('',(-1.43655261868934E-8,1.,0.));
#9174=DIRECTION('',(0.,0.,-1.));
#9175=DIRECTION('',(-1.43655261868934E-8,1.,0.));
#9176=DIRECTION('center_axis',(-1.,-2.87310269427538E-8,0.));
#9177=DIRECTION('ref_axis',(-2.87310269427538E-8,1.,0.));
#9178=DIRECTION('',(-2.87310269427538E-8,1.,0.));
#9179=DIRECTION('',(-2.87310269427538E-8,1.,0.));
#9180=DIRECTION('center_axis',(0.,0.,-1.));
#9181=DIRECTION('ref_axis',(-1.,0.,0.));
#9182=DIRECTION('center_axis',(-1.4365510174763E-8,1.,0.));
#9183=DIRECTION('ref_axis',(1.,1.4365510174763E-8,0.));
#9184=DIRECTION('',(1.,1.4365510174763E-8,0.));
#9185=DIRECTION('',(0.,0.,-1.));
#9186=DIRECTION('',(1.,1.4365510174763E-8,0.));
#9187=DIRECTION('',(0.,0.,-1.));
#9188=DIRECTION('center_axis',(-1.,-1.43655102925051E-8,0.));
#9189=DIRECTION('ref_axis',(-1.43655102925051E-8,1.,0.));
#9190=DIRECTION('',(-1.43655102925051E-8,1.,0.));
#9191=DIRECTION('',(0.,0.,-1.));
#9192=DIRECTION('',(-1.43655102925051E-8,1.,0.));
#9193=DIRECTION('center_axis',(-1.,1.98679854084674E-16,0.));
#9194=DIRECTION('ref_axis',(1.98679854084674E-16,1.,0.));
#9195=DIRECTION('',(1.98679854084674E-16,1.,0.));
#9196=DIRECTION('',(0.,0.,-1.));
#9197=DIRECTION('',(1.98679854084674E-16,1.,0.));
#9198=DIRECTION('center_axis',(0.,-1.,0.));
#9199=DIRECTION('ref_axis',(-1.,0.,0.));
#9200=DIRECTION('',(-1.,0.,0.));
#9201=DIRECTION('',(0.,0.,-1.));
#9202=DIRECTION('',(-1.,0.,0.));
#9203=DIRECTION('center_axis',(1.,-1.98679854084674E-16,0.));
#9204=DIRECTION('ref_axis',(-1.98679854084674E-16,-1.,0.));
#9205=DIRECTION('',(-1.98679854084674E-16,-1.,0.));
#9206=DIRECTION('',(0.,0.,-1.));
#9207=DIRECTION('',(-1.98679854084674E-16,-1.,0.));
#9208=DIRECTION('center_axis',(1.,1.43655151295896E-8,0.));
#9209=DIRECTION('ref_axis',(1.43655151295896E-8,-1.,0.));
#9210=DIRECTION('',(1.43655151295896E-8,-1.,0.));
#9211=DIRECTION('',(1.43655151295896E-8,-1.,0.));
#9212=DIRECTION('center_axis',(0.,0.,-1.));
#9213=DIRECTION('ref_axis',(-1.,0.,0.));
#9214=DIRECTION('center_axis',(-0.997458699830735,-8.83021797826784E-17,
-0.0712470499879097));
#9215=DIRECTION('ref_axis',(-0.0712470499879097,0.,0.997458699830735));
#9216=DIRECTION('',(0.,-1.,-5.56085109321361E-31));
#9217=DIRECTION('',(-0.0712470499879097,0.,0.997458699830735));
#9218=DIRECTION('',(-8.85271538537514E-17,1.,0.));
#9219=DIRECTION('',(-0.0710669054518702,-0.0710669054518701,0.994936676326182));
#9220=DIRECTION('center_axis',(0.,-0.997458699830735,-0.0712470499879096));
#9221=DIRECTION('ref_axis',(0.,0.0712470499879096,-0.997458699830735));
#9222=DIRECTION('',(1.,0.,3.68039729169779E-30));
#9223=DIRECTION('',(-1.,0.,0.));
#9224=DIRECTION('',(-2.4913422152188E-17,-0.0712470499879096,0.997458699830735));
#9225=DIRECTION('center_axis',(0.,0.,1.));
#9226=DIRECTION('ref_axis',(1.,0.,0.));
#9227=DIRECTION('center_axis',(0.,0.,-1.));
#9228=DIRECTION('ref_axis',(0.707106781186543,0.707106781186552,0.));
#9229=DIRECTION('',(-1.,0.,0.));
#9230=DIRECTION('',(-1.,0.,0.));
#9231=DIRECTION('center_axis',(0.,0.,-1.));
#9232=DIRECTION('ref_axis',(-0.70710678118655,0.707106781186545,0.));
#9233=DIRECTION('',(0.,-1.,0.));
#9234=DIRECTION('center_axis',(0.,0.,-1.));
#9235=DIRECTION('ref_axis',(-0.707106781186547,-0.707106781186548,0.));
#9236=DIRECTION('',(1.,0.,0.));
#9237=DIRECTION('center_axis',(0.,0.,-1.));
#9238=DIRECTION('ref_axis',(0.707106781186544,-0.707106781186551,0.));
#9239=DIRECTION('',(0.,1.,0.));
#9240=DIRECTION('',(0.,-1.,0.));
#9241=DIRECTION('',(-1.,0.,0.));
#9242=DIRECTION('',(0.,1.,0.));
#9243=DIRECTION('',(0.707106781186547,-0.707106781186548,0.));
#9244=DIRECTION('',(-1.,6.99353086378052E-16,0.));
#9245=DIRECTION('',(0.,1.,0.));
#9246=DIRECTION('',(1.,0.,0.));
#9247=DIRECTION('',(-5.59481683461967E-15,-1.,0.));
#9248=DIRECTION('',(-1.,0.,0.));
#9249=DIRECTION('',(0.,1.,0.));
#9250=DIRECTION('',(1.,0.,0.));
#9251=DIRECTION('',(0.,-1.,0.));
#9252=DIRECTION('',(-1.,0.,0.));
#9253=DIRECTION('',(1.,0.,2.23792987640977E-14));
#9254=DIRECTION('',(0.,-1.,-2.23792987640977E-14));
#9255=DIRECTION('',(-1.,0.,0.));
#9256=DIRECTION('',(0.,1.,0.));
#9257=DIRECTION('',(0.,1.,0.));
#9258=DIRECTION('',(1.,0.,0.));
#9259=DIRECTION('',(0.,-1.,0.));
#9260=DIRECTION('',(-1.,0.,0.));
#9261=DIRECTION('',(0.,-1.,0.));
#9262=DIRECTION('',(1.,0.,0.));
#9263=DIRECTION('',(1.,2.44773580232316E-15,3.17887766535477E-16));
#9264=DIRECTION('',(0.,-1.,-2.23792987640976E-14));
#9265=DIRECTION('',(-1.,0.,0.));
#9266=DIRECTION('',(0.,1.,0.));
#9267=DIRECTION('center_axis',(-1.,0.,0.));
#9268=DIRECTION('ref_axis',(0.,-1.,0.));
#9269=DIRECTION('',(0.,0.,-1.));
#9270=DIRECTION('',(0.,1.,0.));
#9271=DIRECTION('',(0.,0.,1.));
#9272=DIRECTION('center_axis',(0.,-1.,0.));
#9273=DIRECTION('ref_axis',(1.,0.,0.));
#9274=DIRECTION('',(0.,0.,-1.));
#9275=DIRECTION('',(-1.,0.,0.));
#9276=DIRECTION('center_axis',(-1.,0.,0.));
#9277=DIRECTION('ref_axis',(0.,1.,0.));
#9278=DIRECTION('',(0.,0.,-1.));
#9279=DIRECTION('',(0.,-1.,0.));
#9280=DIRECTION('center_axis',(0.,-1.,0.));
#9281=DIRECTION('ref_axis',(-1.,0.,0.));
#9282=DIRECTION('',(1.,0.,0.));
#9283=DIRECTION('center_axis',(1.,0.,0.));
#9284=DIRECTION('ref_axis',(0.,1.,0.));
#9285=DIRECTION('',(0.,-1.44828347180259E-6,-0.999999999998951));
#9286=DIRECTION('',(0.,-0.707106781186548,-0.707106781186547));
#9287=DIRECTION('',(0.,0.,1.));
#9288=DIRECTION('',(0.,-1.,0.));
#9289=DIRECTION('center_axis',(0.,1.,0.));
#9290=DIRECTION('ref_axis',(0.,0.,-1.));
#9291=DIRECTION('center_axis',(0.,1.,0.));
#9292=DIRECTION('ref_axis',(0.,0.,-1.));
#9293=DIRECTION('',(0.,1.,0.));
#9294=DIRECTION('center_axis',(0.,-1.,0.));
#9295=DIRECTION('ref_axis',(0.,0.,-1.));
#9296=DIRECTION('center_axis',(0.,1.,0.));
#9297=DIRECTION('ref_axis',(0.,0.,-1.));
#9298=DIRECTION('center_axis',(0.,1.,0.));
#9299=DIRECTION('ref_axis',(0.,0.,-1.));
#9300=DIRECTION('',(0.,1.,0.));
#9301=DIRECTION('center_axis',(0.,-1.,0.));
#9302=DIRECTION('ref_axis',(0.,0.,-1.));
#9303=DIRECTION('center_axis',(0.707106781186548,-0.707106781186547,-3.70887982366246E-15));
#9304=DIRECTION('ref_axis',(0.707106781186547,0.707106781186548,0.));
#9305=DIRECTION('center_axis',(0.447213595499959,0.894427190999916,0.));
#9306=DIRECTION('ref_axis',(-0.894427190999916,0.447213595499959,-7.81900520707804E-16));
#9307=DIRECTION('center_axis',(-0.707106781186549,-0.707106781186546,0.));
#9308=DIRECTION('ref_axis',(-0.707106781186546,0.707106781186549,-3.86341648298174E-16));
#9309=DIRECTION('center_axis',(-0.707106781186546,0.707106781186549,-4.93038065763132E-32));
#9310=DIRECTION('ref_axis',(0.500000000000006,0.499999999999994,0.707106781186548));
#9311=DIRECTION('center_axis',(0.707106781186548,-0.707106781186548,-1.23629327455415E-15));
#9312=DIRECTION('ref_axis',(0.707106781186547,0.707106781186547,0.));
#9313=DIRECTION('',(-0.707106781186546,0.707106781186549,-4.93038065763132E-32));
#9314=DIRECTION('',(0.707106781186546,-0.707106781186549,4.93038065763132E-32));
#9315=DIRECTION('center_axis',(0.447213595499959,0.894427190999916,0.));
#9316=DIRECTION('ref_axis',(0.894427190999916,-0.447213595499959,7.81900520707804E-16));
#9317=DIRECTION('center_axis',(-0.707106781186549,-0.707106781186546,0.));
#9318=DIRECTION('ref_axis',(0.707106781186546,-0.707106781186549,3.86341648298174E-16));
#9319=DIRECTION('center_axis',(-0.707106781186549,-0.707106781186546,0.));
#9320=DIRECTION('ref_axis',(0.707106781186546,-0.707106781186549,1.58245539142932E-14));
#9321=DIRECTION('',(0.,0.,1.));
#9322=DIRECTION('',(-0.707106781186546,0.707106781186549,0.));
#9323=DIRECTION('',(0.,0.,1.));
#9324=DIRECTION('center_axis',(0.707106781186548,-0.707106781186547,1.28189897098414E-30));
#9325=DIRECTION('ref_axis',(-0.499999999999991,-0.500000000000002,0.707106781186552));
#9326=DIRECTION('center_axis',(-0.707106781186548,0.707106781186547,0.));
#9327=DIRECTION('ref_axis',(-0.707106781186547,-0.707106781186548,0.));
#9328=DIRECTION('',(0.707106781186548,-0.707106781186547,1.28189897098414E-30));
#9329=DIRECTION('center_axis',(0.707106781186548,-0.707106781186547,0.));
#9330=DIRECTION('ref_axis',(0.,0.,1.));
#9331=DIRECTION('',(-0.707106781186548,0.707106781186547,-1.28189897098414E-30));
#9332=DIRECTION('center_axis',(0.707106736052917,-0.707106826320175,-2.86948563495738E-23));
#9333=DIRECTION('ref_axis',(-0.500000031914295,-0.499999968085703,0.707106781186548));
#9334=DIRECTION('',(-0.707106736052917,0.707106826320175,2.86948563495738E-23));
#9335=DIRECTION('center_axis',(-0.707106736052915,0.707106826320177,0.));
#9336=DIRECTION('ref_axis',(-0.707106826320177,-0.707106736052915,0.));
#9337=DIRECTION('',(0.707106736052917,-0.707106826320175,-2.86948563495738E-23));
#9338=DIRECTION('center_axis',(-0.894427213835924,-0.447213549827939,0.));
#9339=DIRECTION('ref_axis',(0.447213549827939,-0.894427213835924,-7.81900440855631E-16));
#9340=DIRECTION('center_axis',(0.707106826320175,0.707106736052917,0.));
#9341=DIRECTION('ref_axis',(0.707106736052917,-0.707106826320175,-4.63609948366235E-16));
#9342=DIRECTION('center_axis',(0.707106781186547,0.707106781186548,0.));
#9343=DIRECTION('ref_axis',(0.707106781186548,-0.707106781186547,-3.09073318638539E-16));
#9344=DIRECTION('center_axis',(-0.894427190999915,-0.44721359549996,3.90950260353903E-16));
#9345=DIRECTION('ref_axis',(0.44721359549996,-0.894427190999915,0.));
#9346=DIRECTION('center_axis',(0.,-1.,-3.17887766535475E-16));
#9347=DIRECTION('ref_axis',(0.707106781186545,0.,-0.70710678118655));
#9348=DIRECTION('',(0.,1.,3.17887766535475E-16));
#9349=DIRECTION('center_axis',(-0.707106781186536,-0.707106781186559,0.));
#9350=DIRECTION('ref_axis',(-0.707106781186559,0.707106781186536,4.49561190746968E-16));
#9351=DIRECTION('',(0.,-1.,-3.17887766535475E-16));
#9352=DIRECTION('center_axis',(3.17887766535476E-16,3.17887766535475E-16,
-1.));
#9353=DIRECTION('ref_axis',(0.707106781186546,-0.707106781186549,0.));
#9354=DIRECTION('',(1.,0.,3.17887766535476E-16));
#9355=DIRECTION('',(0.,-1.,-3.17887766535475E-16));
#9356=DIRECTION('',(-1.,0.,-3.17887766535476E-16));
#9357=DIRECTION('center_axis',(0.,1.,3.17887766535475E-16));
#9358=DIRECTION('ref_axis',(-0.707106781186545,0.,-0.70710678118655));
#9359=DIRECTION('',(0.,1.,3.17887766535475E-16));
#9360=DIRECTION('center_axis',(0.707106781186544,0.707106781186551,0.));
#9361=DIRECTION('ref_axis',(-0.707106781186551,0.707106781186544,-4.4956119074696E-16));
#9362=DIRECTION('center_axis',(1.,0.,3.17887766535476E-16));
#9363=DIRECTION('ref_axis',(0.,0.707106781186547,-0.707106781186547));
#9364=DIRECTION('',(1.,0.,3.17887766535476E-16));
#9365=DIRECTION('center_axis',(0.,1.,0.));
#9366=DIRECTION('ref_axis',(-1.,0.,0.));
#9367=DIRECTION('',(0.,0.,-1.));
#9368=DIRECTION('',(0.707106781186547,0.,-0.707106781186548));
#9369=DIRECTION('',(0.,0.,1.));
#9370=DIRECTION('',(1.,0.,0.));
#9371=DIRECTION('center_axis',(-1.,0.,0.));
#9372=DIRECTION('ref_axis',(0.,-1.,0.));
#9373=DIRECTION('',(0.,0.,1.));
#9374=DIRECTION('',(0.,1.,0.));
#9375=DIRECTION('',(0.,0.,1.));
#9376=DIRECTION('',(0.,0.707106781186548,0.707106781186547));
#9377=DIRECTION('center_axis',(-1.,0.,-3.17887766535476E-16));
#9378=DIRECTION('ref_axis',(0.,-0.707106781186547,-0.707106781186547));
#9379=DIRECTION('',(-1.,0.,-3.17887766535476E-16));
#9380=DIRECTION('center_axis',(1.,0.,0.));
#9381=DIRECTION('ref_axis',(0.,1.,0.));
#9382=DIRECTION('',(0.,0.,1.));
#9383=DIRECTION('',(3.63300304611975E-16,3.17887766535478E-16,-1.));
#9384=DIRECTION('',(0.,0.,1.));
#9385=DIRECTION('',(0.,-1.,0.));
#9386=DIRECTION('center_axis',(0.,-1.,0.));
#9387=DIRECTION('ref_axis',(1.,0.,2.23792987640977E-14));
#9388=DIRECTION('',(-1.,0.,0.));
#9389=DIRECTION('',(0.,0.,1.));
#9390=DIRECTION('center_axis',(0.,0.707106781186548,-0.707106781186548));
#9391=DIRECTION('ref_axis',(-1.,0.,0.));
#9392=DIRECTION('',(0.,-0.707106781186547,-0.707106781186547));
#9393=DIRECTION('',(1.,0.,0.));
#9394=DIRECTION('',(0.,0.707106781186547,0.707106781186547));
#9395=DIRECTION('',(-1.,0.,0.));
#9396=DIRECTION('center_axis',(0.,1.,0.));
#9397=DIRECTION('ref_axis',(-1.,0.,0.));
#9398=DIRECTION('',(0.,0.,-1.));
#9399=DIRECTION('',(-1.,0.,0.));
#9400=DIRECTION('',(0.,0.,1.));
#9401=DIRECTION('',(0.,0.,1.));
#9402=DIRECTION('',(-1.,0.,0.));
#9403=DIRECTION('',(0.,0.,-1.));
#9404=DIRECTION('center_axis',(-1.,0.,0.));
#9405=DIRECTION('ref_axis',(0.,0.,-1.));
#9406=DIRECTION('',(0.,0.,-1.));
#9407=DIRECTION('',(0.,-1.,0.));
#9408=DIRECTION('',(0.,0.,-1.));
#9409=DIRECTION('',(0.,-0.707106781186548,-0.707106781186547));
#9410=DIRECTION('',(0.,0.,-1.));
#9411=DIRECTION('',(0.,1.,0.));
#9412=DIRECTION('center_axis',(0.,0.707106781186547,-0.707106781186548));
#9413=DIRECTION('ref_axis',(-1.,0.,0.));
#9414=DIRECTION('',(-1.,0.,0.));
#9415=DIRECTION('',(-1.,0.,0.));
#9416=DIRECTION('center_axis',(0.,-0.707106781186547,0.707106781186548));
#9417=DIRECTION('ref_axis',(0.,-0.707106781186548,-0.707106781186547));
#9418=DIRECTION('center_axis',(0.,0.707106781186547,-0.707106781186548));
#9419=DIRECTION('ref_axis',(-1.,0.,0.));
#9420=DIRECTION('',(0.,0.707106781186548,0.707106781186547));
#9421=DIRECTION('',(-1.,0.,0.));
#9422=DIRECTION('',(-1.,0.,0.));
#9423=DIRECTION('center_axis',(0.,-0.707106781186547,0.707106781186548));
#9424=DIRECTION('ref_axis',(0.,-0.707106781186548,-0.707106781186547));
#9425=DIRECTION('center_axis',(0.,1.,0.));
#9426=DIRECTION('ref_axis',(0.,0.,1.));
#9427=DIRECTION('',(0.,-1.44828347250347E-6,-0.999999999998951));
#9428=DIRECTION('',(1.,0.,0.));
#9429=DIRECTION('center_axis',(0.,1.,0.));
#9430=DIRECTION('ref_axis',(0.,0.,1.));
#9431=DIRECTION('',(0.,0.,1.));
#9432=DIRECTION('',(1.,0.,0.));
#9433=DIRECTION('',(0.,0.,-1.));
#9434=DIRECTION('center_axis',(0.,0.,1.));
#9435=DIRECTION('ref_axis',(1.,0.,0.));
#9436=DIRECTION('',(0.,1.,0.));
#9437=DIRECTION('center_axis',(0.,0.,-1.));
#9438=DIRECTION('ref_axis',(1.,0.,0.));
#9439=DIRECTION('center_axis',(0.,0.,1.));
#9440=DIRECTION('ref_axis',(1.,0.,0.));
#9441=DIRECTION('',(0.,-1.,0.));
#9442=DIRECTION('',(0.,-1.,0.));
#9443=DIRECTION('center_axis',(0.,0.,-1.));
#9444=DIRECTION('ref_axis',(1.,0.,0.));
#9445=DIRECTION('center_axis',(0.707106781186548,0.,-0.707106781186547));
#9446=DIRECTION('ref_axis',(-0.707106781186547,0.,-0.707106781186548));
#9447=DIRECTION('',(-0.707106781186547,0.,-0.707106781186548));
#9448=DIRECTION('',(0.,1.,0.));
#9449=DIRECTION('',(0.707106781186547,0.,0.707106781186548));
#9450=DIRECTION('',(0.,-1.,0.));
#9451=DIRECTION('center_axis',(-0.707106781186547,0.,-0.707106781186548));
#9452=DIRECTION('ref_axis',(-0.707106781186548,0.,0.707106781186547));
#9453=DIRECTION('',(-0.707106781186548,0.,0.707106781186547));
#9454=DIRECTION('',(0.,1.,0.));
#9455=DIRECTION('',(0.707106781186548,0.,-0.707106781186547));
#9456=DIRECTION('',(0.,1.,0.));
#9457=DIRECTION('center_axis',(0.,0.,1.));
#9458=DIRECTION('ref_axis',(1.,0.,0.));
#9459=DIRECTION('',(-1.,0.,0.));
#9460=DIRECTION('',(1.,0.,0.));
#9461=DIRECTION('center_axis',(-0.707106781186548,0.,-0.707106781186547));
#9462=DIRECTION('ref_axis',(-0.707106781186547,0.,0.707106781186548));
#9463=DIRECTION('',(-0.707106781186547,0.,0.707106781186548));
#9464=DIRECTION('',(0.,1.,0.));
#9465=DIRECTION('',(0.707106781186547,0.,-0.707106781186548));
#9466=DIRECTION('',(0.,1.,0.));
#9467=DIRECTION('center_axis',(-6.99353086378051E-17,0.,1.));
#9468=DIRECTION('ref_axis',(1.,0.,6.99353086378051E-17));
#9469=DIRECTION('',(1.,0.,6.99353086378051E-17));
#9470=DIRECTION('',(0.,-1.,0.));
#9471=DIRECTION('',(-1.,0.,-6.99353086378051E-17));
#9472=DIRECTION('center_axis',(0.707106781186548,0.,-0.707106781186547));
#9473=DIRECTION('ref_axis',(-0.707106781186547,0.,-0.707106781186548));
#9474=DIRECTION('',(-0.707106781186547,0.,-0.707106781186548));
#9475=DIRECTION('',(0.,1.,0.));
#9476=DIRECTION('',(0.707106781186547,0.,0.707106781186548));
#9477=DIRECTION('center_axis',(0.,0.,-1.));
#9478=DIRECTION('ref_axis',(1.,0.,0.));
#9479=DIRECTION('center_axis',(0.,0.,-1.));
#9480=DIRECTION('ref_axis',(1.,0.,0.));
#9481=DIRECTION('',(0.,0.,-1.));
#9482=DIRECTION('center_axis',(-0.707106781186548,0.,0.707106781186548));
#9483=DIRECTION('ref_axis',(0.707106781186547,0.,0.707106781186547));
#9484=DIRECTION('center_axis',(0.,0.,-1.));
#9485=DIRECTION('ref_axis',(1.,0.,0.));
#9486=DIRECTION('',(0.,0.,-1.));
#9487=DIRECTION('center_axis',(0.,0.,-1.));
#9488=DIRECTION('ref_axis',(1.,0.,0.));
#9489=DIRECTION('',(0.,0.,-1.));
#9490=DIRECTION('center_axis',(0.,0.,-1.));
#9491=DIRECTION('ref_axis',(1.,0.,0.));
#9492=DIRECTION('center_axis',(0.,0.,-1.));
#9493=DIRECTION('ref_axis',(1.,0.,0.));
#9494=DIRECTION('',(0.,0.,-1.));
#9495=DIRECTION('center_axis',(-0.707106781186548,0.,0.707106781186548));
#9496=DIRECTION('ref_axis',(0.707106781186547,0.,0.707106781186547));
#9497=DIRECTION('center_axis',(0.707106781186548,0.,-0.707106781186548));
#9498=DIRECTION('ref_axis',(-0.707106781186548,0.,-0.707106781186548));
#9499=DIRECTION('',(0.707106781186548,-4.94517309821662E-16,0.707106781186548));
#9500=DIRECTION('',(0.,1.,0.));
#9501=DIRECTION('',(-0.707106781186548,0.,-0.707106781186548));
#9502=DIRECTION('',(0.,1.,0.));
#9503=DIRECTION('',(0.707106781186177,1.02409106399255E-6,0.707106781186177));
#9504=DIRECTION('center_axis',(1.,0.,0.));
#9505=DIRECTION('ref_axis',(0.,1.,0.));
#9506=DIRECTION('',(0.,0.,1.));
#9507=DIRECTION('',(0.,-1.,0.));
#9508=DIRECTION('',(0.,0.,1.));
#9509=DIRECTION('center_axis',(6.99353086378052E-16,1.,0.));
#9510=DIRECTION('ref_axis',(-1.,6.99353086378052E-16,0.));
#9511=DIRECTION('',(1.44828347180107E-6,-1.44828347180107E-6,-0.999999999997902));
#9512=DIRECTION('',(1.,-6.99353086378052E-16,0.));
#9513=DIRECTION('center_axis',(0.,1.,0.));
#9514=DIRECTION('ref_axis',(-1.,0.,0.));
#9515=DIRECTION('',(1.,0.,0.));
#9516=DIRECTION('',(1.,0.,0.));
#9517=DIRECTION('',(0.,0.,1.));
#9518=DIRECTION('center_axis',(0.,0.,-1.));
#9519=DIRECTION('ref_axis',(1.,0.,0.));
#9520=DIRECTION('center_axis',(0.,0.,-1.));
#9521=DIRECTION('ref_axis',(1.,0.,0.));
#9522=DIRECTION('',(0.,0.,-1.));
#9523=DIRECTION('center_axis',(0.707106781186548,-3.95613292325623E-15,
0.707106781186547));
#9524=DIRECTION('ref_axis',(0.707106781186547,0.,-0.707106781186548));
#9525=DIRECTION('center_axis',(0.,0.,-1.));
#9526=DIRECTION('ref_axis',(1.,0.,0.));
#9527=DIRECTION('center_axis',(0.,0.,-1.));
#9528=DIRECTION('ref_axis',(1.,0.,0.));
#9529=DIRECTION('',(0.,0.,-1.));
#9530=DIRECTION('center_axis',(0.707106781186548,-3.95613292325623E-15,
0.707106781186547));
#9531=DIRECTION('ref_axis',(0.707106781186547,0.,-0.707106781186548));
#9532=DIRECTION('center_axis',(-0.707106781186548,3.95613292325623E-15,
-0.707106781186547));
#9533=DIRECTION('ref_axis',(-0.707106781186547,0.,0.707106781186548));
#9534=DIRECTION('',(-0.707106781186547,0.,0.707106781186548));
#9535=DIRECTION('',(-5.59481683461967E-15,-1.,0.));
#9536=DIRECTION('',(0.,-1.,0.));
#9537=DIRECTION('center_axis',(-1.,5.59481683461967E-15,0.));
#9538=DIRECTION('ref_axis',(-5.59481683461967E-15,-1.,0.));
#9539=DIRECTION('',(0.,0.,1.));
#9540=DIRECTION('',(5.59481683461967E-15,1.,0.));
#9541=DIRECTION('center_axis',(0.,0.999999999998951,-1.44828347180259E-6));
#9542=DIRECTION('ref_axis',(1.,0.,0.));
#9543=DIRECTION('',(1.,0.,0.));
#9544=DIRECTION('center_axis',(0.,-1.,0.));
#9545=DIRECTION('ref_axis',(1.,0.,0.));
#9546=DIRECTION('',(-1.,0.,0.));
#9547=DIRECTION('',(-1.,0.,0.));
#9548=DIRECTION('',(-1.,0.,0.));
#9549=DIRECTION('',(0.,0.,1.));
#9550=DIRECTION('',(1.,0.,0.));
#9551=DIRECTION('',(0.,0.,1.));
#9552=DIRECTION('',(0.,0.,1.));
#9553=DIRECTION('',(1.,0.,0.));
#9554=DIRECTION('',(0.,0.,-1.));
#9555=DIRECTION('center_axis',(0.,0.,-1.));
#9556=DIRECTION('ref_axis',(1.,0.,0.));
#9557=DIRECTION('center_axis',(0.,0.,-1.));
#9558=DIRECTION('ref_axis',(1.,0.,0.));
#9559=DIRECTION('',(0.,0.,-1.));
#9560=DIRECTION('center_axis',(0.,0.,1.));
#9561=DIRECTION('ref_axis',(1.,0.,0.));
#9562=DIRECTION('center_axis',(1.,0.,0.));
#9563=DIRECTION('ref_axis',(0.,0.,1.));
#9564=DIRECTION('',(0.,-1.,0.));
#9565=DIRECTION('',(0.,0.,1.));
#9566=DIRECTION('center_axis',(0.,0.,-1.));
#9567=DIRECTION('ref_axis',(1.,0.,0.));
#9568=DIRECTION('',(1.,0.,0.));
#9569=DIRECTION('center_axis',(0.,-1.,0.));
#9570=DIRECTION('ref_axis',(0.,0.,-1.));
#9571=DIRECTION('',(0.,0.,1.));
#9572=DIRECTION('',(-1.,0.,0.));
#9573=DIRECTION('',(0.,0.,-1.));
#9574=DIRECTION('',(1.,0.,0.));
#9575=DIRECTION('center_axis',(0.,0.,-1.));
#9576=DIRECTION('ref_axis',(-1.,0.,0.));
#9577=DIRECTION('',(0.,1.,0.));
#9578=DIRECTION('',(-1.,0.,0.));
#9579=DIRECTION('',(0.,1.,0.));
#9580=DIRECTION('center_axis',(-1.,0.,0.));
#9581=DIRECTION('ref_axis',(0.,0.,1.));
#9582=DIRECTION('',(0.,1.,0.));
#9583=DIRECTION('',(0.,0.,1.));
#9584=DIRECTION('center_axis',(1.,0.,0.));
#9585=DIRECTION('ref_axis',(0.,0.,-1.));
#9586=DIRECTION('',(0.,0.,-1.));
#9587=DIRECTION('',(0.,1.,0.));
#9588=DIRECTION('center_axis',(0.,0.,1.));
#9589=DIRECTION('ref_axis',(1.,0.,0.));
#9590=DIRECTION('',(1.,0.,0.));
#9591=DIRECTION('center_axis',(0.,0.,1.));
#9592=DIRECTION('ref_axis',(1.,0.,0.));
#9593=DIRECTION('',(1.,0.,0.));
#9594=DIRECTION('',(-5.59481683461967E-15,-1.,0.));
#9595=DIRECTION('',(0.,1.,0.));
#9596=DIRECTION('center_axis',(0.,0.,1.));
#9597=DIRECTION('ref_axis',(0.707106781186543,0.707106781186552,0.));
#9598=DIRECTION('',(0.,0.,-1.));
#9599=DIRECTION('center_axis',(0.,0.,1.));
#9600=DIRECTION('ref_axis',(0.707106781186543,0.707106781186552,0.));
#9601=DIRECTION('',(0.,0.,1.));
#9602=DIRECTION('center_axis',(1.,0.,0.));
#9603=DIRECTION('ref_axis',(0.,1.,0.));
#9604=DIRECTION('',(0.,0.,1.));
#9605=DIRECTION('',(0.,-1.,0.));
#9606=DIRECTION('center_axis',(0.,0.,1.));
#9607=DIRECTION('ref_axis',(0.707106781186544,-0.707106781186551,0.));
#9608=DIRECTION('',(0.,0.,-1.));
#9609=DIRECTION('center_axis',(0.,0.,1.));
#9610=DIRECTION('ref_axis',(0.707106781186544,-0.707106781186551,0.));
#9611=DIRECTION('center_axis',(0.,-1.,0.));
#9612=DIRECTION('ref_axis',(1.,0.,0.));
#9613=DIRECTION('',(0.,0.,1.));
#9614=DIRECTION('',(-1.,0.,0.));
#9615=DIRECTION('center_axis',(0.,0.,1.));
#9616=DIRECTION('ref_axis',(-0.707106781186547,-0.707106781186548,0.));
#9617=DIRECTION('',(0.,0.,-1.));
#9618=DIRECTION('center_axis',(0.,0.,1.));
#9619=DIRECTION('ref_axis',(-0.707106781186547,-0.707106781186548,0.));
#9620=DIRECTION('center_axis',(-1.,0.,0.));
#9621=DIRECTION('ref_axis',(0.,-1.,0.));
#9622=DIRECTION('',(0.,0.,1.));
#9623=DIRECTION('',(0.,1.,0.));
#9624=DIRECTION('center_axis',(0.,0.,1.));
#9625=DIRECTION('ref_axis',(-0.70710678118655,0.707106781186545,0.));
#9626=DIRECTION('',(0.,0.,-1.));
#9627=DIRECTION('center_axis',(0.,0.,1.));
#9628=DIRECTION('ref_axis',(-0.70710678118655,0.707106781186545,0.));
#9629=DIRECTION('center_axis',(0.,1.,0.));
#9630=DIRECTION('ref_axis',(-1.,0.,0.));
#9631=DIRECTION('',(1.,0.,0.));
#9632=DIRECTION('center_axis',(0.,0.999999999998951,-1.44828347180259E-6));
#9633=DIRECTION('ref_axis',(-1.,0.,0.));
#9634=DIRECTION('',(1.,0.,0.));
#9635=DIRECTION('',(0.,0.,1.));
#9636=DIRECTION('',(-1.,0.,0.));
#9637=DIRECTION('',(0.,1.44828347180259E-6,0.999999999998951));
#9638=DIRECTION('center_axis',(0.,1.44828347180259E-6,0.999999999998951));
#9639=DIRECTION('ref_axis',(1.,0.,0.));
#9640=DIRECTION('',(0.,1.,0.));
#9641=DIRECTION('center_axis',(0.,1.,0.));
#9642=DIRECTION('ref_axis',(-1.,0.,0.));
#9643=DIRECTION('',(1.,0.,0.));
#9644=DIRECTION('',(0.,0.,1.));
#9645=DIRECTION('',(0.,0.,1.));
#9646=DIRECTION('',(1.,0.,0.));
#9647=DIRECTION('',(1.,0.,0.));
#9648=DIRECTION('center_axis',(0.,0.,1.));
#9649=DIRECTION('ref_axis',(1.,0.,0.));
#9650=DIRECTION('',(0.707106736052917,-0.707106826320175,0.));
#9651=DIRECTION('',(0.707106781186548,-0.707106781186547,0.));
#9652=DIRECTION('',(1.,0.,0.));
#9653=DIRECTION('',(0.,1.,0.));
#9654=DIRECTION('',(0.,1.,0.));
#9655=DIRECTION('',(-1.,0.,0.));
#9656=DIRECTION('',(0.,-1.,0.));
#9657=DIRECTION('center_axis',(-1.,0.,0.));
#9658=DIRECTION('ref_axis',(0.,0.,1.));
#9659=DIRECTION('center_axis',(-1.,0.,0.));
#9660=DIRECTION('ref_axis',(0.,-1.,0.));
#9661=DIRECTION('',(0.,0.,1.));
#9662=DIRECTION('center_axis',(1.,0.,0.));
#9663=DIRECTION('ref_axis',(0.,1.,0.));
#9664=DIRECTION('center_axis',(0.,0.,1.));
#9665=DIRECTION('ref_axis',(0.,-1.,0.));
#9666=DIRECTION('',(0.,1.,0.));
#9667=DIRECTION('',(-1.,6.99353086378052E-16,0.));
#9668=DIRECTION('',(0.,-1.,0.));
#9669=DIRECTION('center_axis',(1.,0.,0.));
#9670=DIRECTION('ref_axis',(0.,0.,-1.));
#9671=DIRECTION('center_axis',(6.99353086378052E-16,1.,0.));
#9672=DIRECTION('ref_axis',(-1.,6.99353086378052E-16,0.));
#9673=DIRECTION('',(0.,0.,1.));
#9674=DIRECTION('center_axis',(1.,0.,0.));
#9675=DIRECTION('ref_axis',(0.,1.,0.));
#9676=DIRECTION('center_axis',(-1.,5.59481683461967E-15,0.));
#9677=DIRECTION('ref_axis',(-5.59481683461967E-15,-1.,0.));
#9678=DIRECTION('',(0.,0.,1.));
#9679=DIRECTION('center_axis',(0.707106826320175,0.707106736052917,0.));
#9680=DIRECTION('ref_axis',(-0.707106736052917,0.707106826320175,0.));
#9681=DIRECTION('',(0.,0.,1.));
#9682=DIRECTION('center_axis',(0.707106781186547,0.707106781186548,0.));
#9683=DIRECTION('ref_axis',(-0.707106781186548,0.707106781186547,0.));
#9684=DIRECTION('center_axis',(0.,1.,0.));
#9685=DIRECTION('ref_axis',(-1.,0.,0.));
#9686=DIRECTION('',(0.,0.,1.));
#9687=DIRECTION('center_axis',(-1.,0.,0.));
#9688=DIRECTION('ref_axis',(0.,-1.,-2.23792987640976E-14));
#9689=DIRECTION('center_axis',(0.,1.,0.));
#9690=DIRECTION('ref_axis',(-1.,0.,0.));
#9691=DIRECTION('center_axis',(0.,1.,0.));
#9692=DIRECTION('ref_axis',(-1.,0.,0.));
#9693=DIRECTION('',(1.,0.,0.));
#9694=DIRECTION('',(0.,0.,1.));
#9695=DIRECTION('',(0.,0.,1.));
#9696=DIRECTION('center_axis',(-1.,0.,0.));
#9697=DIRECTION('ref_axis',(0.,-1.,0.));
#9698=DIRECTION('',(0.,1.,0.));
#9699=DIRECTION('',(0.,0.,1.));
#9700=DIRECTION('center_axis',(0.,-1.,0.));
#9701=DIRECTION('ref_axis',(1.,0.,0.));
#9702=DIRECTION('',(-1.,0.,0.));
#9703=DIRECTION('',(0.,0.,1.));
#9704=DIRECTION('center_axis',(1.,0.,0.));
#9705=DIRECTION('ref_axis',(0.,1.,0.));
#9706=DIRECTION('',(0.,-1.,0.));
#9707=DIRECTION('center_axis',(1.,0.,0.));
#9708=DIRECTION('ref_axis',(0.,1.,0.));
#9709=DIRECTION('',(0.,-1.,0.));
#9710=DIRECTION('',(0.,0.,1.));
#9711=DIRECTION('',(0.,0.,1.));
#9712=DIRECTION('center_axis',(0.,1.,0.));
#9713=DIRECTION('ref_axis',(-1.,0.,0.));
#9714=DIRECTION('',(1.,0.,0.));
#9715=DIRECTION('',(0.,0.,1.));
#9716=DIRECTION('center_axis',(-1.,0.,0.));
#9717=DIRECTION('ref_axis',(0.,-1.,-2.23792987640977E-14));
#9718=DIRECTION('',(0.,1.,0.));
#9719=DIRECTION('',(0.,0.,1.));
#9720=DIRECTION('center_axis',(0.,-1.,0.));
#9721=DIRECTION('ref_axis',(1.,0.,2.23792987640977E-14));
#9722=DIRECTION('',(-1.,0.,0.));
#9723=DIRECTION('center_axis',(-1.,0.,0.));
#9724=DIRECTION('ref_axis',(0.,-1.,0.));
#9725=DIRECTION('',(0.,0.,1.));
#9726=DIRECTION('center_axis',(0.,-1.,0.));
#9727=DIRECTION('ref_axis',(1.,0.,0.));
#9728=DIRECTION('',(0.,0.,1.));
#9729=DIRECTION('center_axis',(1.,0.,0.));
#9730=DIRECTION('ref_axis',(0.,1.,0.));
#9731=DIRECTION('center_axis',(0.,0.,1.));
#9732=DIRECTION('ref_axis',(1.,0.,0.));
#9733=DIRECTION('center_axis',(0.,0.,1.));
#9734=DIRECTION('ref_axis',(1.,0.,0.));
#9735=DIRECTION('center_axis',(0.,0.,1.));
#9736=DIRECTION('ref_axis',(1.,0.,0.));
#9737=DIRECTION('',(0.,0.,1.));
#9738=DIRECTION('',(1.,0.,0.));
#9739=DIRECTION('axis',(0.,0.,1.));
#9740=DIRECTION('refdir',(1.,0.,0.));
#9741=DIRECTION('center_axis',(0.,0.,-1.));
#9742=DIRECTION('ref_axis',(-1.,0.,0.));
#9743=DIRECTION('',(1.,0.,0.));
#9744=DIRECTION('',(0.,1.,0.));
#9745=DIRECTION('',(-1.,0.,0.));
#9746=DIRECTION('',(0.,-1.,0.));
#9747=DIRECTION('',(0.710206853708845,-0.703202477283988,0.0333541734517007));
#9748=DIRECTION('center_axis',(0.,0.,-1.));
#9749=DIRECTION('ref_axis',(-1.,0.,0.));
#9750=DIRECTION('',(-0.710206853708845,-0.703202477283988,0.0333541734517007));
#9751=DIRECTION('center_axis',(0.,0.,-1.));
#9752=DIRECTION('ref_axis',(-1.,0.,0.));
#9753=DIRECTION('',(0.703244656897031,0.710180369034914,0.0330272006565869));
#9754=DIRECTION('',(-1.,0.,0.));
#9755=DIRECTION('',(-0.703244656897031,0.710180369034914,0.0330272006565869));
#9756=DIRECTION('center_axis',(0.,0.,-1.));
#9757=DIRECTION('ref_axis',(-1.,0.,0.));
#9758=DIRECTION('',(0.,1.,0.));
#9759=DIRECTION('center_axis',(0.,0.,-1.));
#9760=DIRECTION('ref_axis',(-1.,0.,0.));
#9761=DIRECTION('',(0.,-1.,0.));
#9762=DIRECTION('center_axis',(0.,0.,1.));
#9763=DIRECTION('ref_axis',(-1.,0.,0.));
#9764=DIRECTION('center_axis',(-1.,0.,0.));
#9765=DIRECTION('ref_axis',(0.,1.,0.));
#9766=DIRECTION('',(0.,1.,0.));
#9767=DIRECTION('',(0.,0.,-1.));
#9768=DIRECTION('',(0.,0.,-1.));
#9769=DIRECTION('center_axis',(0.,-1.,0.));
#9770=DIRECTION('ref_axis',(-1.,0.,0.));
#9771=DIRECTION('',(-1.,0.,0.));
#9772=DIRECTION('',(0.,0.,1.));
#9773=DIRECTION('',(-1.,0.,0.));
#9774=DIRECTION('',(0.,0.,-1.));
#9775=DIRECTION('',(-1.,0.,0.));
#9776=DIRECTION('',(0.,0.,-1.));
#9777=DIRECTION('center_axis',(1.,0.,0.));
#9778=DIRECTION('ref_axis',(0.,-1.,0.));
#9779=DIRECTION('',(0.,-1.,0.));
#9780=DIRECTION('',(0.,0.,-1.));
#9781=DIRECTION('center_axis',(0.,1.,0.));
#9782=DIRECTION('ref_axis',(1.,0.,0.));
#9783=DIRECTION('',(1.,0.,0.));
#9784=DIRECTION('',(0.,0.,1.));
#9785=DIRECTION('',(0.,0.,-1.));
#9786=DIRECTION('',(1.,0.,0.));
#9787=DIRECTION('center_axis',(1.,0.,0.));
#9788=DIRECTION('ref_axis',(0.,1.,0.));
#9789=DIRECTION('',(0.,1.,0.));
#9790=DIRECTION('',(0.,0.,1.));
#9791=DIRECTION('',(0.,-1.,0.));
#9792=DIRECTION('center_axis',(-1.,0.,0.));
#9793=DIRECTION('ref_axis',(0.,-1.,0.));
#9794=DIRECTION('',(0.,1.,0.));
#9795=DIRECTION('',(0.,0.,1.));
#9796=DIRECTION('',(0.,-1.,0.));
#9797=DIRECTION('center_axis',(-1.,0.,0.));
#9798=DIRECTION('ref_axis',(0.,-1.,0.));
#9799=DIRECTION('',(0.,-1.,0.));
#9800=DIRECTION('',(0.,0.,1.));
#9801=DIRECTION('center_axis',(0.,0.,1.));
#9802=DIRECTION('ref_axis',(-0.707106781186548,0.707106781186548,0.));
#9803=DIRECTION('center_axis',(0.,0.,-1.));
#9804=DIRECTION('ref_axis',(-0.707106781186548,0.707106781186548,0.));
#9805=DIRECTION('',(0.,0.,-1.));
#9806=DIRECTION('center_axis',(0.,0.,1.));
#9807=DIRECTION('ref_axis',(-0.707106781186548,0.707106781186548,0.));
#9808=DIRECTION('',(0.,0.,1.));
#9809=DIRECTION('center_axis',(0.,1.,0.));
#9810=DIRECTION('ref_axis',(-1.,0.,0.));
#9811=DIRECTION('',(-1.,0.,0.));
#9812=DIRECTION('',(0.,0.,1.));
#9813=DIRECTION('',(1.,0.,0.));
#9814=DIRECTION('center_axis',(0.,0.,1.));
#9815=DIRECTION('ref_axis',(1.,0.,0.));
#9816=DIRECTION('',(0.,1.,0.));
#9817=DIRECTION('',(1.,0.,0.));
#9818=DIRECTION('',(1.,0.,0.));
#9819=DIRECTION('center_axis',(0.,0.,-1.));
#9820=DIRECTION('ref_axis',(0.707106781186547,-0.707106781186548,0.));
#9821=DIRECTION('',(0.,1.,0.));
#9822=DIRECTION('center_axis',(0.,0.,-1.));
#9823=DIRECTION('ref_axis',(0.707106781186551,0.707106781186544,0.));
#9824=DIRECTION('',(0.,-1.,0.));
#9825=DIRECTION('center_axis',(0.,0.,-1.));
#9826=DIRECTION('ref_axis',(-0.707106781186545,-0.70710678118655,0.));
#9827=DIRECTION('',(1.,0.,0.));
#9828=DIRECTION('center_axis',(0.,0.,1.));
#9829=DIRECTION('ref_axis',(0.707106781186551,0.707106781186544,0.));
#9830=DIRECTION('',(0.,0.,-1.));
#9831=DIRECTION('center_axis',(0.,0.,1.));
#9832=DIRECTION('ref_axis',(0.707106781186551,0.707106781186544,0.));
#9833=DIRECTION('center_axis',(1.,0.,0.));
#9834=DIRECTION('ref_axis',(0.,1.,0.));
#9835=DIRECTION('',(0.,0.,1.));
#9836=DIRECTION('',(0.,-1.,0.));
#9837=DIRECTION('center_axis',(0.,0.,1.));
#9838=DIRECTION('ref_axis',(0.707106781186547,-0.707106781186548,0.));
#9839=DIRECTION('',(0.,0.,-1.));
#9840=DIRECTION('center_axis',(0.,0.,1.));
#9841=DIRECTION('ref_axis',(0.707106781186547,-0.707106781186548,0.));
#9842=DIRECTION('center_axis',(0.,-1.,0.));
#9843=DIRECTION('ref_axis',(1.,0.,0.));
#9844=DIRECTION('',(1.,0.,0.));
#9845=DIRECTION('',(0.,0.,1.));
#9846=DIRECTION('',(-1.,0.,0.));
#9847=DIRECTION('center_axis',(0.,0.,1.));
#9848=DIRECTION('ref_axis',(-0.707106781186545,-0.70710678118655,0.));
#9849=DIRECTION('',(0.,0.,-1.));
#9850=DIRECTION('center_axis',(0.,0.,1.));
#9851=DIRECTION('ref_axis',(-0.707106781186545,-0.70710678118655,0.));
#9852=DIRECTION('center_axis',(-1.,0.,0.));
#9853=DIRECTION('ref_axis',(0.,-1.,0.));
#9854=DIRECTION('',(0.,1.,0.));
#9855=DIRECTION('center_axis',(0.,-1.,0.));
#9856=DIRECTION('ref_axis',(1.,0.,0.));
#9857=DIRECTION('',(0.,0.,1.));
#9858=DIRECTION('center_axis',(1.,0.,0.));
#9859=DIRECTION('ref_axis',(0.,1.,0.));
#9860=DIRECTION('center_axis',(0.,0.,1.));
#9861=DIRECTION('ref_axis',(1.,0.,0.));
#9862=DIRECTION('center_axis',(0.,0.,1.));
#9863=DIRECTION('ref_axis',(1.,0.,0.));
#9864=DIRECTION('axis',(0.,0.,1.));
#9865=DIRECTION('refdir',(1.,0.,0.));
#9866=DIRECTION('center_axis',(1.,0.,3.88529492432251E-15));
#9867=DIRECTION('ref_axis',(-3.88529492432251E-15,0.,1.));
#9868=DIRECTION('',(-3.88529492432251E-15,0.,1.));
#9869=DIRECTION('',(0.,-1.,0.));
#9870=DIRECTION('',(-3.88529492432251E-15,0.,1.));
#9871=DIRECTION('',(0.,-1.,0.));
#9872=DIRECTION('center_axis',(-1.28055374703012E-17,0.,-1.));
#9873=DIRECTION('ref_axis',(1.,0.,-1.28055374703012E-17));
#9874=DIRECTION('',(1.,0.,-1.28055374703012E-17));
#9875=DIRECTION('',(0.,-1.,0.));
#9876=DIRECTION('',(1.,0.,-1.28055374703012E-17));
#9877=DIRECTION('',(0.,1.,0.));
#9878=DIRECTION('',(1.,0.,-1.28055374703012E-17));
#9879=DIRECTION('',(0.,-1.,0.));
#9880=DIRECTION('',(-1.,0.,1.28055374703012E-17));
#9881=DIRECTION('center_axis',(-1.,0.,0.));
#9882=DIRECTION('ref_axis',(0.,0.,-1.));
#9883=DIRECTION('',(0.,0.,-1.));
#9884=DIRECTION('',(0.,-1.,0.));
#9885=DIRECTION('',(0.,0.,-1.));
#9886=DIRECTION('center_axis',(0.,0.,1.));
#9887=DIRECTION('ref_axis',(-1.,0.,0.));
#9888=DIRECTION('',(-1.,0.,0.));
#9889=DIRECTION('',(-1.,0.,0.));
#9890=DIRECTION('',(0.,-1.,0.));
#9891=DIRECTION('',(1.,0.,0.));
#9892=DIRECTION('',(0.,1.,0.));
#9893=DIRECTION('',(-1.,0.,0.));
#9894=DIRECTION('center_axis',(0.,-1.,0.));
#9895=DIRECTION('ref_axis',(0.,0.,-1.));
#9896=DIRECTION('center_axis',(0.,1.,0.));
#9897=DIRECTION('ref_axis',(-1.,0.,0.));
#9898=DIRECTION('',(0.,0.,1.));
#9899=DIRECTION('',(-1.,0.,0.));
#9900=DIRECTION('',(0.,0.,1.));
#9901=DIRECTION('center_axis',(0.,1.,0.));
#9902=DIRECTION('ref_axis',(-1.,0.,0.));
#9903=DIRECTION('',(0.,0.,1.));
#9904=DIRECTION('',(-1.,0.,0.));
#9905=DIRECTION('',(0.,0.,1.));
#9906=DIRECTION('center_axis',(1.,0.,0.));
#9907=DIRECTION('ref_axis',(0.,1.,0.));
#9908=DIRECTION('',(0.,0.,1.));
#9909=DIRECTION('',(0.,1.,0.));
#9910=DIRECTION('center_axis',(1.,0.,0.));
#9911=DIRECTION('ref_axis',(0.,1.,0.));
#9912=DIRECTION('',(0.,1.,0.));
#9913=DIRECTION('',(0.,0.,1.));
#9914=DIRECTION('center_axis',(0.,-1.,0.));
#9915=DIRECTION('ref_axis',(1.,0.,0.));
#9916=DIRECTION('',(0.,0.,1.));
#9917=DIRECTION('',(1.,0.,0.));
#9918=DIRECTION('center_axis',(-1.,0.,0.));
#9919=DIRECTION('ref_axis',(0.,-1.,0.));
#9920=DIRECTION('',(0.,-1.,0.));
#9921=DIRECTION('center_axis',(-1.,0.,0.));
#9922=DIRECTION('ref_axis',(0.,-1.,0.));
#9923=DIRECTION('',(0.,0.,1.));
#9924=DIRECTION('',(0.,-1.,0.));
#9925=DIRECTION('center_axis',(0.,-1.,0.));
#9926=DIRECTION('ref_axis',(1.,0.,0.));
#9927=DIRECTION('',(1.,0.,0.));
#9928=DIRECTION('center_axis',(1.,3.89778061666455E-33,0.));
#9929=DIRECTION('ref_axis',(-3.89778061666455E-33,1.,0.));
#9930=DIRECTION('',(3.89778061666455E-33,-1.,0.));
#9931=DIRECTION('',(0.,0.,1.));
#9932=DIRECTION('',(-3.89778061666455E-33,1.,0.));
#9933=DIRECTION('',(0.,0.,1.));
#9934=DIRECTION('center_axis',(0.,-1.,0.));
#9935=DIRECTION('ref_axis',(1.,0.,0.));
#9936=DIRECTION('',(-1.,0.,0.));
#9937=DIRECTION('',(1.,0.,0.));
#9938=DIRECTION('',(0.,0.,1.));
#9939=DIRECTION('center_axis',(-1.,0.,0.));
#9940=DIRECTION('ref_axis',(0.,-1.,0.));
#9941=DIRECTION('',(0.,1.,0.));
#9942=DIRECTION('',(0.,-1.,0.));
#9943=DIRECTION('',(0.,0.,1.));
#9944=DIRECTION('center_axis',(0.,1.,0.));
#9945=DIRECTION('ref_axis',(-1.,0.,0.));
#9946=DIRECTION('',(1.,0.,0.));
#9947=DIRECTION('',(-1.,0.,0.));
#9948=DIRECTION('center_axis',(0.,0.,1.));
#9949=DIRECTION('ref_axis',(1.,0.,0.));
#9950=DIRECTION('center_axis',(0.,0.,1.));
#9951=DIRECTION('ref_axis',(1.,0.,0.));
#9952=DIRECTION('axis',(0.,0.,1.));
#9953=DIRECTION('refdir',(1.,0.,0.));
#9954=DIRECTION('axis',(0.,0.,1.));
#9955=DIRECTION('refdir',(1.,0.,0.));
#9956=DIRECTION('axis',(0.,0.,1.));
#9957=DIRECTION('refdir',(1.,0.,0.));
#9958=DIRECTION('center_axis',(1.26930986047083E-16,-1.,0.));
#9959=DIRECTION('ref_axis',(1.,1.26930986047083E-16,0.));
#9960=DIRECTION('',(-1.,-1.26930986047083E-16,0.));
#9961=DIRECTION('center_axis',(1.26930986047083E-16,-1.,0.));
#9962=DIRECTION('ref_axis',(1.,1.26930986047083E-16,0.));
#9963=DIRECTION('',(0.,0.,-1.));
#9964=DIRECTION('center_axis',(1.26930986047083E-16,-1.,0.));
#9965=DIRECTION('ref_axis',(1.,1.26930986047083E-16,0.));
#9966=DIRECTION('',(-1.,-1.26930986047083E-16,0.));
#9967=DIRECTION('',(0.,0.,-1.));
#9968=DIRECTION('',(1.,1.26930986047083E-16,0.));
#9969=DIRECTION('',(0.,0.,-1.));
#9970=DIRECTION('',(1.,1.26930986047083E-16,0.));
#9971=DIRECTION('',(0.,0.,-1.));
#9972=DIRECTION('center_axis',(1.26930986047083E-16,-1.,0.));
#9973=DIRECTION('ref_axis',(1.,1.26930986047083E-16,0.));
#9974=DIRECTION('center_axis',(1.26930986047083E-16,-1.,0.));
#9975=DIRECTION('ref_axis',(1.,1.26930986047083E-16,0.));
#9976=DIRECTION('center_axis',(-1.26930986047083E-16,1.,0.));
#9977=DIRECTION('ref_axis',(-1.,-1.26930986047083E-16,0.));
#9978=DIRECTION('',(0.,0.,-1.));
#9979=DIRECTION('center_axis',(-1.26930986047083E-16,1.,0.));
#9980=DIRECTION('ref_axis',(-1.,-1.26930986047083E-16,0.));
#9981=DIRECTION('',(1.,1.26930986047083E-16,0.));
#9982=DIRECTION('',(0.,0.,-1.));
#9983=DIRECTION('',(-1.,-1.26930986047083E-16,0.));
#9984=DIRECTION('',(0.,0.,1.));
#9985=DIRECTION('',(-1.,-1.26930986047083E-16,0.));
#9986=DIRECTION('',(0.,0.,-1.));
#9987=DIRECTION('',(1.,1.26930986047083E-16,0.));
#9988=DIRECTION('center_axis',(-1.26930986047083E-16,1.,0.));
#9989=DIRECTION('ref_axis',(-1.,-1.26930986047083E-16,0.));
#9990=DIRECTION('center_axis',(-1.26930986047083E-16,1.,0.));
#9991=DIRECTION('ref_axis',(-1.,-1.26930986047083E-16,0.));
#9992=DIRECTION('center_axis',(-1.26930986047083E-16,1.,0.));
#9993=DIRECTION('ref_axis',(-1.,-1.26930986047083E-16,0.));
#9994=DIRECTION('center_axis',(0.,0.,-1.));
#9995=DIRECTION('ref_axis',(-1.,0.,0.));
#9996=DIRECTION('center_axis',(0.,0.,-1.));
#9997=DIRECTION('ref_axis',(-1.,0.,0.));
#9998=DIRECTION('center_axis',(0.,0.,-1.));
#9999=DIRECTION('ref_axis',(1.,0.,0.));
#10000=DIRECTION('center_axis',(1.,0.,0.));
#10001=DIRECTION('ref_axis',(0.,0.,-1.));
#10002=DIRECTION('',(0.,-1.,0.));
#10003=DIRECTION('',(0.,-1.,0.));
#10004=DIRECTION('center_axis',(0.,0.,-1.));
#10005=DIRECTION('ref_axis',(-1.,0.,0.));
#10006=DIRECTION('',(0.,-1.,0.));
#10007=DIRECTION('center_axis',(0.,0.,-1.));
#10008=DIRECTION('ref_axis',(-1.,0.,0.));
#10009=DIRECTION('',(0.,-1.,0.));
#10010=DIRECTION('center_axis',(0.,0.,-1.));
#10011=DIRECTION('ref_axis',(1.,0.,0.));
#10012=DIRECTION('center_axis',(0.,0.,-1.));
#10013=DIRECTION('ref_axis',(-1.,0.,0.));
#10014=DIRECTION('center_axis',(0.,0.,-1.));
#10015=DIRECTION('ref_axis',(-1.,0.,0.));
#10016=DIRECTION('center_axis',(-1.31418445149758E-16,1.,0.));
#10017=DIRECTION('ref_axis',(-1.,-1.31418445149758E-16,0.));
#10018=DIRECTION('center_axis',(0.,-1.,0.));
#10019=DIRECTION('ref_axis',(0.,0.,-1.));
#10020=DIRECTION('',(-1.31418445149758E-16,1.,0.));
#10021=DIRECTION('center_axis',(0.,1.,0.));
#10022=DIRECTION('ref_axis',(0.,0.,1.));
#10023=DIRECTION('center_axis',(0.,1.,0.));
#10024=DIRECTION('ref_axis',(0.,0.,1.));
#10025=DIRECTION('center_axis',(0.,-1.,0.));
#10026=DIRECTION('ref_axis',(0.,0.,-1.));
#10027=DIRECTION('center_axis',(-1.31418445149758E-16,1.,0.));
#10028=DIRECTION('ref_axis',(-1.,-1.31418445149758E-16,0.));
#10029=DIRECTION('center_axis',(0.,-1.,0.));
#10030=DIRECTION('ref_axis',(0.,0.,-1.));
#10031=DIRECTION('',(-1.31418445149758E-16,1.,0.));
#10032=DIRECTION('center_axis',(0.,1.,0.));
#10033=DIRECTION('ref_axis',(0.,0.,1.));
#10034=DIRECTION('center_axis',(0.,1.,0.));
#10035=DIRECTION('ref_axis',(0.,0.,1.));
#10036=DIRECTION('center_axis',(0.,-1.,0.));
#10037=DIRECTION('ref_axis',(0.,0.,-1.));
#10038=DIRECTION('center_axis',(0.,1.,0.));
#10039=DIRECTION('ref_axis',(0.,0.,1.));
#10040=DIRECTION('',(-8.65956056235493E-17,0.707106781186548,-0.707106781186547));
#10041=DIRECTION('center_axis',(0.,1.,0.));
#10042=DIRECTION('ref_axis',(0.,0.,1.));
#10043=DIRECTION('',(-8.65956056235492E-17,0.707106781186549,-0.707106781186547));
#10044=DIRECTION('center_axis',(0.,-1.,0.));
#10045=DIRECTION('ref_axis',(0.,0.,-1.));
#10046=DIRECTION('',(-8.65956056235493E-17,-0.707106781186548,0.707106781186547));
#10047=DIRECTION('center_axis',(0.,-1.,0.));
#10048=DIRECTION('ref_axis',(0.,0.,-1.));
#10049=DIRECTION('',(-8.65956056235493E-17,-0.707106781186548,0.707106781186547));
#10050=DIRECTION('center_axis',(0.,0.,-1.));
#10051=DIRECTION('ref_axis',(-1.,0.,0.));
#10052=DIRECTION('center_axis',(0.,0.,-1.));
#10053=DIRECTION('ref_axis',(1.,0.,0.));
#10054=DIRECTION('',(0.,0.,1.));
#10055=DIRECTION('center_axis',(0.,0.,-1.));
#10056=DIRECTION('ref_axis',(1.,0.,0.));
#10057=DIRECTION('center_axis',(0.,0.,-1.));
#10058=DIRECTION('ref_axis',(-1.,0.,0.));
#10059=DIRECTION('center_axis',(0.,0.,-1.));
#10060=DIRECTION('ref_axis',(1.,0.,0.));
#10061=DIRECTION('',(0.,0.,-1.));
#10062=DIRECTION('center_axis',(0.,0.,-1.));
#10063=DIRECTION('ref_axis',(1.,0.,0.));
#10064=DIRECTION('center_axis',(0.,0.,-1.));
#10065=DIRECTION('ref_axis',(-1.,0.,0.));
#10066=DIRECTION('',(0.273998148005966,0.961730219390709,0.));
#10067=DIRECTION('center_axis',(0.,0.,-1.));
#10068=DIRECTION('ref_axis',(-1.,0.,0.));
#10069=DIRECTION('',(-0.273998148005966,-0.961730219390709,0.));
#10070=DIRECTION('center_axis',(0.961730219390709,-0.273998148005966,0.));
#10071=DIRECTION('ref_axis',(0.,0.,-1.));
#10072=DIRECTION('center_axis',(0.,1.,0.));
#10073=DIRECTION('ref_axis',(0.,0.,1.));
#10074=DIRECTION('center_axis',(0.,-1.,0.));
#10075=DIRECTION('ref_axis',(0.,0.,-1.));
#10076=DIRECTION('axis',(0.,0.,1.));
#10077=DIRECTION('refdir',(1.,0.,0.));
#10078=DIRECTION('center_axis',(0.,0.,1.));
#10079=DIRECTION('ref_axis',(-1.,0.,0.));
#10080=DIRECTION('center_axis',(0.,0.,1.));
#10081=DIRECTION('ref_axis',(1.,0.,0.));
#10082=DIRECTION('',(0.,0.,1.));
#10083=DIRECTION('center_axis',(0.,0.,1.));
#10084=DIRECTION('ref_axis',(1.,0.,0.));
#10085=DIRECTION('',(0.,0.,1.));
#10086=DIRECTION('center_axis',(0.,0.,-1.));
#10087=DIRECTION('ref_axis',(1.,0.,0.));
#10088=DIRECTION('',(1.,-1.26930986047083E-16,0.));
#10089=DIRECTION('',(-0.294695385174938,0.955591246274575,0.));
#10090=DIRECTION('',(-1.,1.26930986047083E-16,0.));
#10091=DIRECTION('center_axis',(0.,0.,1.));
#10092=DIRECTION('ref_axis',(1.,0.,0.));
#10093=DIRECTION('center_axis',(0.,0.,-1.));
#10094=DIRECTION('ref_axis',(-1.,0.,0.));
#10095=DIRECTION('center_axis',(0.,0.,-1.));
#10096=DIRECTION('ref_axis',(1.,0.,0.));
#10097=DIRECTION('',(0.,0.,-1.));
#10098=DIRECTION('',(0.,0.,-1.));
#10099=DIRECTION('center_axis',(0.,0.,1.));
#10100=DIRECTION('ref_axis',(1.,0.,0.));
#10101=DIRECTION('center_axis',(1.26930986047083E-16,1.,0.));
#10102=DIRECTION('ref_axis',(1.,-1.26930986047083E-16,0.));
#10103=DIRECTION('',(0.,0.,-1.));
#10104=DIRECTION('center_axis',(1.26930986047083E-16,1.,0.));
#10105=DIRECTION('ref_axis',(-1.,1.26930986047083E-16,0.));
#10106=DIRECTION('',(-1.,1.26930986047083E-16,0.));
#10107=DIRECTION('',(0.,0.,-1.));
#10108=DIRECTION('',(1.,-1.26930986047083E-16,0.));
#10109=DIRECTION('',(0.,0.,-1.));
#10110=DIRECTION('',(-1.,1.26930986047083E-16,0.));
#10111=DIRECTION('center_axis',(1.26930986047083E-16,1.,0.));
#10112=DIRECTION('ref_axis',(-1.,1.26930986047083E-16,0.));
#10113=DIRECTION('center_axis',(-1.26930986047083E-16,-1.,0.));
#10114=DIRECTION('ref_axis',(1.,-1.26930986047083E-16,0.));
#10115=DIRECTION('center_axis',(-1.26930986047083E-16,-1.,0.));
#10116=DIRECTION('ref_axis',(1.,-1.26930986047083E-16,0.));
#10117=DIRECTION('center_axis',(-1.26930986047083E-16,-1.,0.));
#10118=DIRECTION('ref_axis',(-1.,1.26930986047083E-16,0.));
#10119=DIRECTION('',(1.,-1.26930986047083E-16,0.));
#10120=DIRECTION('center_axis',(-1.26930986047083E-16,-1.,0.));
#10121=DIRECTION('ref_axis',(1.,-1.26930986047083E-16,0.));
#10122=DIRECTION('',(0.,0.,-1.));
#10123=DIRECTION('center_axis',(-1.26930986047083E-16,-1.,0.));
#10124=DIRECTION('ref_axis',(1.,-1.26930986047083E-16,0.));
#10125=DIRECTION('',(1.,-1.26930986047083E-16,0.));
#10126=DIRECTION('',(0.,0.,-1.));
#10127=DIRECTION('',(-1.,1.26930986047083E-16,0.));
#10128=DIRECTION('center_axis',(1.26930986047083E-16,1.,0.));
#10129=DIRECTION('ref_axis',(-1.,1.26930986047083E-16,0.));
#10130=DIRECTION('center_axis',(1.26930986047083E-16,1.,0.));
#10131=DIRECTION('ref_axis',(-1.,1.26930986047083E-16,0.));
#10132=DIRECTION('center_axis',(0.,1.,0.));
#10133=DIRECTION('ref_axis',(0.,0.,1.));
#10134=DIRECTION('center_axis',(0.,-1.,0.));
#10135=DIRECTION('ref_axis',(0.,0.,1.));
#10136=DIRECTION('center_axis',(0.,-1.,0.));
#10137=DIRECTION('ref_axis',(0.,0.,1.));
#10138=DIRECTION('',(-8.65956056235493E-17,0.707106781186548,-0.707106781186547));
#10139=DIRECTION('center_axis',(0.,1.,0.));
#10140=DIRECTION('ref_axis',(0.,0.,1.));
#10141=DIRECTION('center_axis',(0.,-1.,0.));
#10142=DIRECTION('ref_axis',(0.,0.,1.));
#10143=DIRECTION('center_axis',(0.,-1.,0.));
#10144=DIRECTION('ref_axis',(0.,0.,1.));
#10145=DIRECTION('',(-8.65956056235492E-17,0.707106781186549,-0.707106781186547));
#10146=DIRECTION('center_axis',(0.,-1.,0.));
#10147=DIRECTION('ref_axis',(0.,0.,-1.));
#10148=DIRECTION('center_axis',(0.,1.,0.));
#10149=DIRECTION('ref_axis',(0.,0.,-1.));
#10150=DIRECTION('center_axis',(0.,1.,0.));
#10151=DIRECTION('ref_axis',(0.,0.,-1.));
#10152=DIRECTION('',(-8.65956056235493E-17,-0.707106781186548,0.707106781186547));
#10153=DIRECTION('center_axis',(0.,-1.,0.));
#10154=DIRECTION('ref_axis',(0.,0.,-1.));
#10155=DIRECTION('center_axis',(0.,1.,0.));
#10156=DIRECTION('ref_axis',(0.,0.,-1.));
#10157=DIRECTION('center_axis',(0.,1.,0.));
#10158=DIRECTION('ref_axis',(0.,0.,-1.));
#10159=DIRECTION('',(-8.65956056235493E-17,-0.707106781186548,0.707106781186547));
#10160=DIRECTION('center_axis',(1.31418445149758E-16,1.,0.));
#10161=DIRECTION('ref_axis',(1.,-1.31418445149758E-16,0.));
#10162=DIRECTION('',(1.31418445149758E-16,1.,0.));
#10163=DIRECTION('center_axis',(1.31418445149758E-16,1.,0.));
#10164=DIRECTION('ref_axis',(1.,-1.31418445149758E-16,0.));
#10165=DIRECTION('',(1.31418445149758E-16,1.,0.));
#10166=DIRECTION('center_axis',(0.,0.,-1.));
#10167=DIRECTION('ref_axis',(1.,0.,0.));
#10168=DIRECTION('',(0.,-1.,0.));
#10169=DIRECTION('',(0.294695385174938,-0.955591246274575,0.));
#10170=DIRECTION('center_axis',(0.,0.,-1.));
#10171=DIRECTION('ref_axis',(1.,0.,0.));
#10172=DIRECTION('',(0.,-1.,0.));
#10173=DIRECTION('',(-0.29469538517496,0.955591246274568,0.));
#10174=DIRECTION('center_axis',(0.,0.,1.));
#10175=DIRECTION('ref_axis',(1.,0.,0.));
#10176=DIRECTION('center_axis',(-1.,0.,0.));
#10177=DIRECTION('ref_axis',(0.,0.,-1.));
#10178=DIRECTION('',(0.,-1.,0.));
#10179=DIRECTION('',(0.,-1.,0.));
#10180=DIRECTION('center_axis',(0.,0.,-1.));
#10181=DIRECTION('ref_axis',(-1.,0.,0.));
#10182=DIRECTION('',(0.,0.,-1.));
#10183=DIRECTION('center_axis',(0.,0.,1.));
#10184=DIRECTION('ref_axis',(1.,0.,0.));
#10185=DIRECTION('center_axis',(0.,0.,-1.));
#10186=DIRECTION('ref_axis',(-1.,0.,0.));
#10187=DIRECTION('',(0.,0.,-1.));
#10188=DIRECTION('center_axis',(0.,0.,1.));
#10189=DIRECTION('ref_axis',(1.,0.,0.));
#10190=DIRECTION('center_axis',(0.,0.,1.));
#10191=DIRECTION('ref_axis',(1.,0.,0.));
#10192=DIRECTION('',(0.29469538517496,-0.955591246274568,0.));
#10193=DIRECTION('center_axis',(0.,0.,1.));
#10194=DIRECTION('ref_axis',(1.,0.,0.));
#10195=DIRECTION('center_axis',(0.,0.,-1.));
#10196=DIRECTION('ref_axis',(-1.,0.,0.));
#10197=DIRECTION('',(0.707106781186549,-8.65956056235495E-17,-0.707106781186546));
#10198=DIRECTION('center_axis',(-0.955591246274568,-0.29469538517496,0.));
#10199=DIRECTION('ref_axis',(0.,0.,-1.));
#10200=DIRECTION('center_axis',(-0.955591246274575,-0.294695385174938,0.));
#10201=DIRECTION('ref_axis',(0.,0.,1.));
#10202=DIRECTION('center_axis',(0.,-1.,0.));
#10203=DIRECTION('ref_axis',(0.,0.,-1.));
#10204=DIRECTION('center_axis',(0.,1.,0.));
#10205=DIRECTION('ref_axis',(0.,0.,1.));
#10206=DIRECTION('',(4.93038065763132E-32,5.68652485151343E-48,1.));
#10207=DIRECTION('',(1.,-2.73691106313441E-48,-4.93038065763132E-32));
#10208=DIRECTION('',(-2.78734153847115E-16,6.21064384728592E-16,1.));
#10209=DIRECTION('',(1.,1.07899800205757E-15,2.78734153847114E-16));
#10210=DIRECTION('',(0.,3.8045823173254E-47,1.));
#10211=DIRECTION('',(1.,-5.47382212626882E-48,0.));
#10212=DIRECTION('',(-2.78734153847114E-16,6.21064384728592E-16,1.));
#10213=DIRECTION('',(1.,1.07899800205757E-15,2.78734153847113E-16));
#10214=DIRECTION('',(6.12323399573677E-17,-3.74939945665464E-33,1.));
#10215=DIRECTION('',(1.,0.,-6.12323399573677E-17));
#10216=DIRECTION('',(-6.12323399573677E-17,-2.23792987640977E-14,1.));
#10217=DIRECTION('',(6.12323399573677E-17,1.,2.23792987640977E-14));
#10218=DIRECTION('',(6.12323399573676E-17,1.87469972832732E-32,1.));
#10219=DIRECTION('',(-1.,-1.22464679914735E-16,6.12323399573676E-17));
#10220=DIRECTION('',(-4.59169004331693E-48,3.74939945665464E-33,1.));
#10221=DIRECTION('',(1.,2.44929359829471E-16,1.47626059184119E-80));
#10222=DIRECTION('',(3.41390181327618E-16,7.88860905221012E-31,1.));
#10223=DIRECTION('',(6.12323399573677E-17,-1.,1.38050658413677E-30));
#10224=DIRECTION('',(4.65824441209057E-16,5.6606722457789E-15,1.));
#10225=DIRECTION('',(-4.34714905590546E-16,1.,6.12323399573668E-17));
#10226=DIRECTION('',(1.19511763822205E-16,1.50337817040165E-30,1.));
#10227=DIRECTION('',(-1.,-3.67394039744206E-16,1.19511763822205E-16));
#10228=DIRECTION('',(0.,0.,1.));
#10229=DIRECTION('',(1.,0.,0.));
#10230=DIRECTION('',(6.12323399573677E-17,-3.74939945665464E-33,1.));
#10231=DIRECTION('',(1.,0.,-6.12323399573677E-17));
#10232=DIRECTION('',(6.12323399573677E-17,-1.,3.74939945665464E-33));
#10233=DIRECTION('',(1.,6.12323399573677E-17,0.));
#10234=DIRECTION('',(-1.,9.86076131526265E-32,-2.35922392732846E-16));
#10235=DIRECTION('',(-2.35922392732845E-16,2.41033705433496E-32,1.));
#10236=DIRECTION('',(-1.,2.95822839457879E-31,3.87190279838024E-15));
#10237=DIRECTION('',(3.87190279838023E-15,2.41033705433501E-32,1.));
#10238=CARTESIAN_POINT('',(0.,0.,0.));
#10239=CARTESIAN_POINT('',(0.,0.,0.));
#10240=CARTESIAN_POINT('Origin',(0.0575,1.25,5.));
#10241=CARTESIAN_POINT('',(0.0575,1.25,5.));
#10242=CARTESIAN_POINT('',(0.0575,1.25,0.));
#10243=CARTESIAN_POINT('',(0.0574999999999999,1.25,2.5));
#10244=CARTESIAN_POINT('',(0.0575,1.15,5.));
#10245=CARTESIAN_POINT('',(0.0575,0.9375,5.));
#10246=CARTESIAN_POINT('',(0.0575,1.15,0.));
#10247=CARTESIAN_POINT('',(0.0575,1.15,5.));
#10248=CARTESIAN_POINT('',(0.0575,0.9375,0.));
#10249=CARTESIAN_POINT('Origin',(0.1925,1.25,0.));
#10250=CARTESIAN_POINT('',(0.1925,1.25,0.));
#10251=CARTESIAN_POINT('',(0.1925,1.25,5.));
#10252=CARTESIAN_POINT('',(0.1925,1.25,0.));
#10253=CARTESIAN_POINT('',(0.1925,1.15,0.));
#10254=CARTESIAN_POINT('',(0.1925,0.9375,0.));
#10255=CARTESIAN_POINT('',(0.1925,1.15,5.));
#10256=CARTESIAN_POINT('',(0.1925,1.15,5.));
#10257=CARTESIAN_POINT('',(0.1925,0.9375,5.));
#10258=CARTESIAN_POINT('Origin',(0.125,1.15,2.5));
#10259=CARTESIAN_POINT('',(0.375,1.15,0.));
#10260=CARTESIAN_POINT('',(0.375,1.15,5.));
#10261=CARTESIAN_POINT('Origin',(0.625,0.625,5.));
#10262=CARTESIAN_POINT('',(0.,1.25,5.));
#10263=CARTESIAN_POINT('',(1.25,1.25,5.));
#10264=CARTESIAN_POINT('',(0.,0.2,5.));
#10265=CARTESIAN_POINT('',(0.,1.25,5.));
#10266=CARTESIAN_POINT('',(0.2,0.,5.));
#10267=CARTESIAN_POINT('Origin',(0.2,0.2,5.));
#10268=CARTESIAN_POINT('',(1.25,0.,5.));
#10269=CARTESIAN_POINT('',(0.,0.,5.));
#10270=CARTESIAN_POINT('',(1.25,1.25,5.));
#10271=CARTESIAN_POINT('',(1.25,0.,5.));
#10272=CARTESIAN_POINT('',(1.25,1.25,5.));
#10273=CARTESIAN_POINT('Origin',(1.25,1.25,0.));
#10274=CARTESIAN_POINT('',(0.,1.25,0.));
#10275=CARTESIAN_POINT('',(1.25,1.25,0.));
#10276=CARTESIAN_POINT('',(0.,1.25,0.));
#10277=CARTESIAN_POINT('Origin',(0.7375,0.125,1.875));
#10278=CARTESIAN_POINT('',(0.725,0.,2.));
#10279=CARTESIAN_POINT('',(0.725,0.25,1.75));
#10280=CARTESIAN_POINT('',(0.725,-0.0625,2.0625));
#10281=CARTESIAN_POINT('',(0.25,0.25,1.75));
#10282=CARTESIAN_POINT('',(0.7375,0.25,1.75));
#10283=CARTESIAN_POINT('',(0.25,0.,2.));
#10284=CARTESIAN_POINT('',(0.25,0.625,1.375));
#10285=CARTESIAN_POINT('',(0.3625,0.,2.));
#10286=CARTESIAN_POINT('Origin',(0.75,0.25,0.));
#10287=CARTESIAN_POINT('',(0.725,0.25,2.5));
#10288=CARTESIAN_POINT('',(0.725,0.25,1.25));
#10289=CARTESIAN_POINT('',(0.25,0.25,2.5));
#10290=CARTESIAN_POINT('',(0.5,0.25,2.5));
#10291=CARTESIAN_POINT('',(0.25,0.25,4.));
#10292=CARTESIAN_POINT('',(0.25,0.25,0.));
#10293=CARTESIAN_POINT('',(0.75,0.25,4.));
#10294=CARTESIAN_POINT('',(0.625,0.25,4.));
#10295=CARTESIAN_POINT('',(0.75,0.25,0.));
#10296=CARTESIAN_POINT('',(0.75,0.25,0.));
#10297=CARTESIAN_POINT('',(0.25,0.25,0.));
#10298=CARTESIAN_POINT('',(0.75,0.25,0.));
#10299=CARTESIAN_POINT('',(0.25,0.25,0.));
#10300=CARTESIAN_POINT('Origin',(0.725,0.,2.5));
#10301=CARTESIAN_POINT('',(0.725,0.,2.5));
#10302=CARTESIAN_POINT('',(0.725,0.,1.25));
#10303=CARTESIAN_POINT('',(0.725,0.,2.5));
#10304=CARTESIAN_POINT('Origin',(0.25,0.,2.5));
#10305=CARTESIAN_POINT('',(0.25,0.,2.5));
#10306=CARTESIAN_POINT('',(0.125,0.,2.5));
#10307=CARTESIAN_POINT('',(0.25,0.,2.5));
#10308=CARTESIAN_POINT('Origin',(0.25,0.75,0.));
#10309=CARTESIAN_POINT('',(0.25,0.75,0.));
#10310=CARTESIAN_POINT('',(0.25,0.75,4.));
#10311=CARTESIAN_POINT('',(0.25,0.75,0.));
#10312=CARTESIAN_POINT('',(0.75,0.75,0.));
#10313=CARTESIAN_POINT('',(0.25,0.75,0.));
#10314=CARTESIAN_POINT('',(0.75,0.75,4.));
#10315=CARTESIAN_POINT('',(0.75,0.75,0.));
#10316=CARTESIAN_POINT('',(0.375,0.75,4.));
#10317=CARTESIAN_POINT('Origin',(0.5,0.5,4.));
#10318=CARTESIAN_POINT('',(0.25,0.375,4.));
#10319=CARTESIAN_POINT('',(0.75,0.625,4.));
#10320=CARTESIAN_POINT('Origin',(0.25,0.25,0.));
#10321=CARTESIAN_POINT('',(0.25,0.,1.));
#10322=CARTESIAN_POINT('',(0.25,0.25,0.));
#10323=CARTESIAN_POINT('Origin',(0.2,0.2,0.));
#10324=CARTESIAN_POINT('',(0.,0.2,0.));
#10325=CARTESIAN_POINT('',(0.,0.2,0.));
#10326=CARTESIAN_POINT('',(0.2,0.,0.));
#10327=CARTESIAN_POINT('Origin',(0.2,0.2,0.));
#10328=CARTESIAN_POINT('',(0.2,0.,0.));
#10329=CARTESIAN_POINT('Origin',(0.625,0.625,0.));
#10330=CARTESIAN_POINT('',(1.25,1.25,0.));
#10331=CARTESIAN_POINT('',(1.25,1.25,0.));
#10332=CARTESIAN_POINT('',(1.25,0.,0.));
#10333=CARTESIAN_POINT('',(1.25,0.,0.));
#10334=CARTESIAN_POINT('',(0.,0.,0.));
#10335=CARTESIAN_POINT('',(0.,1.25,0.));
#10336=CARTESIAN_POINT('',(0.75,0.75,0.));
#10337=CARTESIAN_POINT('Origin',(0.,1.25,0.));
#10338=CARTESIAN_POINT('Origin',(0.75,0.75,0.));
#10339=CARTESIAN_POINT('Origin',(1.25,1.25,0.));
#10340=CARTESIAN_POINT('',(1.25,1.25,0.));
#10341=CARTESIAN_POINT('Origin',(1.25,0.,0.));
#10342=CARTESIAN_POINT('',(1.25,0.,0.));
#10343=CARTESIAN_POINT('Origin',(0.,0.,0.));
#10344=CARTESIAN_POINT('',(0.,0.,0.));
#10345=CARTESIAN_POINT('Origin',(1.25,0.0575,0.));
#10346=CARTESIAN_POINT('',(1.25,0.0575,0.));
#10347=CARTESIAN_POINT('',(1.25,0.0575,5.));
#10348=CARTESIAN_POINT('',(1.25,0.0575,0.));
#10349=CARTESIAN_POINT('',(1.15,0.0575,0.));
#10350=CARTESIAN_POINT('',(0.9375,0.0575,0.));
#10351=CARTESIAN_POINT('',(1.15,0.0575,5.));
#10352=CARTESIAN_POINT('',(1.15,0.0575,5.));
#10353=CARTESIAN_POINT('',(0.9375,0.0575,5.));
#10354=CARTESIAN_POINT('Origin',(1.25,0.1925,5.));
#10355=CARTESIAN_POINT('',(1.25,0.1925,5.));
#10356=CARTESIAN_POINT('',(1.25,0.1925,0.));
#10357=CARTESIAN_POINT('',(1.25,0.1925,2.5));
#10358=CARTESIAN_POINT('',(1.15,0.1925,5.));
#10359=CARTESIAN_POINT('',(0.9375,0.1925,5.));
#10360=CARTESIAN_POINT('',(1.15,0.1925,0.));
#10361=CARTESIAN_POINT('',(1.15,0.1925,5.));
#10362=CARTESIAN_POINT('',(0.9375,0.1925,0.));
#10363=CARTESIAN_POINT('Origin',(1.15,0.125,2.5));
#10364=CARTESIAN_POINT('',(1.15,0.375,5.));
#10365=CARTESIAN_POINT('',(1.15,0.375,0.));
#10366=CARTESIAN_POINT('Origin',(1.25,0.,0.));
#10367=CARTESIAN_POINT('',(1.25,0.,5.));
#10368=CARTESIAN_POINT('',(1.25,0.,5.));
#10369=CARTESIAN_POINT('',(1.25,0.,0.));
#10370=CARTESIAN_POINT('',(1.25,0.,0.));
#10371=CARTESIAN_POINT('',(1.25,0.,0.));
#10372=CARTESIAN_POINT('Origin',(1.25,0.,0.));
#10373=CARTESIAN_POINT('',(1.25,1.25,0.));
#10374=CARTESIAN_POINT('',(1.25,0.,0.));
#10375=CARTESIAN_POINT('',(1.25,1.25,5.));
#10376=CARTESIAN_POINT('',(1.25,1.25,0.));
#10377=CARTESIAN_POINT('',(1.25,0.,5.));
#10378=CARTESIAN_POINT('',(1.25,0.75,3.));
#10379=CARTESIAN_POINT('',(1.25,0.75,2.));
#10380=CARTESIAN_POINT('',(1.25,0.75,1.5));
#10381=CARTESIAN_POINT('',(1.25,0.25,2.));
#10382=CARTESIAN_POINT('',(1.25,0.375,2.));
#10383=CARTESIAN_POINT('',(1.25,0.25,3.));
#10384=CARTESIAN_POINT('',(1.25,0.25,1.));
#10385=CARTESIAN_POINT('',(1.25,0.125,3.));
#10386=CARTESIAN_POINT('Origin',(0.625,0.625,0.));
#10387=CARTESIAN_POINT('',(0.2,0.,0.));
#10388=CARTESIAN_POINT('',(0.,0.,0.));
#10389=CARTESIAN_POINT('',(0.,0.2,0.));
#10390=CARTESIAN_POINT('Origin',(0.2,0.2,0.));
#10391=CARTESIAN_POINT('',(0.,1.25,0.));
#10392=CARTESIAN_POINT('',(0.,1.25,0.));
#10393=CARTESIAN_POINT('',(1.25,1.25,0.));
#10394=CARTESIAN_POINT('',(0.75,0.25,0.));
#10395=CARTESIAN_POINT('',(0.25,0.25,0.));
#10396=CARTESIAN_POINT('',(0.75,0.25,0.));
#10397=CARTESIAN_POINT('',(0.75,0.75,0.));
#10398=CARTESIAN_POINT('',(0.75,0.75,0.));
#10399=CARTESIAN_POINT('',(0.25,0.75,0.));
#10400=CARTESIAN_POINT('',(0.25,0.75,0.));
#10401=CARTESIAN_POINT('',(0.25,0.25,0.));
#10402=CARTESIAN_POINT('Origin',(1.25,0.75,2.));
#10403=CARTESIAN_POINT('',(0.75,0.25,2.));
#10404=CARTESIAN_POINT('',(0.75,0.75,2.));
#10405=CARTESIAN_POINT('',(0.75,0.75,2.));
#10406=CARTESIAN_POINT('',(1.25,0.25,2.));
#10407=CARTESIAN_POINT('',(1.25,0.75,2.));
#10408=CARTESIAN_POINT('Origin',(1.25,0.25,3.));
#10409=CARTESIAN_POINT('',(0.75,0.75,3.));
#10410=CARTESIAN_POINT('',(0.75,0.25,3.));
#10411=CARTESIAN_POINT('',(0.75,0.5,3.));
#10412=CARTESIAN_POINT('',(1.25,0.75,3.));
#10413=CARTESIAN_POINT('',(1.25,0.25,3.));
#10414=CARTESIAN_POINT('Origin',(0.75,0.25,0.));
#10415=CARTESIAN_POINT('',(0.75,0.25,0.));
#10416=CARTESIAN_POINT('',(0.25,0.25,5.));
#10417=CARTESIAN_POINT('',(0.25,0.25,0.));
#10418=CARTESIAN_POINT('',(0.75,0.25,5.));
#10419=CARTESIAN_POINT('',(0.75,0.25,5.));
#10420=CARTESIAN_POINT('',(0.75,0.25,0.));
#10421=CARTESIAN_POINT('Origin',(0.75,0.75,0.));
#10422=CARTESIAN_POINT('',(0.75,0.75,0.));
#10423=CARTESIAN_POINT('Origin',(0.2,0.2,0.));
#10424=CARTESIAN_POINT('',(0.2,0.,5.));
#10425=CARTESIAN_POINT('',(0.,0.2,5.));
#10426=CARTESIAN_POINT('Origin',(0.2,0.2,5.));
#10427=CARTESIAN_POINT('',(0.,0.2,0.));
#10428=CARTESIAN_POINT('',(0.2,0.,0.));
#10429=CARTESIAN_POINT('Origin',(0.,1.25,0.));
#10430=CARTESIAN_POINT('',(0.,1.25,5.));
#10431=CARTESIAN_POINT('',(0.,1.25,5.));
#10432=CARTESIAN_POINT('',(0.,1.25,0.));
#10433=CARTESIAN_POINT('Origin',(0.75,0.75,0.));
#10434=CARTESIAN_POINT('',(0.75,0.75,5.));
#10435=CARTESIAN_POINT('',(0.75,0.75,5.));
#10436=CARTESIAN_POINT('',(0.75,0.75,0.));
#10437=CARTESIAN_POINT('Origin',(0.25,0.75,0.));
#10438=CARTESIAN_POINT('',(0.25,0.75,5.));
#10439=CARTESIAN_POINT('',(0.25,0.75,5.));
#10440=CARTESIAN_POINT('',(0.25,0.75,0.));
#10441=CARTESIAN_POINT('Origin',(0.25,0.25,0.));
#10442=CARTESIAN_POINT('',(0.25,0.25,5.));
#10443=CARTESIAN_POINT('Origin',(1.25,1.25,0.));
#10444=CARTESIAN_POINT('',(1.25,1.25,5.));
#10445=CARTESIAN_POINT('Origin',(0.,0.,0.));
#10446=CARTESIAN_POINT('',(0.,0.,5.));
#10447=CARTESIAN_POINT('Origin',(0.625,0.625,5.));
#10448=CARTESIAN_POINT('',(0.,0.,0.));
#10449=CARTESIAN_POINT('Origin',(11.8075,1.,5.));
#10450=CARTESIAN_POINT('',(11.8075,1.,5.));
#10451=CARTESIAN_POINT('',(11.8075,1.,0.));
#10452=CARTESIAN_POINT('',(11.8075,1.,2.5));
#10453=CARTESIAN_POINT('',(11.8075,0.9,5.));
#10454=CARTESIAN_POINT('',(11.8075,0.75,5.));
#10455=CARTESIAN_POINT('',(11.8075,0.9,0.));
#10456=CARTESIAN_POINT('',(11.8075,0.9,5.));
#10457=CARTESIAN_POINT('',(11.8075,0.75,0.));
#10458=CARTESIAN_POINT('Origin',(11.9425,1.,0.));
#10459=CARTESIAN_POINT('',(11.9425,1.,0.));
#10460=CARTESIAN_POINT('',(11.9425,1.,5.));
#10461=CARTESIAN_POINT('',(11.9425,1.,0.));
#10462=CARTESIAN_POINT('',(11.9425,0.9,0.));
#10463=CARTESIAN_POINT('',(11.9425,0.75,0.));
#10464=CARTESIAN_POINT('',(11.9425,0.9,5.));
#10465=CARTESIAN_POINT('',(11.9425,0.9,5.));
#10466=CARTESIAN_POINT('',(11.9425,0.75,5.));
#10467=CARTESIAN_POINT('Origin',(11.875,0.9,2.5));
#10468=CARTESIAN_POINT('',(8.9375,0.9,0.));
#10469=CARTESIAN_POINT('',(8.9375,0.9,5.));
#10470=CARTESIAN_POINT('Origin',(0.192500000022902,1.,1.63101211395876E-5));
#10471=CARTESIAN_POINT('',(0.192500000022902,1.,1.63101211398212E-5));
#10472=CARTESIAN_POINT('',(0.192514042268219,1.,5.));
#10473=CARTESIAN_POINT('',(0.192500000046563,1.,2.47354958137397E-5));
#10474=CARTESIAN_POINT('',(0.192500000022902,0.9,1.63101211395876E-5));
#10475=CARTESIAN_POINT('',(0.192500000022902,1.,1.63101211398212E-5));
#10476=CARTESIAN_POINT('',(0.192514042268219,0.9,5.));
#10477=CARTESIAN_POINT('',(0.192514042314025,0.9,5.00001631010142));
#10478=CARTESIAN_POINT('',(0.192514042268219,0.75,5.));
#10479=CARTESIAN_POINT('Origin',(0.0575000000234335,1.,1.66892630001528E-5));
#10480=CARTESIAN_POINT('',(0.0575000000234335,1.,1.66892630001528E-5));
#10481=CARTESIAN_POINT('',(6.02874999998805,1.,-8.07431739262344E-8));
#10482=CARTESIAN_POINT('',(0.0575000000234335,0.9,1.66892630004514E-5));
#10483=CARTESIAN_POINT('',(0.0575000000234335,1.,1.66892630001528E-5));
#10484=CARTESIAN_POINT('',(0.0575000000234335,0.9,1.66892630001528E-5));
#10485=CARTESIAN_POINT('Origin',(0.0575140422676859,1.,5.));
#10486=CARTESIAN_POINT('',(0.0575140422676859,1.,5.));
#10487=CARTESIAN_POINT('',(0.0575070211692218,1.,2.50001677000617));
#10488=CARTESIAN_POINT('',(0.0575140422676859,0.9,5.));
#10489=CARTESIAN_POINT('',(0.0575140422676847,0.75,5.));
#10490=CARTESIAN_POINT('',(0.0575140423145569,0.9,5.00001668924328));
#10491=CARTESIAN_POINT('Origin',(0.125007021145826,0.9,2.50000815506057));
#10492=CARTESIAN_POINT('',(3.06250351057291,0.9,5.));
#10493=CARTESIAN_POINT('Origin',(6.,0.5,5.));
#10494=CARTESIAN_POINT('',(10.7500003510573,1.,5.));
#10495=CARTESIAN_POINT('',(12.,1.,5.));
#10496=CARTESIAN_POINT('',(10.7500003510573,0.,5.));
#10497=CARTESIAN_POINT('',(10.7500003510573,0.75,5.));
#10498=CARTESIAN_POINT('',(11.8,0.,5.));
#10499=CARTESIAN_POINT('',(0.,0.,5.));
#10500=CARTESIAN_POINT('',(12.,0.2,5.));
#10501=CARTESIAN_POINT('Origin',(11.8,0.2,5.));
#10502=CARTESIAN_POINT('',(12.,1.,5.));
#10503=CARTESIAN_POINT('',(12.,0.,5.));
#10504=CARTESIAN_POINT('',(12.,1.,5.));
#10505=CARTESIAN_POINT('Origin',(12.,1.,0.));
#10506=CARTESIAN_POINT('',(0.,1.,0.));
#10507=CARTESIAN_POINT('',(12.,1.,0.));
#10508=CARTESIAN_POINT('',(0.,1.,5.));
#10509=CARTESIAN_POINT('',(0.,1.,0.));
#10510=CARTESIAN_POINT('',(12.,1.,5.));
#10511=CARTESIAN_POINT('',(6.00000035105728,1.,5.));
#10512=CARTESIAN_POINT('',(12.,1.,5.));
#10513=CARTESIAN_POINT('',(6.00000035105728,1.,0.25));
#10514=CARTESIAN_POINT('',(6.00000035105728,1.,2.5));
#10515=CARTESIAN_POINT('',(10.7500003510573,1.,0.25));
#10516=CARTESIAN_POINT('',(9.00000017552864,1.,0.25));
#10517=CARTESIAN_POINT('',(10.7500003510573,1.,0.125));
#10518=CARTESIAN_POINT('Origin',(6.,0.5,5.));
#10519=CARTESIAN_POINT('',(0.,0.2,5.));
#10520=CARTESIAN_POINT('',(0.,1.,5.));
#10521=CARTESIAN_POINT('',(0.2,0.,5.));
#10522=CARTESIAN_POINT('Origin',(0.2,0.2,5.));
#10523=CARTESIAN_POINT('',(6.00000035105728,0.,5.));
#10524=CARTESIAN_POINT('',(0.,0.,5.));
#10525=CARTESIAN_POINT('',(6.00000035105728,1.,5.));
#10526=CARTESIAN_POINT('',(5.75000035105728,0.25,5.));
#10527=CARTESIAN_POINT('',(1.,0.25,5.));
#10528=CARTESIAN_POINT('',(9.318,0.25,5.));
#10529=CARTESIAN_POINT('',(1.,0.750000015957149,5.));
#10530=CARTESIAN_POINT('',(1.,0.25,5.));
#10531=CARTESIAN_POINT('',(5.75000035105728,0.750000015957149,5.));
#10532=CARTESIAN_POINT('',(1.,0.750000015957149,5.));
#10533=CARTESIAN_POINT('',(5.75000035105728,0.,5.));
#10534=CARTESIAN_POINT('Origin',(5.75000035105728,0.25,5.));
#10535=CARTESIAN_POINT('',(5.75000035105728,0.750000015957149,0.));
#10536=CARTESIAN_POINT('',(5.75000035105728,0.25,0.));
#10537=CARTESIAN_POINT('',(5.75000035105728,0.375000003989287,0.));
#10538=CARTESIAN_POINT('',(5.75000035105728,0.25,2.5));
#10539=CARTESIAN_POINT('',(5.75000035105728,0.750000015957149,2.5));
#10540=CARTESIAN_POINT('Origin',(9.318,0.25,0.));
#10541=CARTESIAN_POINT('',(1.,0.25,0.));
#10542=CARTESIAN_POINT('',(11.,0.25,0.));
#10543=CARTESIAN_POINT('',(1.,0.25,0.));
#10544=CARTESIAN_POINT('Origin',(9.318,0.25,0.));
#10545=CARTESIAN_POINT('',(6.00000035105728,0.25,0.));
#10546=CARTESIAN_POINT('',(6.00000035105728,0.25,0.25));
#10547=CARTESIAN_POINT('',(6.00000035105728,0.25,2.5));
#10548=CARTESIAN_POINT('',(9.318,0.25,0.25));
#10549=CARTESIAN_POINT('',(7.65900017552864,0.25,0.25));
#10550=CARTESIAN_POINT('',(9.318,0.25,0.));
#10551=CARTESIAN_POINT('',(9.318,0.25,0.));
#10552=CARTESIAN_POINT('',(11.,0.25,0.));
#10553=CARTESIAN_POINT('Origin',(1.,0.750000015957149,0.));
#10554=CARTESIAN_POINT('',(6.00000035105728,0.750000015957149,0.25));
#10555=CARTESIAN_POINT('',(6.00000035105728,0.750000015957149,0.));
#10556=CARTESIAN_POINT('',(6.00000035105728,0.750000015957149,2.5));
#10557=CARTESIAN_POINT('',(9.318,0.750000015957149,0.));
#10558=CARTESIAN_POINT('',(1.,0.750000015957149,0.));
#10559=CARTESIAN_POINT('',(9.318,0.750000015957149,0.25));
#10560=CARTESIAN_POINT('',(9.318,0.750000015957149,0.));
#10561=CARTESIAN_POINT('',(3.50000017552864,0.750000015957149,0.25));
#10562=CARTESIAN_POINT('Origin',(1.,0.750000015957149,0.));
#10563=CARTESIAN_POINT('',(1.,0.750000015957149,0.));
#10564=CARTESIAN_POINT('',(1.,0.750000015957149,0.));
#10565=CARTESIAN_POINT('',(1.,0.750000015957149,0.));
#10566=CARTESIAN_POINT('Origin',(11.8,0.2,0.));
#10567=CARTESIAN_POINT('',(11.8,0.,0.));
#10568=CARTESIAN_POINT('',(11.8,0.,0.));
#10569=CARTESIAN_POINT('',(12.,0.2,0.));
#10570=CARTESIAN_POINT('Origin',(11.8,0.2,0.));
#10571=CARTESIAN_POINT('',(12.,0.2,0.));
#10572=CARTESIAN_POINT('Origin',(6.,0.5,0.));
#10573=CARTESIAN_POINT('',(12.,1.,0.));
#10574=CARTESIAN_POINT('',(12.,1.,0.));
#10575=CARTESIAN_POINT('',(12.,0.,0.));
#10576=CARTESIAN_POINT('',(0.2,0.,0.));
#10577=CARTESIAN_POINT('',(0.,0.,0.));
#10578=CARTESIAN_POINT('',(0.,0.2,0.));
#10579=CARTESIAN_POINT('Origin',(0.2,0.2,0.));
#10580=CARTESIAN_POINT('',(0.,1.,0.));
#10581=CARTESIAN_POINT('',(9.318,0.25,0.));
#10582=CARTESIAN_POINT('',(6.00000035105728,0.625000011967862,0.));
#10583=CARTESIAN_POINT('',(1.,0.25,0.));
#10584=CARTESIAN_POINT('Origin',(0.,0.,0.));
#10585=CARTESIAN_POINT('',(10.7500003510573,0.,0.25));
#10586=CARTESIAN_POINT('',(10.7500003510573,0.,0.125));
#10587=CARTESIAN_POINT('',(6.00000035105728,0.,0.25));
#10588=CARTESIAN_POINT('',(3.00000017552864,0.,0.25));
#10589=CARTESIAN_POINT('',(6.00000035105728,0.,2.5));
#10590=CARTESIAN_POINT('',(0.2,0.,0.));
#10591=CARTESIAN_POINT('Origin',(0.2,0.2,0.));
#10592=CARTESIAN_POINT('',(0.,0.2,0.));
#10593=CARTESIAN_POINT('Origin',(6.00000035105728,1.,5.));
#10594=CARTESIAN_POINT('',(6.00000035105728,1.,0.25));
#10595=CARTESIAN_POINT('',(6.00000035105728,1.,0.25));
#10596=CARTESIAN_POINT('Origin',(9.318,0.750000015957149,0.));
#10597=CARTESIAN_POINT('',(9.318,0.875000007978574,0.25));
#10598=CARTESIAN_POINT('Origin',(0.,1.,0.));
#10599=CARTESIAN_POINT('Origin',(12.,0.,0.));
#10600=CARTESIAN_POINT('',(12.,1.,0.));
#10601=CARTESIAN_POINT('Origin',(12.,1.,0.));
#10602=CARTESIAN_POINT('Origin',(1.,0.25,0.));
#10603=CARTESIAN_POINT('Origin',(10.159,0.500000007978574,0.25));
#10604=CARTESIAN_POINT('',(10.75,0.750000015957149,0.25));
#10605=CARTESIAN_POINT('',(10.7500003510573,1.,0.25));
#10606=CARTESIAN_POINT('',(10.75,0.25,0.25));
#10607=CARTESIAN_POINT('',(10.7500003510573,1.,0.25));
#10608=CARTESIAN_POINT('',(10.75,0.625000011967862,0.25));
#10609=CARTESIAN_POINT('Origin',(10.75,0.750000015957149,0.));
#10610=CARTESIAN_POINT('',(0.,0.,0.));
#10611=CARTESIAN_POINT('Origin',(6.,6.,0.25));
#10612=CARTESIAN_POINT('',(0.,0.2,0.25));
#10613=CARTESIAN_POINT('',(0.2,0.,0.25));
#10614=CARTESIAN_POINT('Origin',(0.2,0.2,0.25));
#10615=CARTESIAN_POINT('',(11.8,0.,0.25));
#10616=CARTESIAN_POINT('',(3.,0.,0.25));
#10617=CARTESIAN_POINT('',(12.,0.2,0.25));
#10618=CARTESIAN_POINT('Origin',(11.8,0.2,0.25));
#10619=CARTESIAN_POINT('',(12.,11.8,0.25));
#10620=CARTESIAN_POINT('',(12.,3.00000012656778,0.25));
#10621=CARTESIAN_POINT('',(11.8,12.,0.25));
#10622=CARTESIAN_POINT('Origin',(11.8,11.8,0.25));
#10623=CARTESIAN_POINT('',(0.2,12.,0.25));
#10624=CARTESIAN_POINT('',(9.,12.,0.25));
#10625=CARTESIAN_POINT('',(0.,11.8,0.25));
#10626=CARTESIAN_POINT('Origin',(0.2,11.8,0.25));
#10627=CARTESIAN_POINT('',(0.,9.00000012656778,0.25));
#10628=CARTESIAN_POINT('',(1.,11.75,0.25));
#10629=CARTESIAN_POINT('',(11.,11.75,0.25));
#10630=CARTESIAN_POINT('',(3.5,11.75,0.25));
#10631=CARTESIAN_POINT('',(11.,11.25,0.25));
#10632=CARTESIAN_POINT('',(11.,11.75,0.25));
#10633=CARTESIAN_POINT('',(1.,11.25,0.25));
#10634=CARTESIAN_POINT('',(11.,11.25,0.25));
#10635=CARTESIAN_POINT('',(1.,11.25,0.25));
#10636=CARTESIAN_POINT('',(11.75,0.75,0.25));
#10637=CARTESIAN_POINT('',(11.75,0.25,0.25));
#10638=CARTESIAN_POINT('',(11.75,3.37500012656778,0.25));
#10639=CARTESIAN_POINT('',(11.25,0.250000000000001,0.25));
#10640=CARTESIAN_POINT('',(8.875,0.25,0.25));
#10641=CARTESIAN_POINT('',(11.25,0.75,0.25));
#10642=CARTESIAN_POINT('',(11.25,0.25,0.25));
#10643=CARTESIAN_POINT('',(11.25,0.75,0.25));
#10644=CARTESIAN_POINT('',(2.99999998498151,8.25000001501849,0.25));
#10645=CARTESIAN_POINT('',(2.,8.25000001501849,0.25));
#10646=CARTESIAN_POINT('',(2.99999998498151,8.25000001501849,0.25));
#10647=CARTESIAN_POINT('',(2.,9.25,0.25));
#10648=CARTESIAN_POINT('',(2.,8.25000001501849,0.25));
#10649=CARTESIAN_POINT('',(2.99999998498151,9.25,0.25));
#10650=CARTESIAN_POINT('',(2.,9.25,0.25));
#10651=CARTESIAN_POINT('',(2.99999998498151,9.25,0.25));
#10652=CARTESIAN_POINT('Origin',(0.,12.,0.));
#10653=CARTESIAN_POINT('',(0.,11.8,0.));
#10654=CARTESIAN_POINT('',(0.,11.8,0.));
#10655=CARTESIAN_POINT('',(0.,0.2,0.));
#10656=CARTESIAN_POINT('',(0.,12.,0.));
#10657=CARTESIAN_POINT('',(0.,0.2,0.));
#10658=CARTESIAN_POINT('Origin',(12.,12.,0.));
#10659=CARTESIAN_POINT('',(11.8,12.,0.));
#10660=CARTESIAN_POINT('',(11.8,12.,0.));
#10661=CARTESIAN_POINT('',(0.2,12.,0.));
#10662=CARTESIAN_POINT('',(12.,12.,0.));
#10663=CARTESIAN_POINT('',(0.2,12.,0.));
#10664=CARTESIAN_POINT('Origin',(2.99999998498151,8.25000001501849,0.));
#10665=CARTESIAN_POINT('',(2.99999998498151,8.25000001501849,0.));
#10666=CARTESIAN_POINT('',(2.,8.25000001501849,0.));
#10667=CARTESIAN_POINT('',(2.99999998498151,8.25000001501849,0.));
#10668=CARTESIAN_POINT('',(2.,8.25000001501849,0.));
#10669=CARTESIAN_POINT('',(2.99999998498151,8.25000001501849,0.));
#10670=CARTESIAN_POINT('Origin',(2.,8.25000001501849,0.));
#10671=CARTESIAN_POINT('',(2.,9.25,0.));
#10672=CARTESIAN_POINT('',(2.,8.25000001501849,0.));
#10673=CARTESIAN_POINT('',(2.,9.25,0.));
#10674=CARTESIAN_POINT('Origin',(2.,9.25,0.));
#10675=CARTESIAN_POINT('',(2.99999998498151,9.25,0.));
#10676=CARTESIAN_POINT('',(2.,9.25,0.));
#10677=CARTESIAN_POINT('',(2.99999998498151,9.25,0.));
#10678=CARTESIAN_POINT('Origin',(2.99999998498151,9.25,0.));
#10679=CARTESIAN_POINT('',(2.99999998498151,9.25,0.));
#10680=CARTESIAN_POINT('Origin',(11.25,0.25,0.));
#10681=CARTESIAN_POINT('',(11.25,0.25,0.));
#10682=CARTESIAN_POINT('',(11.25,0.75,0.));
#10683=CARTESIAN_POINT('',(11.25,0.25,0.));
#10684=CARTESIAN_POINT('',(11.25,0.75,0.));
#10685=CARTESIAN_POINT('',(11.25,0.25,0.));
#10686=CARTESIAN_POINT('Origin',(11.25,0.75,0.));
#10687=CARTESIAN_POINT('',(11.75,0.75,0.));
#10688=CARTESIAN_POINT('',(11.25,0.75,0.));
#10689=CARTESIAN_POINT('',(11.75,0.75,0.));
#10690=CARTESIAN_POINT('Origin',(11.,11.25,0.));
#10691=CARTESIAN_POINT('',(11.,11.25,0.));
#10692=CARTESIAN_POINT('',(1.,11.25,0.));
#10693=CARTESIAN_POINT('',(11.,11.25,0.));
#10694=CARTESIAN_POINT('',(1.,11.25,0.));
#10695=CARTESIAN_POINT('',(11.,11.25,0.));
#10696=CARTESIAN_POINT('Origin',(1.,11.25,0.));
#10697=CARTESIAN_POINT('',(1.,11.75,0.));
#10698=CARTESIAN_POINT('',(1.,11.25,0.));
#10699=CARTESIAN_POINT('',(1.,11.75,0.));
#10700=CARTESIAN_POINT('Origin',(1.,11.75,0.));
#10701=CARTESIAN_POINT('',(11.,11.75,0.));
#10702=CARTESIAN_POINT('',(1.,11.75,0.));
#10703=CARTESIAN_POINT('',(11.,11.75,0.));
#10704=CARTESIAN_POINT('Origin',(11.,11.75,0.));
#10705=CARTESIAN_POINT('',(11.,11.75,0.));
#10706=CARTESIAN_POINT('Origin',(6.,6.,0.));
#10707=CARTESIAN_POINT('',(12.,11.8,0.));
#10708=CARTESIAN_POINT('Origin',(11.8,11.8,0.));
#10709=CARTESIAN_POINT('',(12.,0.2,0.));
#10710=CARTESIAN_POINT('',(12.,0.,0.));
#10711=CARTESIAN_POINT('',(11.8,0.,0.));
#10712=CARTESIAN_POINT('Origin',(11.8,0.2,0.));
#10713=CARTESIAN_POINT('',(0.2,0.,0.));
#10714=CARTESIAN_POINT('',(0.,0.,0.));
#10715=CARTESIAN_POINT('Origin',(0.2,0.2,0.));
#10716=CARTESIAN_POINT('Origin',(0.2,11.8,0.));
#10717=CARTESIAN_POINT('',(11.75,0.25,0.));
#10718=CARTESIAN_POINT('',(11.75,0.25,0.));
#10719=CARTESIAN_POINT('',(11.75,0.75,0.));
#10720=CARTESIAN_POINT('Origin',(0.2,11.8,0.));
#10721=CARTESIAN_POINT('Origin',(11.75,0.75,0.));
#10722=CARTESIAN_POINT('',(11.75,0.25,0.));
#10723=CARTESIAN_POINT('Origin',(11.75,0.25,0.));
#10724=CARTESIAN_POINT('Origin',(0.2,0.2,0.));
#10725=CARTESIAN_POINT('',(0.2,0.,0.));
#10726=CARTESIAN_POINT('Origin',(0.,0.,0.));
#10727=CARTESIAN_POINT('',(11.8,0.,0.));
#10728=CARTESIAN_POINT('Origin',(11.8,0.2,0.));
#10729=CARTESIAN_POINT('',(12.,0.2,0.));
#10730=CARTESIAN_POINT('Origin',(12.,0.,0.));
#10731=CARTESIAN_POINT('',(12.,11.8,0.));
#10732=CARTESIAN_POINT('Origin',(11.8,11.8,0.));
#10733=CARTESIAN_POINT('',(0.,0.,0.));
#10734=CARTESIAN_POINT('Origin',(-4.875,4.75,-1.));
#10735=CARTESIAN_POINT('',(-5.005,4.75,0.25));
#10736=CARTESIAN_POINT('Origin',(-4.875,4.75,0.25));
#10737=CARTESIAN_POINT('',(-5.005,4.75,0.));
#10738=CARTESIAN_POINT('',(-5.005,4.75,-1.));
#10739=CARTESIAN_POINT('Origin',(-4.875,4.75,0.));
#10740=CARTESIAN_POINT('Origin',(-9.125,0.25,0.));
#10741=CARTESIAN_POINT('',(-9.125,9.25,0.25));
#10742=CARTESIAN_POINT('',(-9.125,0.25,0.25));
#10743=CARTESIAN_POINT('',(-9.125,0.25,0.25));
#10744=CARTESIAN_POINT('',(-9.125,9.25,1.7));
#10745=CARTESIAN_POINT('',(-9.125,9.25,0.));
#10746=CARTESIAN_POINT('',(-9.125,0.250000000000001,1.7));
#10747=CARTESIAN_POINT('',(-9.125,0.25,1.7));
#10748=CARTESIAN_POINT('',(-9.125,0.25,0.));
#10749=CARTESIAN_POINT('Origin',(-0.249999999999999,0.25,0.));
#10750=CARTESIAN_POINT('',(-0.625,0.250000000000001,1.7));
#10751=CARTESIAN_POINT('',(-9.5,0.25,1.7));
#10752=CARTESIAN_POINT('',(-0.624999999999999,0.250000000000001,0.25));
#10753=CARTESIAN_POINT('',(-0.625,0.25,0.));
#10754=CARTESIAN_POINT('',(-2.5625,0.25,0.25));
#10755=CARTESIAN_POINT('Origin',(-0.625,9.25,0.));
#10756=CARTESIAN_POINT('',(-0.624999999999999,9.25,0.25));
#10757=CARTESIAN_POINT('',(-0.625,9.25,0.25));
#10758=CARTESIAN_POINT('',(-0.625,9.25,1.7));
#10759=CARTESIAN_POINT('',(-0.625,9.25,1.7));
#10760=CARTESIAN_POINT('',(-0.624999999999999,9.25,0.));
#10761=CARTESIAN_POINT('Origin',(-4.875,4.75,0.25));
#10762=CARTESIAN_POINT('',(-7.1875,9.25,0.25));
#10763=CARTESIAN_POINT('Origin',(-9.5,9.25,0.));
#10764=CARTESIAN_POINT('',(-0.25,9.25,1.7));
#10765=CARTESIAN_POINT('Origin',(0.,0.,0.));
#10766=CARTESIAN_POINT('',(0.,9.5,0.));
#10767=CARTESIAN_POINT('',(0.,0.,0.));
#10768=CARTESIAN_POINT('',(0.,9.5,0.));
#10769=CARTESIAN_POINT('',(0.,9.5,1.7));
#10770=CARTESIAN_POINT('',(0.,9.5,0.));
#10771=CARTESIAN_POINT('',(0.,0.,1.7));
#10772=CARTESIAN_POINT('',(0.,9.5,1.7));
#10773=CARTESIAN_POINT('',(0.,0.,0.));
#10774=CARTESIAN_POINT('Origin',(-9.75,0.,0.));
#10775=CARTESIAN_POINT('',(-9.75,0.,0.));
#10776=CARTESIAN_POINT('',(0.,0.,0.));
#10777=CARTESIAN_POINT('',(-9.75,0.,1.7));
#10778=CARTESIAN_POINT('',(0.,0.,1.7));
#10779=CARTESIAN_POINT('',(-9.75,0.,0.));
#10780=CARTESIAN_POINT('Origin',(-9.75,9.5,0.));
#10781=CARTESIAN_POINT('',(-9.75,9.5,0.));
#10782=CARTESIAN_POINT('',(-9.75,0.,0.));
#10783=CARTESIAN_POINT('',(-9.75,9.5,1.7));
#10784=CARTESIAN_POINT('',(-9.75,0.,1.7));
#10785=CARTESIAN_POINT('',(-9.75,9.5,0.));
#10786=CARTESIAN_POINT('Origin',(0.,9.5,0.));
#10787=CARTESIAN_POINT('',(-9.75,9.5,0.));
#10788=CARTESIAN_POINT('',(-9.75,9.5,1.7));
#10789=CARTESIAN_POINT('Origin',(-4.875,4.75,1.7));
#10790=CARTESIAN_POINT('Origin',(-4.875,4.75,0.));
#10791=CARTESIAN_POINT('Origin',(-9.5,0.250000000000001,1.7));
#10792=CARTESIAN_POINT('',(-9.50000030318583,0.250000000000001,1.7));
#10793=CARTESIAN_POINT('',(-9.5,9.25,1.7));
#10794=CARTESIAN_POINT('',(-9.5,0.,1.7));
#10795=CARTESIAN_POINT('',(-9.5,9.25,1.95));
#10796=CARTESIAN_POINT('',(-9.5,9.25,1.7));
#10797=CARTESIAN_POINT('',(-9.50000030318583,0.250000000000001,1.95));
#10798=CARTESIAN_POINT('',(-9.5,0.,1.95));
#10799=CARTESIAN_POINT('',(-9.50000030318583,0.250000000000001,1.7));
#10800=CARTESIAN_POINT('Origin',(-0.250000000000001,0.250000000000001,1.7));
#10801=CARTESIAN_POINT('',(-0.25,0.250000000000001,1.7));
#10802=CARTESIAN_POINT('',(-9.125,0.250000000000001,1.7));
#10803=CARTESIAN_POINT('',(-0.250000000000001,0.250000000000001,1.95));
#10804=CARTESIAN_POINT('',(-9.125,0.250000000000001,1.95));
#10805=CARTESIAN_POINT('',(-0.25,0.250000000000001,1.7));
#10806=CARTESIAN_POINT('Origin',(-0.25,9.25,1.7));
#10807=CARTESIAN_POINT('',(-0.25,9.25,1.7));
#10808=CARTESIAN_POINT('',(-0.25,0.,1.7));
#10809=CARTESIAN_POINT('',(-0.250000000000001,9.25,1.95));
#10810=CARTESIAN_POINT('',(-0.25,0.,1.95));
#10811=CARTESIAN_POINT('',(-0.25,9.25,1.7));
#10812=CARTESIAN_POINT('Origin',(-9.5,9.25,1.7));
#10813=CARTESIAN_POINT('',(-0.624999999999999,9.25,1.7));
#10814=CARTESIAN_POINT('',(-0.624999999999999,9.25,1.95));
#10815=CARTESIAN_POINT('Origin',(0.,10.5,1.7));
#10816=CARTESIAN_POINT('',(-9.75,10.5,1.7));
#10817=CARTESIAN_POINT('',(0.,10.5,1.7));
#10818=CARTESIAN_POINT('',(-9.75,10.5,1.7));
#10819=CARTESIAN_POINT('',(-9.75,10.5,1.95));
#10820=CARTESIAN_POINT('',(-9.75,10.5,1.7));
#10821=CARTESIAN_POINT('',(0.,10.5,1.95));
#10822=CARTESIAN_POINT('',(-9.75,10.5,1.95));
#10823=CARTESIAN_POINT('',(0.,10.5,1.7));
#10824=CARTESIAN_POINT('Origin',(0.,9.5,1.7));
#10825=CARTESIAN_POINT('',(0.,9.5,1.7));
#10826=CARTESIAN_POINT('',(0.,10.5,1.7));
#10827=CARTESIAN_POINT('',(0.,9.5,1.95));
#10828=CARTESIAN_POINT('',(0.,10.5,1.95));
#10829=CARTESIAN_POINT('',(0.,9.5,1.7));
#10830=CARTESIAN_POINT('Origin',(0.999999984981507,9.5,1.7));
#10831=CARTESIAN_POINT('',(0.999999984981507,9.5,1.7));
#10832=CARTESIAN_POINT('',(0.,9.5,1.7));
#10833=CARTESIAN_POINT('',(0.999999984981507,9.5,1.95));
#10834=CARTESIAN_POINT('',(0.,9.5,1.95));
#10835=CARTESIAN_POINT('',(0.999999984981507,9.5,1.7));
#10836=CARTESIAN_POINT('Origin',(0.999999984981507,0.,1.7));
#10837=CARTESIAN_POINT('',(0.999999984981507,0.,1.7));
#10838=CARTESIAN_POINT('',(0.999999984981507,9.5,1.7));
#10839=CARTESIAN_POINT('',(0.999999984981507,0.,1.95));
#10840=CARTESIAN_POINT('',(0.999999984981507,9.5,1.95));
#10841=CARTESIAN_POINT('',(0.999999984981507,0.,1.7));
#10842=CARTESIAN_POINT('Origin',(0.,0.,1.7));
#10843=CARTESIAN_POINT('',(0.,0.,1.7));
#10844=CARTESIAN_POINT('',(0.999999984981507,0.,1.7));
#10845=CARTESIAN_POINT('',(0.,0.,1.95));
#10846=CARTESIAN_POINT('',(0.999999984981507,0.,1.95));
#10847=CARTESIAN_POINT('',(0.,0.,1.7));
#10848=CARTESIAN_POINT('Origin',(0.,-1.,1.7));
#10849=CARTESIAN_POINT('',(0.,-1.,1.7));
#10850=CARTESIAN_POINT('',(0.,-1.,1.7));
#10851=CARTESIAN_POINT('',(0.,-1.,1.95));
#10852=CARTESIAN_POINT('',(0.,-1.,1.95));
#10853=CARTESIAN_POINT('',(0.,-1.,1.7));
#10854=CARTESIAN_POINT('Origin',(-9.75,-1.,1.7));
#10855=CARTESIAN_POINT('',(-9.75,-1.,1.7));
#10856=CARTESIAN_POINT('',(-9.75,-1.,1.7));
#10857=CARTESIAN_POINT('',(-9.75,-1.,1.95));
#10858=CARTESIAN_POINT('',(-9.75,-1.,1.95));
#10859=CARTESIAN_POINT('',(-9.75,-1.,1.7));
#10860=CARTESIAN_POINT('Origin',(-9.75,10.5,1.7));
#10861=CARTESIAN_POINT('',(-9.75,9.50000030318583,1.7));
#10862=CARTESIAN_POINT('',(-9.75,9.5,1.7));
#10863=CARTESIAN_POINT('',(-9.75,9.50000030318583,1.7));
#10864=CARTESIAN_POINT('',(-9.75,9.50000030318583,1.95));
#10865=CARTESIAN_POINT('',(-9.75,9.50000030318583,1.95));
#10866=CARTESIAN_POINT('',(-9.75,9.5,1.95));
#10867=CARTESIAN_POINT('Origin',(-4.37500035595256,4.75,1.95));
#10868=CARTESIAN_POINT('Origin',(-4.37500035595256,4.75,1.7));
#10869=CARTESIAN_POINT('',(0.,0.,0.));
#10870=CARTESIAN_POINT('Origin',(0.2,2.375,1.95));
#10871=CARTESIAN_POINT('',(0.250000000000001,8.75,1.95));
#10872=CARTESIAN_POINT('',(0.2,8.75,2.));
#10873=CARTESIAN_POINT('Origin',(0.2,8.75,1.95));
#10874=CARTESIAN_POINT('',(0.2,0.250000000000001,2.));
#10875=CARTESIAN_POINT('',(0.2,2.375,2.));
#10876=CARTESIAN_POINT('',(0.250000000000001,0.250000000000001,1.95));
#10877=CARTESIAN_POINT('Origin',(0.2,0.250000000000001,1.95));
#10878=CARTESIAN_POINT('',(0.25,2.375,1.95));
#10879=CARTESIAN_POINT('Origin',(-0.374999999999999,0.250000000000001,1.5));
#10880=CARTESIAN_POINT('',(-0.774999999999999,0.250000000000001,2.));
#10881=CARTESIAN_POINT('',(-0.824999999999999,0.250000000000001,2.));
#10882=CARTESIAN_POINT('',(-0.824999999999999,0.250000000000001,1.95));
#10883=CARTESIAN_POINT('Origin',(-0.774999999999999,0.250000000000001,1.95));
#10884=CARTESIAN_POINT('',(-0.824999999999999,0.250000000000001,1.8));
#10885=CARTESIAN_POINT('',(-0.824999999999999,0.250000000000001,1.75));
#10886=CARTESIAN_POINT('',(-0.774999999999999,0.250000000000001,1.75));
#10887=CARTESIAN_POINT('Origin',(-0.774999999999999,0.250000000000001,1.8));
#10888=CARTESIAN_POINT('',(-0.374999999999999,0.250000000000001,1.75));
#10889=CARTESIAN_POINT('',(-0.824999999999999,0.250000000000001,1.75));
#10890=CARTESIAN_POINT('',(-0.374999999999999,0.250000000000001,1.5));
#10891=CARTESIAN_POINT('',(-0.374999999999999,0.250000000000001,1.5));
#10892=CARTESIAN_POINT('',(0.250000000000001,0.250000000000001,1.5));
#10893=CARTESIAN_POINT('',(1.9375,0.250000000000001,1.5));
#10894=CARTESIAN_POINT('',(0.250000000000001,0.250000000000001,1.5));
#10895=CARTESIAN_POINT('Origin',(-0.287499999999999,4.5,2.));
#10896=CARTESIAN_POINT('',(-0.774999999999999,8.75,2.));
#10897=CARTESIAN_POINT('',(0.250000000000001,8.75,2.));
#10898=CARTESIAN_POINT('',(-0.774999999999999,6.625,2.));
#10899=CARTESIAN_POINT('Origin',(-0.774999999999999,6.625,1.95));
#10900=CARTESIAN_POINT('',(-0.824999999999999,8.75,1.95));
#10901=CARTESIAN_POINT('Origin',(-0.774999999999999,8.75,1.95));
#10902=CARTESIAN_POINT('',(-0.824999999999999,6.625,1.95));
#10903=CARTESIAN_POINT('Origin',(-0.774999999999999,6.625,1.8));
#10904=CARTESIAN_POINT('',(-0.824999999999999,8.75,1.8));
#10905=CARTESIAN_POINT('',(-0.824999999999999,6.625,1.8));
#10906=CARTESIAN_POINT('',(-0.774999999999999,8.75,1.75));
#10907=CARTESIAN_POINT('Origin',(-0.774999999999999,8.75,1.8));
#10908=CARTESIAN_POINT('',(-0.774999999999999,6.625,1.75));
#10909=CARTESIAN_POINT('Origin',(-0.287499999999999,4.5,1.75));
#10910=CARTESIAN_POINT('',(-0.374999999999999,8.75,1.75));
#10911=CARTESIAN_POINT('',(0.250000000000001,8.75,1.75));
#10912=CARTESIAN_POINT('',(-0.374999999999999,8.75,1.75));
#10913=CARTESIAN_POINT('Origin',(-0.824999999999999,8.75,1.75));
#10914=CARTESIAN_POINT('',(-0.824999999999999,8.75,1.75));
#10915=CARTESIAN_POINT('Origin',(0.250000000000001,8.75,1.5));
#10916=CARTESIAN_POINT('',(0.250000000000001,8.75,1.5));
#10917=CARTESIAN_POINT('',(0.250000000000001,8.75,1.5));
#10918=CARTESIAN_POINT('',(-0.374999999999999,8.75,1.5));
#10919=CARTESIAN_POINT('',(2.25,8.75,1.5));
#10920=CARTESIAN_POINT('',(-0.374999999999999,8.75,1.5));
#10921=CARTESIAN_POINT('Origin',(4.25,4.5,1.5));
#10922=CARTESIAN_POINT('',(8.25,8.75,1.5));
#10923=CARTESIAN_POINT('',(8.25,8.75,1.5));
#10924=CARTESIAN_POINT('',(8.25,0.25,1.5));
#10925=CARTESIAN_POINT('',(8.25,0.25,1.5));
#10926=CARTESIAN_POINT('',(0.250000000000001,0.25,1.5));
#10927=CARTESIAN_POINT('',(-0.374999999999999,0.,1.5));
#10928=CARTESIAN_POINT('',(-0.374999999999999,9.,1.5));
#10929=CARTESIAN_POINT('',(8.875,0.,1.5));
#10930=CARTESIAN_POINT('',(-0.374999999999999,0.,1.5));
#10931=CARTESIAN_POINT('',(8.875,9.,1.5));
#10932=CARTESIAN_POINT('',(8.875,0.,1.5));
#10933=CARTESIAN_POINT('',(-0.374999999999999,9.,1.5));
#10934=CARTESIAN_POINT('',(8.875,9.,1.5));
#10935=CARTESIAN_POINT('',(-0.374999999999999,9.,1.5));
#10936=CARTESIAN_POINT('Origin',(3.25,3.4375,-1.));
#10937=CARTESIAN_POINT('',(3.05,3.4375,0.25));
#10938=CARTESIAN_POINT('Origin',(3.25,3.4375,0.25));
#10939=CARTESIAN_POINT('',(3.05,3.4375,0.));
#10940=CARTESIAN_POINT('',(3.05,3.4375,-1.));
#10941=CARTESIAN_POINT('Origin',(3.25,3.4375,0.));
#10942=CARTESIAN_POINT('Origin',(5.25,5.5625,-1.));
#10943=CARTESIAN_POINT('',(5.05,5.5625,0.25));
#10944=CARTESIAN_POINT('Origin',(5.25,5.5625,0.25));
#10945=CARTESIAN_POINT('',(5.05,5.5625,0.));
#10946=CARTESIAN_POINT('',(5.05,5.5625,-1.));
#10947=CARTESIAN_POINT('Origin',(5.25,5.5625,0.));
#10948=CARTESIAN_POINT('Origin',(4.25,1.3125,-1.));
#10949=CARTESIAN_POINT('',(4.05,1.3125,0.25));
#10950=CARTESIAN_POINT('Origin',(4.25,1.3125,0.25));
#10951=CARTESIAN_POINT('',(4.05,1.3125,0.));
#10952=CARTESIAN_POINT('',(4.05,1.3125,-1.));
#10953=CARTESIAN_POINT('Origin',(4.25,1.3125,0.));
#10954=CARTESIAN_POINT('Origin',(1.25,4.5,-1.));
#10955=CARTESIAN_POINT('',(1.05,4.5,0.25));
#10956=CARTESIAN_POINT('Origin',(1.25,4.5,0.25));
#10957=CARTESIAN_POINT('',(1.05,4.5,0.));
#10958=CARTESIAN_POINT('',(1.05,4.5,-1.));
#10959=CARTESIAN_POINT('Origin',(1.25,4.5,0.));
#10960=CARTESIAN_POINT('Origin',(1.25,7.6875,-1.));
#10961=CARTESIAN_POINT('',(1.05,7.6875,0.25));
#10962=CARTESIAN_POINT('Origin',(1.25,7.6875,0.25));
#10963=CARTESIAN_POINT('',(1.05,7.6875,0.));
#10964=CARTESIAN_POINT('',(1.05,7.6875,-1.));
#10965=CARTESIAN_POINT('Origin',(1.25,7.6875,0.));
#10966=CARTESIAN_POINT('Origin',(7.25,7.6875,-1.));
#10967=CARTESIAN_POINT('',(7.05,7.6875,0.25));
#10968=CARTESIAN_POINT('Origin',(7.25,7.6875,0.25));
#10969=CARTESIAN_POINT('',(7.05,7.6875,0.));
#10970=CARTESIAN_POINT('',(7.05,7.6875,-1.));
#10971=CARTESIAN_POINT('Origin',(7.25,7.6875,0.));
#10972=CARTESIAN_POINT('Origin',(6.25,4.5,-1.));
#10973=CARTESIAN_POINT('',(6.05,4.5,0.25));
#10974=CARTESIAN_POINT('Origin',(6.25,4.5,0.25));
#10975=CARTESIAN_POINT('',(6.05,4.5,0.));
#10976=CARTESIAN_POINT('',(6.05,4.5,-1.));
#10977=CARTESIAN_POINT('Origin',(6.25,4.5,0.));
#10978=CARTESIAN_POINT('Origin',(4.25,2.375,-1.));
#10979=CARTESIAN_POINT('',(4.05,2.375,0.25));
#10980=CARTESIAN_POINT('Origin',(4.25,2.375,0.25));
#10981=CARTESIAN_POINT('',(4.05,2.375,0.));
#10982=CARTESIAN_POINT('',(4.05,2.375,-1.));
#10983=CARTESIAN_POINT('Origin',(4.25,2.375,0.));
#10984=CARTESIAN_POINT('Origin',(4.25,6.625,-1.));
#10985=CARTESIAN_POINT('',(4.05,6.625,0.25));
#10986=CARTESIAN_POINT('Origin',(4.25,6.625,0.25));
#10987=CARTESIAN_POINT('',(4.05,6.625,0.));
#10988=CARTESIAN_POINT('',(4.05,6.625,-1.));
#10989=CARTESIAN_POINT('Origin',(4.25,6.625,0.));
#10990=CARTESIAN_POINT('Origin',(2.25,4.5,-1.));
#10991=CARTESIAN_POINT('',(2.05,4.5,0.25));
#10992=CARTESIAN_POINT('Origin',(2.25,4.5,0.25));
#10993=CARTESIAN_POINT('',(2.05,4.5,0.));
#10994=CARTESIAN_POINT('',(2.05,4.5,-1.));
#10995=CARTESIAN_POINT('Origin',(2.25,4.5,0.));
#10996=CARTESIAN_POINT('Origin',(2.25,2.375,-1.));
#10997=CARTESIAN_POINT('',(2.05,2.375,0.25));
#10998=CARTESIAN_POINT('Origin',(2.25,2.375,0.25));
#10999=CARTESIAN_POINT('',(2.05,2.375,0.));
#11000=CARTESIAN_POINT('',(2.05,2.375,-1.));
#11001=CARTESIAN_POINT('Origin',(2.25,2.375,0.));
#11002=CARTESIAN_POINT('Origin',(2.25,6.625,-1.));
#11003=CARTESIAN_POINT('',(2.05,6.625,0.25));
#11004=CARTESIAN_POINT('Origin',(2.25,6.625,0.25));
#11005=CARTESIAN_POINT('',(2.05,6.625,0.));
#11006=CARTESIAN_POINT('',(2.05,6.625,-1.));
#11007=CARTESIAN_POINT('Origin',(2.25,6.625,0.));
#11008=CARTESIAN_POINT('Origin',(4.25,4.5,-1.));
#11009=CARTESIAN_POINT('',(4.05,4.5,0.25));
#11010=CARTESIAN_POINT('Origin',(4.25,4.5,0.25));
#11011=CARTESIAN_POINT('',(4.05,4.5,0.));
#11012=CARTESIAN_POINT('',(4.05,4.5,-1.));
#11013=CARTESIAN_POINT('Origin',(4.25,4.5,0.));
#11014=CARTESIAN_POINT('Origin',(6.25,2.375,-1.));
#11015=CARTESIAN_POINT('',(6.05,2.375,0.25));
#11016=CARTESIAN_POINT('Origin',(6.25,2.375,0.25));
#11017=CARTESIAN_POINT('',(6.05,2.375,0.));
#11018=CARTESIAN_POINT('',(6.05,2.375,-1.));
#11019=CARTESIAN_POINT('Origin',(6.25,2.375,0.));
#11020=CARTESIAN_POINT('Origin',(6.25,6.625,-1.));
#11021=CARTESIAN_POINT('',(6.05,6.625,0.25));
#11022=CARTESIAN_POINT('Origin',(6.25,6.625,0.25));
#11023=CARTESIAN_POINT('',(6.05,6.625,0.));
#11024=CARTESIAN_POINT('',(6.05,6.625,-1.));
#11025=CARTESIAN_POINT('Origin',(6.25,6.625,0.));
#11026=CARTESIAN_POINT('Origin',(7.25,1.3125,-1.));
#11027=CARTESIAN_POINT('',(7.05,1.3125,0.25));
#11028=CARTESIAN_POINT('Origin',(7.25,1.3125,0.25));
#11029=CARTESIAN_POINT('',(7.05,1.3125,0.));
#11030=CARTESIAN_POINT('',(7.05,1.3125,-1.));
#11031=CARTESIAN_POINT('Origin',(7.25,1.3125,0.));
#11032=CARTESIAN_POINT('Origin',(1.25,1.3125,-1.));
#11033=CARTESIAN_POINT('',(1.05,1.3125,0.25));
#11034=CARTESIAN_POINT('Origin',(1.25,1.3125,0.25));
#11035=CARTESIAN_POINT('',(1.05,1.3125,0.));
#11036=CARTESIAN_POINT('',(1.05,1.3125,-1.));
#11037=CARTESIAN_POINT('Origin',(1.25,1.3125,0.));
#11038=CARTESIAN_POINT('Origin',(4.25,7.6875,-1.));
#11039=CARTESIAN_POINT('',(4.05,7.6875,0.25));
#11040=CARTESIAN_POINT('Origin',(4.25,7.6875,0.25));
#11041=CARTESIAN_POINT('',(4.05,7.6875,0.));
#11042=CARTESIAN_POINT('',(4.05,7.6875,-1.));
#11043=CARTESIAN_POINT('Origin',(4.25,7.6875,0.));
#11044=CARTESIAN_POINT('Origin',(7.25,4.5,-1.));
#11045=CARTESIAN_POINT('',(7.05,4.5,0.25));
#11046=CARTESIAN_POINT('Origin',(7.25,4.5,0.25));
#11047=CARTESIAN_POINT('',(7.05,4.5,0.));
#11048=CARTESIAN_POINT('',(7.05,4.5,-1.));
#11049=CARTESIAN_POINT('Origin',(7.25,4.5,0.));
#11050=CARTESIAN_POINT('Origin',(3.25,5.5625,-1.));
#11051=CARTESIAN_POINT('',(3.05,5.5625,0.25));
#11052=CARTESIAN_POINT('Origin',(3.25,5.5625,0.25));
#11053=CARTESIAN_POINT('',(3.05,5.5625,0.));
#11054=CARTESIAN_POINT('',(3.05,5.5625,-1.));
#11055=CARTESIAN_POINT('Origin',(3.25,5.5625,0.));
#11056=CARTESIAN_POINT('Origin',(5.25,3.4375,-1.));
#11057=CARTESIAN_POINT('',(5.05,3.4375,0.25));
#11058=CARTESIAN_POINT('Origin',(5.25,3.4375,0.25));
#11059=CARTESIAN_POINT('',(5.05,3.4375,0.));
#11060=CARTESIAN_POINT('',(5.05,3.4375,-1.));
#11061=CARTESIAN_POINT('Origin',(5.25,3.4375,0.));
#11062=CARTESIAN_POINT('Origin',(4.25,4.5,1.25));
#11063=CARTESIAN_POINT('',(8.5,0.,1.25));
#11064=CARTESIAN_POINT('',(8.5,9.,1.25));
#11065=CARTESIAN_POINT('',(8.5,0.,1.25));
#11066=CARTESIAN_POINT('',(8.875,9.,1.25));
#11067=CARTESIAN_POINT('',(8.875,9.,1.25));
#11068=CARTESIAN_POINT('',(8.875,0.,1.25));
#11069=CARTESIAN_POINT('',(8.875,0.,1.25));
#11070=CARTESIAN_POINT('',(-0.374999999999999,0.,1.25));
#11071=CARTESIAN_POINT('Origin',(4.25,4.5,1.25));
#11072=CARTESIAN_POINT('',(0.,9.,1.25));
#11073=CARTESIAN_POINT('',(0.,0.,1.25));
#11074=CARTESIAN_POINT('',(-2.42636843387368E-32,9.,1.25));
#11075=CARTESIAN_POINT('',(-0.374999999999999,0.,1.25));
#11076=CARTESIAN_POINT('',(-0.374999999999999,0.,1.25));
#11077=CARTESIAN_POINT('',(-0.374999999999999,9.,1.25));
#11078=CARTESIAN_POINT('',(-0.374999999999999,9.,1.25));
#11079=CARTESIAN_POINT('',(8.875,9.,1.25));
#11080=CARTESIAN_POINT('Origin',(-0.374999999999999,9.,1.25));
#11081=CARTESIAN_POINT('',(-0.374999999999999,0.,1.25));
#11082=CARTESIAN_POINT('',(-0.374999999999999,9.,1.25));
#11083=CARTESIAN_POINT('Origin',(8.875,0.,1.25));
#11084=CARTESIAN_POINT('',(8.875,9.,1.25));
#11085=CARTESIAN_POINT('',(8.875,0.,1.25));
#11086=CARTESIAN_POINT('Origin',(4.25,4.5,0.25));
#11087=CARTESIAN_POINT('',(8.25,0.25,0.25));
#11088=CARTESIAN_POINT('',(0.250000000000001,0.25,0.25));
#11089=CARTESIAN_POINT('',(6.25,0.25,0.25));
#11090=CARTESIAN_POINT('',(8.25,8.75,0.25));
#11091=CARTESIAN_POINT('',(8.25,6.625,0.25));
#11092=CARTESIAN_POINT('',(0.250000000000001,8.75,0.25));
#11093=CARTESIAN_POINT('',(2.25,8.75,0.25));
#11094=CARTESIAN_POINT('',(0.25,2.375,0.25));
#11095=CARTESIAN_POINT('Origin',(0.25,8.75,0.));
#11096=CARTESIAN_POINT('',(8.25,8.75,0.));
#11097=CARTESIAN_POINT('',(0.25,8.75,0.));
#11098=CARTESIAN_POINT('Origin',(8.25,8.75,0.));
#11099=CARTESIAN_POINT('',(8.25,0.25,0.));
#11100=CARTESIAN_POINT('Origin',(0.25,0.25,0.));
#11101=CARTESIAN_POINT('',(0.25,0.25,0.));
#11102=CARTESIAN_POINT('Origin',(8.25,0.25,0.));
#11103=CARTESIAN_POINT('Origin',(8.5,9.,0.));
#11104=CARTESIAN_POINT('',(8.5,9.,0.));
#11105=CARTESIAN_POINT('',(-2.42636843387368E-32,9.,0.));
#11106=CARTESIAN_POINT('',(8.5,9.,0.));
#11107=CARTESIAN_POINT('',(-2.42636843387368E-32,9.,0.));
#11108=CARTESIAN_POINT('',(8.5,9.,0.));
#11109=CARTESIAN_POINT('Origin',(8.5,0.,0.));
#11110=CARTESIAN_POINT('',(8.5,0.,0.));
#11111=CARTESIAN_POINT('',(8.5,0.,0.));
#11112=CARTESIAN_POINT('',(8.5,0.,0.));
#11113=CARTESIAN_POINT('Origin',(0.,0.,0.));
#11114=CARTESIAN_POINT('',(0.,0.,0.));
#11115=CARTESIAN_POINT('',(0.,0.,0.));
#11116=CARTESIAN_POINT('',(0.,0.,0.));
#11117=CARTESIAN_POINT('Origin',(-2.42636843387368E-32,9.,0.));
#11118=CARTESIAN_POINT('',(-2.42636843387368E-32,9.,0.));
#11119=CARTESIAN_POINT('Origin',(4.25,4.5,0.));
#11120=CARTESIAN_POINT('',(0.,0.,0.));
#11121=CARTESIAN_POINT('Origin',(6.,12.,1.25));
#11122=CARTESIAN_POINT('',(6.098425,12.,1.25));
#11123=CARTESIAN_POINT('Origin',(6.,12.,1.25));
#11124=CARTESIAN_POINT('',(6.098425,11.75,1.25));
#11125=CARTESIAN_POINT('',(6.098425,12.,1.25));
#11126=CARTESIAN_POINT('Origin',(6.,11.75,1.25));
#11127=CARTESIAN_POINT('Origin',(5.99999999339704,6.,2.25));
#11128=CARTESIAN_POINT('',(11.7500003829716,11.75,2.25));
#11129=CARTESIAN_POINT('',(11.7500003829716,0.25,2.25));
#11130=CARTESIAN_POINT('',(11.7500003829716,11.75,2.25));
#11131=CARTESIAN_POINT('',(0.250000382971576,0.25,2.25));
#11132=CARTESIAN_POINT('',(11.7500003829716,0.25,2.25));
#11133=CARTESIAN_POINT('',(0.250000382971576,11.75,2.25));
#11134=CARTESIAN_POINT('',(0.250000382971576,0.25,2.25));
#11135=CARTESIAN_POINT('',(0.250000382971576,11.75,2.25));
#11136=CARTESIAN_POINT('Origin',(5.99999999339704,6.,2.5));
#11137=CARTESIAN_POINT('',(11.8,0.,2.5));
#11138=CARTESIAN_POINT('',(11.999999993397,0.2,2.5));
#11139=CARTESIAN_POINT('Origin',(11.8,0.2,2.5));
#11140=CARTESIAN_POINT('',(11.999999993397,11.8,2.5));
#11141=CARTESIAN_POINT('',(11.999999993397,12.,2.5));
#11142=CARTESIAN_POINT('',(11.8,12.,2.5));
#11143=CARTESIAN_POINT('Origin',(11.8,11.8,2.5));
#11144=CARTESIAN_POINT('',(0.2,12.,2.5));
#11145=CARTESIAN_POINT('',(-6.60295755080627E-9,12.,2.5));
#11146=CARTESIAN_POINT('',(-6.60295755080627E-9,11.8,2.5));
#11147=CARTESIAN_POINT('Origin',(0.200000000000001,11.8,2.5));
#11148=CARTESIAN_POINT('',(-6.60295755080627E-9,0.2,2.5));
#11149=CARTESIAN_POINT('',(-6.60295755080627E-9,0.,2.5));
#11150=CARTESIAN_POINT('',(0.2,0.,2.5));
#11151=CARTESIAN_POINT('Origin',(0.2,0.2,2.5));
#11152=CARTESIAN_POINT('',(11.999999993397,0.,2.5));
#11153=CARTESIAN_POINT('Origin',(11.7500003829716,11.75,0.25));
#11154=CARTESIAN_POINT('',(11.7500003829716,11.75,0.25));
#11155=CARTESIAN_POINT('',(11.7500003829716,0.25,0.25));
#11156=CARTESIAN_POINT('',(11.7500003829716,11.75,0.25));
#11157=CARTESIAN_POINT('',(11.7500003829716,0.25,0.25));
#11158=CARTESIAN_POINT('',(11.7500003829716,11.75,0.25));
#11159=CARTESIAN_POINT('Origin',(0.250000382971576,11.75,0.25));
#11160=CARTESIAN_POINT('',(0.250000382971576,11.75,0.25));
#11161=CARTESIAN_POINT('',(0.250000382971576,11.75,0.25));
#11162=CARTESIAN_POINT('',(0.250000382971576,11.75,0.25));
#11163=CARTESIAN_POINT('Origin',(0.250000382971576,0.25,0.25));
#11164=CARTESIAN_POINT('',(0.250000382971576,0.25,0.25));
#11165=CARTESIAN_POINT('',(0.250000382971576,0.25,0.25));
#11166=CARTESIAN_POINT('',(0.250000382971576,0.25,0.25));
#11167=CARTESIAN_POINT('Origin',(11.7500003829716,0.25,0.25));
#11168=CARTESIAN_POINT('',(11.7500003829716,0.25,0.25));
#11169=CARTESIAN_POINT('Origin',(0.2,0.,0.25));
#11170=CARTESIAN_POINT('',(11.8,0.,0.25));
#11171=CARTESIAN_POINT('',(0.2,0.,0.25));
#11172=CARTESIAN_POINT('',(12.0000003829716,0.,0.25));
#11173=CARTESIAN_POINT('',(11.8,0.,0.25));
#11174=CARTESIAN_POINT('',(0.2,0.,2.25));
#11175=CARTESIAN_POINT('',(0.2,0.,2.25));
#11176=CARTESIAN_POINT('',(0.2,0.,0.25));
#11177=CARTESIAN_POINT('Origin',(0.2,0.2,0.25));
#11178=CARTESIAN_POINT('',(3.8297157571183E-7,0.2,0.25));
#11179=CARTESIAN_POINT('Origin',(0.2,0.2,0.25));
#11180=CARTESIAN_POINT('',(3.8297157571183E-7,0.2,2.25));
#11181=CARTESIAN_POINT('',(-6.60295755080627E-9,0.2,2.25));
#11182=CARTESIAN_POINT('',(3.8297157571183E-7,0.2,0.25));
#11183=CARTESIAN_POINT('Origin',(3.8297157571183E-7,11.8,0.25));
#11184=CARTESIAN_POINT('',(3.8297157571183E-7,11.8,0.25));
#11185=CARTESIAN_POINT('',(3.8297157571183E-7,0.,0.25));
#11186=CARTESIAN_POINT('',(3.8297157571183E-7,11.8,2.25));
#11187=CARTESIAN_POINT('',(-6.60295755080627E-9,11.8,2.25));
#11188=CARTESIAN_POINT('',(3.8297157571183E-7,11.8,0.25));
#11189=CARTESIAN_POINT('Origin',(0.200000000000001,11.8,0.25));
#11190=CARTESIAN_POINT('',(0.2,12.,0.25));
#11191=CARTESIAN_POINT('Origin',(0.200000000000001,11.8,0.25));
#11192=CARTESIAN_POINT('',(0.2,12.,0.25));
#11193=CARTESIAN_POINT('Origin',(11.8,12.,0.25));
#11194=CARTESIAN_POINT('',(11.8,12.,0.25));
#11195=CARTESIAN_POINT('',(3.8297157571183E-7,12.,0.25));
#11196=CARTESIAN_POINT('',(11.8,12.,2.25));
#11197=CARTESIAN_POINT('',(11.8,12.,2.25));
#11198=CARTESIAN_POINT('',(11.8,12.,0.25));
#11199=CARTESIAN_POINT('Origin',(11.8,11.8,0.25));
#11200=CARTESIAN_POINT('',(12.0000003829716,11.8,0.25));
#11201=CARTESIAN_POINT('Origin',(11.8,11.8,0.25));
#11202=CARTESIAN_POINT('',(12.0000003829716,11.8,2.25));
#11203=CARTESIAN_POINT('',(11.999999993397,11.8,2.25));
#11204=CARTESIAN_POINT('',(12.0000003829716,11.8,0.25));
#11205=CARTESIAN_POINT('Origin',(12.0000003829716,0.2,0.25));
#11206=CARTESIAN_POINT('',(12.0000003829716,0.2,0.25));
#11207=CARTESIAN_POINT('',(12.0000003829716,12.,0.25));
#11208=CARTESIAN_POINT('',(12.0000003829716,0.2,2.25));
#11209=CARTESIAN_POINT('',(11.999999993397,0.2,2.25));
#11210=CARTESIAN_POINT('',(12.0000003829716,0.2,0.25));
#11211=CARTESIAN_POINT('Origin',(11.8,0.2,0.25));
#11212=CARTESIAN_POINT('Origin',(11.8,0.2,0.25));
#11213=CARTESIAN_POINT('Origin',(6.00000038297158,6.,0.25));
#11214=CARTESIAN_POINT('',(0.,0.,0.));
#11215=CARTESIAN_POINT('',(0.,0.,0.));
#11216=CARTESIAN_POINT('Origin',(11.942500283288,1.14000017073415,3.75));
#11217=CARTESIAN_POINT('',(11.942500283288,1.14000017073415,3.75));
#11218=CARTESIAN_POINT('',(11.807500283288,1.14000016685546,3.75));
#11219=CARTESIAN_POINT('',(11.5337501414285,1.14000015899034,3.75));
#11220=CARTESIAN_POINT('',(11.942500283288,1.14000017073415,3.65));
#11221=CARTESIAN_POINT('',(11.942500283288,1.14000017073415,3.75));
#11222=CARTESIAN_POINT('',(11.807500283288,1.14000016685546,3.65));
#11223=CARTESIAN_POINT('',(11.807500283288,1.14000016685546,3.65));
#11224=CARTESIAN_POINT('',(11.807500283288,1.14000016685546,3.75));
#11225=CARTESIAN_POINT('Origin',(11.9425002801275,1.25000017073415,3.75));
#11226=CARTESIAN_POINT('',(11.9425002801275,1.25000017073415,3.75));
#11227=CARTESIAN_POINT('',(11.9425002819232,1.18750009711089,3.75));
#11228=CARTESIAN_POINT('',(11.9425002801275,1.25000017073415,3.65));
#11229=CARTESIAN_POINT('',(11.9425002801275,1.25000017073415,3.75));
#11230=CARTESIAN_POINT('',(11.942500283288,1.14000017073415,3.65));
#11231=CARTESIAN_POINT('Origin',(11.9425001384836,11.1100000035913,3.75));
#11232=CARTESIAN_POINT('',(11.9425001384836,11.1100000035913,3.75));
#11233=CARTESIAN_POINT('',(11.9425002102034,6.11750000766757,3.75));
#11234=CARTESIAN_POINT('',(11.9425001384836,11.1100000035913,3.65));
#11235=CARTESIAN_POINT('',(11.9425001384836,11.1100000035913,3.75));
#11236=CARTESIAN_POINT('',(11.9425002801275,1.25000017073415,3.65));
#11237=CARTESIAN_POINT('Origin',(11.8075001384836,11.110000001652,3.75));
#11238=CARTESIAN_POINT('',(11.8075001384836,11.110000001652,3.75));
#11239=CARTESIAN_POINT('',(11.4662499975219,11.1099999967498,3.75));
#11240=CARTESIAN_POINT('',(11.8075001384836,11.110000001652,3.65));
#11241=CARTESIAN_POINT('',(11.8075001384836,11.110000001652,3.75));
#11242=CARTESIAN_POINT('',(11.8075001384836,11.110000001652,3.65));
#11243=CARTESIAN_POINT('Origin',(11.8075002801276,1.25000016685546,3.75));
#11244=CARTESIAN_POINT('',(11.8075002801275,1.25000016685546,3.75));
#11245=CARTESIAN_POINT('',(11.8075002810255,1.18750008832997,3.75));
#11246=CARTESIAN_POINT('',(11.8075002801275,1.25000016685546,3.65));
#11247=CARTESIAN_POINT('',(11.8075002801275,1.25000016685546,3.75));
#11248=CARTESIAN_POINT('',(11.8075001400638,11.000000001652,3.65));
#11249=CARTESIAN_POINT('Origin',(11.807500283288,1.14000016685546,3.75));
#11250=CARTESIAN_POINT('',(11.8075002835034,1.1325000932322,3.75));
#11251=CARTESIAN_POINT('',(11.8075002801275,1.25000016685546,3.65));
#11252=CARTESIAN_POINT('Origin',(11.8750002108858,6.1250000852234,3.65));
#11253=CARTESIAN_POINT('Origin',(0.0574998583560238,11.1099998328572,3.75));
#11254=CARTESIAN_POINT('',(0.0574998583560237,11.1099998328572,3.75));
#11255=CARTESIAN_POINT('',(0.192499858356024,11.1099998347965,3.75));
#11256=CARTESIAN_POINT('',(5.5912498574582,11.1099999123523,3.75));
#11257=CARTESIAN_POINT('',(0.0574998583560237,11.1099998328572,3.65));
#11258=CARTESIAN_POINT('',(0.0574998583560237,11.1099998328572,3.75));
#11259=CARTESIAN_POINT('',(0.192499858356024,11.1099998347965,3.65));
#11260=CARTESIAN_POINT('',(0.192499858356024,11.1099998347965,3.65));
#11261=CARTESIAN_POINT('',(0.192499858356024,11.1099998347965,3.75));
#11262=CARTESIAN_POINT('Origin',(0.0574999999999528,1.25,3.75));
#11263=CARTESIAN_POINT('',(0.0575,1.25,3.75));
#11264=CARTESIAN_POINT('',(0.0575000008977976,1.18749992050486,3.75));
#11265=CARTESIAN_POINT('',(0.0575,1.25,3.65));
#11266=CARTESIAN_POINT('',(0.0575,1.25,3.75));
#11267=CARTESIAN_POINT('',(0.0574998599362299,10.9999998328572,3.65));
#11268=CARTESIAN_POINT('Origin',(0.0575,1.14,3.75));
#11269=CARTESIAN_POINT('',(0.0575,1.14,3.75));
#11270=CARTESIAN_POINT('',(0.0574999999999996,1.1325,3.75));
#11271=CARTESIAN_POINT('',(0.0575,1.14,3.65));
#11272=CARTESIAN_POINT('',(0.0575,1.14,3.75));
#11273=CARTESIAN_POINT('',(0.0575,1.14,3.65));
#11274=CARTESIAN_POINT('Origin',(0.1925,1.14,3.75));
#11275=CARTESIAN_POINT('',(0.1925,1.14,3.75));
#11276=CARTESIAN_POINT('',(5.65875,1.14,3.75));
#11277=CARTESIAN_POINT('',(0.1925,1.14,3.65));
#11278=CARTESIAN_POINT('',(0.1925,1.14,3.75));
#11279=CARTESIAN_POINT('',(0.1925,1.14,3.65));
#11280=CARTESIAN_POINT('Origin',(0.1925,1.25,3.75));
#11281=CARTESIAN_POINT('',(0.1925,1.25,3.75));
#11282=CARTESIAN_POINT('',(0.1925,1.1875,3.75));
#11283=CARTESIAN_POINT('',(0.1925,1.25,3.65));
#11284=CARTESIAN_POINT('',(0.1925,1.25,3.75));
#11285=CARTESIAN_POINT('',(0.1925,1.25,3.65));
#11286=CARTESIAN_POINT('Origin',(0.192499858356023,11.1099998347965,3.75));
#11287=CARTESIAN_POINT('',(0.192499930075858,6.11749983887277,3.75));
#11288=CARTESIAN_POINT('',(0.1925,1.25,3.65));
#11289=CARTESIAN_POINT('Origin',(0.124999929178012,6.12499991739826,3.65));
#11290=CARTESIAN_POINT('Origin',(0.5,0.75,0.25));
#11291=CARTESIAN_POINT('',(0.5,0.75,0.25));
#11292=CARTESIAN_POINT('',(0.5,0.5,0.25));
#11293=CARTESIAN_POINT('',(0.5,0.5625,0.25));
#11294=CARTESIAN_POINT('',(0.25,0.75,3.75));
#11295=CARTESIAN_POINT('',(0.5,0.75,0.25));
#11296=CARTESIAN_POINT('',(0.25,0.250000000000001,3.75));
#11297=CARTESIAN_POINT('',(0.249999999999998,0.9375,3.75));
#11298=CARTESIAN_POINT('',(0.5,0.5,0.25));
#11299=CARTESIAN_POINT('Origin',(0.5,0.5,0.25));
#11300=CARTESIAN_POINT('',(0.75,0.5,0.25));
#11301=CARTESIAN_POINT('',(0.6875,0.5,0.25));
#11302=CARTESIAN_POINT('',(0.75,0.250000000000001,3.75));
#11303=CARTESIAN_POINT('',(5.8125,0.250000000000001,3.75));
#11304=CARTESIAN_POINT('',(0.75,0.5,0.25));
#11305=CARTESIAN_POINT('Origin',(11.125,1.125,3.75));
#11306=CARTESIAN_POINT('',(11.8,12.,3.75));
#11307=CARTESIAN_POINT('',(12.,11.8,3.75));
#11308=CARTESIAN_POINT('Origin',(11.8,11.8,3.75));
#11309=CARTESIAN_POINT('',(1.,11.9999998197781,3.75));
#11310=CARTESIAN_POINT('',(12.,12.,3.75));
#11311=CARTESIAN_POINT('',(0.2,12.,3.75));
#11312=CARTESIAN_POINT('',(12.,12.,3.75));
#11313=CARTESIAN_POINT('',(0.,11.8,3.75));
#11314=CARTESIAN_POINT('Origin',(0.2,11.8,3.75));
#11315=CARTESIAN_POINT('',(0.,0.200000000000001,3.75));
#11316=CARTESIAN_POINT('',(0.,12.,3.75));
#11317=CARTESIAN_POINT('',(0.2,0.,3.75));
#11318=CARTESIAN_POINT('Origin',(0.2,0.2,3.75));
#11319=CARTESIAN_POINT('',(11.8,0.,3.75));
#11320=CARTESIAN_POINT('',(0.,0.,3.75));
#11321=CARTESIAN_POINT('',(12.,0.2,3.75));
#11322=CARTESIAN_POINT('Origin',(11.8,0.2,3.75));
#11323=CARTESIAN_POINT('',(12.,0.,3.75));
#11324=CARTESIAN_POINT('',(10.75,1.25,3.75));
#11325=CARTESIAN_POINT('',(10.75,0.250000000000001,3.75));
#11326=CARTESIAN_POINT('',(10.75,1.25,3.75));
#11327=CARTESIAN_POINT('',(1.25,0.250000000000001,3.75));
#11328=CARTESIAN_POINT('',(1.25,0.25,3.75));
#11329=CARTESIAN_POINT('',(1.25,1.,3.75));
#11330=CARTESIAN_POINT('',(1.25,0.75,3.75));
#11331=CARTESIAN_POINT('',(1.,1.25,3.75));
#11332=CARTESIAN_POINT('',(1.,1.25,3.75));
#11333=CARTESIAN_POINT('',(0.25,1.25,3.75));
#11334=CARTESIAN_POINT('',(0.75,1.25,3.75));
#11335=CARTESIAN_POINT('',(0.25,10.9999998347966,3.75));
#11336=CARTESIAN_POINT('',(0.25,10.75,3.75));
#11337=CARTESIAN_POINT('',(11.75,11.0000003510573,3.75));
#11338=CARTESIAN_POINT('',(1.,11.,3.75));
#11339=CARTESIAN_POINT('',(11.75,1.25,3.75));
#11340=CARTESIAN_POINT('',(11.75,11.0000003510573,3.75));
#11341=CARTESIAN_POINT('',(11.,1.25,3.75));
#11342=CARTESIAN_POINT('',(0.25,11.25,3.75));
#11343=CARTESIAN_POINT('',(0.25,11.75,3.75));
#11344=CARTESIAN_POINT('',(0.25,11.75,3.75));
#11345=CARTESIAN_POINT('',(0.75,11.75,3.75));
#11346=CARTESIAN_POINT('',(0.75,11.75,3.75));
#11347=CARTESIAN_POINT('',(0.75,11.25,3.75));
#11348=CARTESIAN_POINT('',(0.75,11.25,3.75));
#11349=CARTESIAN_POINT('',(0.25,11.25,3.75));
#11350=CARTESIAN_POINT('',(11.25,11.75,3.75));
#11351=CARTESIAN_POINT('',(11.75,11.75,3.75000000000001));
#11352=CARTESIAN_POINT('',(11.75,11.75,3.75000000000001));
#11353=CARTESIAN_POINT('',(11.75,11.25,3.75));
#11354=CARTESIAN_POINT('',(11.75,11.25,3.75));
#11355=CARTESIAN_POINT('',(11.25,11.25,3.75));
#11356=CARTESIAN_POINT('',(11.25,11.25,3.75));
#11357=CARTESIAN_POINT('',(11.25,11.75,3.75));
#11358=CARTESIAN_POINT('',(1.0000000319143,11.25,3.75));
#11359=CARTESIAN_POINT('',(1.,11.75,3.75));
#11360=CARTESIAN_POINT('',(1.,11.,3.75));
#11361=CARTESIAN_POINT('',(11.,11.75,3.75));
#11362=CARTESIAN_POINT('',(1.,11.75,3.75));
#11363=CARTESIAN_POINT('',(11.0000003510573,11.25,3.75));
#11364=CARTESIAN_POINT('',(11.,12.,3.75));
#11365=CARTESIAN_POINT('',(10.75,11.25,3.75));
#11366=CARTESIAN_POINT('',(0.75,0.75,3.75));
#11367=CARTESIAN_POINT('',(0.75,0.9375,3.75));
#11368=CARTESIAN_POINT('',(0.75,0.75,3.75));
#11369=CARTESIAN_POINT('',(11.25,0.750000000000001,3.75));
#11370=CARTESIAN_POINT('',(11.75,0.75,3.75000000000001));
#11371=CARTESIAN_POINT('',(11.375,0.750000000000001,3.75));
#11372=CARTESIAN_POINT('',(11.75,0.250000000000001,3.75));
#11373=CARTESIAN_POINT('',(11.75,0.25,3.75));
#11374=CARTESIAN_POINT('',(11.25,0.250000000000001,3.75));
#11375=CARTESIAN_POINT('',(11.25,0.25,3.75));
#11376=CARTESIAN_POINT('',(11.25,0.75,3.75));
#11377=CARTESIAN_POINT('Origin',(0.75,0.5,0.25));
#11378=CARTESIAN_POINT('',(0.75,0.75,0.));
#11379=CARTESIAN_POINT('',(0.75,0.75,0.25));
#11380=CARTESIAN_POINT('',(0.75,0.5,0.));
#11381=CARTESIAN_POINT('',(0.75,3.375,0.));
#11382=CARTESIAN_POINT('',(0.75,0.5,0.25));
#11383=CARTESIAN_POINT('Origin',(0.25,0.75,0.25));
#11384=CARTESIAN_POINT('',(0.5,0.75,0.));
#11385=CARTESIAN_POINT('',(0.5,0.75,0.25));
#11386=CARTESIAN_POINT('',(3.25,0.75,0.));
#11387=CARTESIAN_POINT('Origin',(0.5,0.5,0.25));
#11388=CARTESIAN_POINT('',(0.5,0.5,0.));
#11389=CARTESIAN_POINT('',(0.5,0.5,0.25));
#11390=CARTESIAN_POINT('',(0.5,3.25,0.));
#11391=CARTESIAN_POINT('Origin',(0.75,0.5,0.25));
#11392=CARTESIAN_POINT('',(3.375,0.5,0.));
#11393=CARTESIAN_POINT('Origin',(1.25,0.25,0.25));
#11394=CARTESIAN_POINT('',(1.25,1.25,3.25));
#11395=CARTESIAN_POINT('',(1.25,1.24999565514958,0.250000000003146));
#11396=CARTESIAN_POINT('',(1.25,1.25,3.25));
#11397=CARTESIAN_POINT('',(1.25,0.25,2.25));
#11398=CARTESIAN_POINT('',(1.25,0.,2.));
#11399=CARTESIAN_POINT('',(1.25,0.25,0.25));
#11400=CARTESIAN_POINT('',(1.25,0.25,0.25));
#11401=CARTESIAN_POINT('',(1.25,3.125,0.25));
#11402=CARTESIAN_POINT('Origin',(3.695,0.75,1.875));
#11403=CARTESIAN_POINT('',(3.695,0.,2.075));
#11404=CARTESIAN_POINT('Origin',(3.695,0.,1.875));
#11405=CARTESIAN_POINT('',(3.695,0.25,2.075));
#11406=CARTESIAN_POINT('',(3.695,0.75,2.075));
#11407=CARTESIAN_POINT('Origin',(3.695,0.25,1.875));
#11408=CARTESIAN_POINT('Origin',(8.305,0.75,1.875));
#11409=CARTESIAN_POINT('',(8.305,0.,2.075));
#11410=CARTESIAN_POINT('Origin',(8.305,0.,1.875));
#11411=CARTESIAN_POINT('',(8.305,0.25,2.075));
#11412=CARTESIAN_POINT('',(8.305,0.75,2.075));
#11413=CARTESIAN_POINT('Origin',(8.305,0.25,1.875));
#11414=CARTESIAN_POINT('Ctrl Pts',(10.7585786437627,1.25,1.35));
#11415=CARTESIAN_POINT('Ctrl Pts',(10.7585786437627,1.25,1.34252001749146));
#11416=CARTESIAN_POINT('Ctrl Pts',(10.7635902558519,1.24749419395539,1.32007604594958));
#11417=CARTESIAN_POINT('Ctrl Pts',(10.7968550963617,1.23086177370049,1.28552173947368));
#11418=CARTESIAN_POINT('Ctrl Pts',(10.8688415745265,1.19486853461808,1.25683281757958));
#11419=CARTESIAN_POINT('Ctrl Pts',(10.9286587137285,1.16495996501709,1.25));
#11420=CARTESIAN_POINT('Ctrl Pts',(10.9585786437627,1.15,1.25));
#11421=CARTESIAN_POINT('Ctrl Pts',(10.7810185912883,1.25,1.35));
#11422=CARTESIAN_POINT('Ctrl Pts',(10.7810185912883,1.25,1.34419989746513));
#11423=CARTESIAN_POINT('Ctrl Pts',(10.7851427239323,1.24870756402967,1.32691841785303));
#11424=CARTESIAN_POINT('Ctrl Pts',(10.8141161135025,1.23812860835237,1.29539026258205));
#11425=CARTESIAN_POINT('Ctrl Pts',(10.8819111445071,1.20651099077639,1.2622548464904));
#11426=CARTESIAN_POINT('Ctrl Pts',(10.9399473273672,1.17624697757831,1.25158498321183));
#11427=CARTESIAN_POINT('Ctrl Pts',(10.9691569364726,1.1605782927099,1.25));
#11428=CARTESIAN_POINT('Ctrl Pts',(10.8258415519504,1.26574162636969,1.35));
#11429=CARTESIAN_POINT('Ctrl Pts',(10.8258415519504,1.26574162636969,1.34637951500137));
#11430=CARTESIAN_POINT('Ctrl Pts',(10.8282137060801,1.2661437155646,1.33585589675554));
#11431=CARTESIAN_POINT('Ctrl Pts',(10.8485967477708,1.26306643611287,1.3061705105589));
#11432=CARTESIAN_POINT('Ctrl Pts',(10.9080034111572,1.23371769375282,1.26366978614703));
#11433=CARTESIAN_POINT('Ctrl Pts',(10.9625256628172,1.19984796963113,1.24697709700471));
#11434=CARTESIAN_POINT('Ctrl Pts',(10.9903088999611,1.18173025619841,1.24316464020339));
#11435=CARTESIAN_POINT('Ctrl Pts',(10.860548079005,1.32097336169252,1.35));
#11436=CARTESIAN_POINT('Ctrl Pts',(10.860548079005,1.32097336169252,1.34484154230796));
#11437=CARTESIAN_POINT('Ctrl Pts',(10.8621725849295,1.32075389101625,1.3297528944854));
#11438=CARTESIAN_POINT('Ctrl Pts',(10.8787731642619,1.31276896041905,1.29116577458297));
#11439=CARTESIAN_POINT('Ctrl Pts',(10.9340638225592,1.27147925381946,1.23975625535816));
#11440=CARTESIAN_POINT('Ctrl Pts',(10.9866476236069,1.22790460408809,1.22081200458132));
#11441=CARTESIAN_POINT('Ctrl Pts',(11.0136268347063,1.20504819094362,1.2168657906252));
#11442=CARTESIAN_POINT('Ctrl Pts',(10.8588120487835,1.37891085032133,1.35));
#11443=CARTESIAN_POINT('Ctrl Pts',(10.8588120487835,1.37891085032133,1.34037301220843));
#11444=CARTESIAN_POINT('Ctrl Pts',(10.8616002383894,1.37639319248195,1.31172089602629));
#11445=CARTESIAN_POINT('Ctrl Pts',(10.8837825179999,1.35585781987323,1.25847344507497));
#11446=CARTESIAN_POINT('Ctrl Pts',(10.9442233531754,1.29801955761919,1.20295378555129));
#11447=CARTESIAN_POINT('Ctrl Pts',(10.9988197424689,1.24504717466864,1.18591337822463));
#11448=CARTESIAN_POINT('Ctrl Pts',(11.0265901549133,1.21801151115058,1.18365031124535));
#11449=CARTESIAN_POINT('Ctrl Pts',(10.84118990118,1.40881009882002,1.35));
#11450=CARTESIAN_POINT('Ctrl Pts',(10.84118990118,1.40881009882002,1.33682392533496));
#11451=CARTESIAN_POINT('Ctrl Pts',(10.8454177991322,1.4045857250813,1.29736481057332));
#11452=CARTESIAN_POINT('Ctrl Pts',(10.8747016908756,1.37530280464509,1.23354978111525));
#11453=CARTESIAN_POINT('Ctrl Pts',(10.9423962701188,1.30760362474361,1.17677608356733));
#11454=CARTESIAN_POINT('Ctrl Pts',(11.0002103597416,1.24979225301142,1.16197729361285));
#11455=CARTESIAN_POINT('Ctrl Pts',(11.0292893218813,1.22071067811865,1.16121997376282));
#11456=CARTESIAN_POINT('Ctrl Pts',(10.8292893218813,1.42071067811865,1.35));
#11457=CARTESIAN_POINT('Ctrl Pts',(10.8292893218813,1.42071067811865,1.33504003498291));
#11458=CARTESIAN_POINT('Ctrl Pts',(10.8343009339706,1.41569906602943,1.29015209189915));
#11459=CARTESIAN_POINT('Ctrl Pts',(10.8675657744804,1.38243422551964,1.22104347894736));
#11460=CARTESIAN_POINT('Ctrl Pts',(10.9395522526452,1.31044774735481,1.16366563515915));
#11461=CARTESIAN_POINT('Ctrl Pts',(10.9993693918472,1.25063060815284,1.15));
#11462=CARTESIAN_POINT('Ctrl Pts',(11.0292893218813,1.22071067811865,1.15));
#11463=CARTESIAN_POINT('',(11.0292893218813,1.22071067811866,1.15));
#11464=CARTESIAN_POINT('',(10.9585786437627,1.15,1.25));
#11465=CARTESIAN_POINT('Origin',(10.9585786437627,1.15,1.15));
#11466=CARTESIAN_POINT('',(10.7585786437627,1.25,1.35));
#11467=CARTESIAN_POINT('Origin',(10.9585786437627,1.15,1.35));
#11468=CARTESIAN_POINT('',(11.,1.25,1.15215628485158));
#11469=CARTESIAN_POINT('Ctrl Pts',(10.7585786437627,1.25,1.35));
#11470=CARTESIAN_POINT('Ctrl Pts',(10.7586663108713,1.25,1.34991233289138));
#11471=CARTESIAN_POINT('Ctrl Pts',(10.7587540929607,1.25,1.34982478136779));
#11472=CARTESIAN_POINT('Ctrl Pts',(10.794258466983,1.25,1.31450648679496));
#11473=CARTESIAN_POINT('Ctrl Pts',(10.8642821321525,1.25,1.29088998330863));
#11474=CARTESIAN_POINT('Ctrl Pts',(10.9391281752928,1.25,1.24480663100811));
#11475=CARTESIAN_POINT('Ctrl Pts',(10.95911220144,1.25,1.23021414030345));
#11476=CARTESIAN_POINT('Ctrl Pts',(10.9826877726593,1.25,1.20311334829638));
#11477=CARTESIAN_POINT('Ctrl Pts',(10.9898610909678,1.25,1.19230259797517));
#11478=CARTESIAN_POINT('Ctrl Pts',(10.9980299404738,1.25,1.17133402011584));
#11479=CARTESIAN_POINT('Ctrl Pts',(11.,1.25,1.16185973312457));
#11480=CARTESIAN_POINT('Ctrl Pts',(11.,1.25,1.15215628485158));
#11481=CARTESIAN_POINT('Origin',(11.0292893218813,1.22071067811865,1.35));
#11482=CARTESIAN_POINT('Origin',(10.9292893218813,1.17928932188135,1.15));
#11483=CARTESIAN_POINT('',(11.3292893218813,0.920710678118654,1.15));
#11484=CARTESIAN_POINT('',(11.2585786437627,0.85,1.25));
#11485=CARTESIAN_POINT('Origin',(11.2585786437627,0.85,1.15));
#11486=CARTESIAN_POINT('',(10.9292893218813,1.17928932188135,1.25));
#11487=CARTESIAN_POINT('',(11.,1.25,1.15));
#11488=CARTESIAN_POINT('Ctrl Pts',(11.2585786437627,0.85,1.25));
#11489=CARTESIAN_POINT('Ctrl Pts',(11.303458538814,0.827560052474359,1.25));
#11490=CARTESIAN_POINT('Ctrl Pts',(11.3779784014789,0.790300121141919,1.26312118722324));
#11491=CARTESIAN_POINT('Ctrl Pts',(11.4448880670982,0.756845288332241,1.30517733025179));
#11492=CARTESIAN_POINT('Ctrl Pts',(11.4585786437627,0.75,1.33504003498291));
#11493=CARTESIAN_POINT('Ctrl Pts',(11.4585786437627,0.75,1.35));
#11494=CARTESIAN_POINT('Ctrl Pts',(11.2797352291825,0.871156585419802,1.25));
#11495=CARTESIAN_POINT('Ctrl Pts',(11.322430469249,0.846604576934135,1.24510559810361));
#11496=CARTESIAN_POINT('Ctrl Pts',(11.3947025973546,0.801705787830715,1.25333937008842));
#11497=CARTESIAN_POINT('Ctrl Pts',(11.4600838669818,0.758913716818648,1.2984195385206));
#11498=CARTESIAN_POINT('Ctrl Pts',(11.4735386087798,0.75,1.33280459742659));
#11499=CARTESIAN_POINT('Ctrl Pts',(11.4735386087798,0.75,1.35));
#11500=CARTESIAN_POINT('Ctrl Pts',(11.31634826336,0.907769619597297,1.2248430702155));
#11501=CARTESIAN_POINT('Ctrl Pts',(11.3555663474555,0.874016418966441,1.21728902958313));
#11502=CARTESIAN_POINT('Ctrl Pts',(11.4239547587507,0.813009487845221,1.22663089977391));
#11503=CARTESIAN_POINT('Ctrl Pts',(11.4867420355084,0.755895523277116,1.28414152973164));
#11504=CARTESIAN_POINT('Ctrl Pts',(11.4997003057844,0.744016950344601,1.32799296609723));
#11505=CARTESIAN_POINT('Ctrl Pts',(11.4997003057844,0.744016950344601,1.35));
#11506=CARTESIAN_POINT('Ctrl Pts',(11.3292893218813,0.920710678118655,1.17243994752564));
#11507=CARTESIAN_POINT('Ctrl Pts',(11.3716294951955,0.878313320600416,1.17019889673635));
#11508=CARTESIAN_POINT('Ctrl Pts',(11.4432156043876,0.806758449412646,1.19136705353634));
#11509=CARTESIAN_POINT('Ctrl Pts',(11.5080302648206,0.741934976832765,1.26750594667632));
#11510=CARTESIAN_POINT('Ctrl Pts',(11.5213556023489,0.72864439765108,1.3224533371656));
#11511=CARTESIAN_POINT('Ctrl Pts',(11.5213556023489,0.72864439765108,1.35));
#11512=CARTESIAN_POINT('Ctrl Pts',(11.3292893218813,0.920710678118655,1.15));
#11513=CARTESIAN_POINT('Ctrl Pts',(11.3741692169326,0.875830783067372,1.15));
#11514=CARTESIAN_POINT('Ctrl Pts',(11.4486890795975,0.801310920402492,1.17624237444649));
#11515=CARTESIAN_POINT('Ctrl Pts',(11.5155987452169,0.734401254783137,1.26035466050358));
#11516=CARTESIAN_POINT('Ctrl Pts',(11.5292893218813,0.720710678118655,1.32008006996581));
#11517=CARTESIAN_POINT('Ctrl Pts',(11.5292893218813,0.720710678118655,1.35));
#11518=CARTESIAN_POINT('',(11.5,0.75,1.245798923344));
#11519=CARTESIAN_POINT('',(11.4585786437627,0.75,1.35));
#11520=CARTESIAN_POINT('Ctrl Pts',(11.5,0.75,1.245798923344));
#11521=CARTESIAN_POINT('Ctrl Pts',(11.5,0.75,1.2536088508419));
#11522=CARTESIAN_POINT('Ctrl Pts',(11.4994475200136,0.750000000000168,1.26141384425961));
#11523=CARTESIAN_POINT('Ctrl Pts',(11.4968762219804,0.750000000000168,1.27904831887693));
#11524=CARTESIAN_POINT('Ctrl Pts',(11.4944909543338,0.75000000000958,1.28880396200657));
#11525=CARTESIAN_POINT('Ctrl Pts',(11.4881110184533,0.75000000000958,1.30673112538941));
#11526=CARTESIAN_POINT('Ctrl Pts',(11.4843116616161,0.75,1.31492753595751));
#11527=CARTESIAN_POINT('Ctrl Pts',(11.4739153341115,0.75,1.33257769484094));
#11528=CARTESIAN_POINT('Ctrl Pts',(11.4669803941102,0.75,1.34155212202644));
#11529=CARTESIAN_POINT('Ctrl Pts',(11.4587638932766,0.75,1.34981449274644));
#11530=CARTESIAN_POINT('Ctrl Pts',(11.4586713331391,0.75,1.34990731062358));
#11531=CARTESIAN_POINT('Ctrl Pts',(11.4585786437627,0.75,1.35));
#11532=CARTESIAN_POINT('Origin',(11.2585786437627,0.85,1.35));
#11533=CARTESIAN_POINT('Origin',(11.3292893218813,0.920710678118654,1.35));
#11534=CARTESIAN_POINT('Origin',(11.,1.25,0.249999999999994));
#11535=CARTESIAN_POINT('',(11.,1.25,0.25));
#11536=CARTESIAN_POINT('',(11.,1.25,0.25));
#11537=CARTESIAN_POINT('',(11.5,0.75,0.250000000000006));
#11538=CARTESIAN_POINT('',(8.56250000000001,3.6875,0.25));
#11539=CARTESIAN_POINT('',(11.5,0.75,0.250000000000006));
#11540=CARTESIAN_POINT('Origin',(11.0707106781187,0.820710678118655,1.15));
#11541=CARTESIAN_POINT('',(11.,0.75,1.15));
#11542=CARTESIAN_POINT('',(11.0707106781187,0.820710678118655,1.25));
#11543=CARTESIAN_POINT('Origin',(11.0707106781187,0.820710678118655,1.15));
#11544=CARTESIAN_POINT('',(11.15,0.741421356237309,1.25));
#11545=CARTESIAN_POINT('',(11.0707106781187,0.820710678118655,1.25));
#11546=CARTESIAN_POINT('',(11.0792893218813,0.670710678118654,1.15));
#11547=CARTESIAN_POINT('Origin',(11.15,0.741421356237309,1.15));
#11548=CARTESIAN_POINT('',(11.,0.75,1.15));
#11549=CARTESIAN_POINT('Origin',(10.945710682632,0.945710689562439,1.15));
#11550=CARTESIAN_POINT('',(10.779289317368,0.970710710807323,1.15));
#11551=CARTESIAN_POINT('',(10.875,0.875000015957148,1.15));
#11552=CARTESIAN_POINT('',(10.85,1.04142138441261,1.25));
#11553=CARTESIAN_POINT('Origin',(10.85,1.04142138441261,1.15));
#11554=CARTESIAN_POINT('',(10.945710682632,0.945710689562439,1.25));
#11555=CARTESIAN_POINT('Ctrl Pts',(10.85,1.04142138441261,1.25));
#11556=CARTESIAN_POINT('Ctrl Pts',(10.8350400349829,1.0713413182663,1.25));
#11557=CARTESIAN_POINT('Ctrl Pts',(10.8051163271397,1.13118874159264,1.25682135691554));
#11558=CARTESIAN_POINT('Ctrl Pts',(10.7751528482284,1.19111570706535,1.28074465730262));
#11559=CARTESIAN_POINT('Ctrl Pts',(10.7591463722359,1.22312866313714,1.30625013937197));
#11560=CARTESIAN_POINT('Ctrl Pts',(10.7516835301877,1.23805434913892,1.32755888395541));
#11561=CARTESIAN_POINT('Ctrl Pts',(10.75,1.24142140994405,1.34252001749146));
#11562=CARTESIAN_POINT('Ctrl Pts',(10.75,1.24142140994405,1.35));
#11563=CARTESIAN_POINT('Ctrl Pts',(10.8394217066149,1.03084309237791,1.25));
#11564=CARTESIAN_POINT('Ctrl Pts',(10.8237530216558,1.06005270530278,1.25158498331299));
#11565=CARTESIAN_POINT('Ctrl Pts',(10.7934341807295,1.11813034940852,1.26229842797804));
#11566=CARTESIAN_POINT('Ctrl Pts',(10.76716661339,1.17452370888752,1.28979585401191));
#11567=CARTESIAN_POINT('Ctrl Pts',(10.7554883148873,1.20330641157326,1.3143910131558));
#11568=CARTESIAN_POINT('Ctrl Pts',(10.7508865214607,1.21618934849555,1.33258108592078));
#11569=CARTESIAN_POINT('Ctrl Pts',(10.75,1.21898146181052,1.34419989772455));
#11570=CARTESIAN_POINT('Ctrl Pts',(10.75,1.21898146181052,1.35));
#11571=CARTESIAN_POINT('Ctrl Pts',(10.8182697399965,1.00969112845972,1.24316465620728));
#11572=CARTESIAN_POINT('Ctrl Pts',(10.800152026291,1.03747436942311,1.24697711325195));
#11573=CARTESIAN_POINT('Ctrl Pts',(10.7661813908862,1.09209353349527,1.263802776859));
#11574=CARTESIAN_POINT('Ctrl Pts',(10.7419046522458,1.14141214524304,1.29888029622203));
#11575=CARTESIAN_POINT('Ctrl Pts',(10.7350156358239,1.16371770989177,1.32422097719518));
#11576=CARTESIAN_POINT('Ctrl Pts',(10.7340493399589,1.17249780377146,1.33908772411375));
#11577=CARTESIAN_POINT('Ctrl Pts',(10.7342584500073,1.17415848938192,1.34637951571383));
#11578=CARTESIAN_POINT('Ctrl Pts',(10.7342584500073,1.17415848938192,1.35));
#11579=CARTESIAN_POINT('Ctrl Pts',(10.7949518042596,0.986373195699509,1.21686579839791));
#11580=CARTESIAN_POINT('Ctrl Pts',(10.7720953907397,1.01335241061842,1.22081201260591));
#11581=CARTESIAN_POINT('Ctrl Pts',(10.7284045517561,1.06604343970922,1.23990461700597));
#11582=CARTESIAN_POINT('Ctrl Pts',(10.694214327163,1.11190320160726,1.28236410728233));
#11583=CARTESIAN_POINT('Ctrl Pts',(10.6823490402863,1.13128168840371,1.31459380723339));
#11584=CARTESIAN_POINT('Ctrl Pts',(10.6792530777599,1.13827915448636,1.33446528924505));
#11585=CARTESIAN_POINT('Ctrl Pts',(10.6790266700027,1.13945196648963,1.34484154312117));
#11586=CARTESIAN_POINT('Ctrl Pts',(10.6790266700027,1.13945196648963,1.35));
#11587=CARTESIAN_POINT('Ctrl Pts',(10.7819884832133,0.973409876308102,1.18365031838337));
#11588=CARTESIAN_POINT('Ctrl Pts',(10.7549528194209,1.00118029257195,1.1859133855071));
#11589=CARTESIAN_POINT('Ctrl Pts',(10.701903350649,1.05585148427001,1.2030316865707));
#11590=CARTESIAN_POINT('Ctrl Pts',(10.6538621961657,1.10606225698423,1.24908588305094));
#11591=CARTESIAN_POINT('Ctrl Pts',(10.631756304326,1.12959194140892,1.29058340563444));
#11592=CARTESIAN_POINT('Ctrl Pts',(10.6228294733885,1.13926542949349,1.32108467860946));
#11593=CARTESIAN_POINT('Ctrl Pts',(10.6210891755285,1.14118800124491,1.34037301269255));
#11594=CARTESIAN_POINT('Ctrl Pts',(10.6210891755285,1.14118800124491,1.35));
#11595=CARTESIAN_POINT('Ctrl Pts',(10.779289317368,0.970710710807322,1.16121997376282));
#11596=CARTESIAN_POINT('Ctrl Pts',(10.7502077423679,0.99978967676657,1.16197729366118));
#11597=CARTESIAN_POINT('Ctrl Pts',(10.6923484807007,1.05765640155543,1.1767866571141));
#11598=CARTESIAN_POINT('Ctrl Pts',(10.6360264657067,1.11397428711086,1.22404761470141));
#11599=CARTESIAN_POINT('Ctrl Pts',(10.6070879163744,1.14291095147887,1.27188683705305));
#11600=CARTESIAN_POINT('Ctrl Pts',(10.594045007572,1.15595261625259,1.31045577198757));
#11601=CARTESIAN_POINT('Ctrl Pts',(10.5911898962294,1.15881015595814,1.33682392549746));
#11602=CARTESIAN_POINT('Ctrl Pts',(10.5911898962294,1.15881015595814,1.35));
#11603=CARTESIAN_POINT('Ctrl Pts',(10.779289317368,0.970710710807322,1.15));
#11604=CARTESIAN_POINT('Ctrl Pts',(10.7493693873338,1.00063064466101,1.15));
#11605=CARTESIAN_POINT('Ctrl Pts',(10.6895219716474,1.06047806798735,1.16364271383108));
#11606=CARTESIAN_POINT('Ctrl Pts',(10.6295950138248,1.12040503346006,1.21148931460524));
#11607=CARTESIAN_POINT('Ctrl Pts',(10.5975820618397,1.15241798953185,1.26250027874394));
#11608=CARTESIAN_POINT('Ctrl Pts',(10.5826563777433,1.16734367553363,1.30511776791081));
#11609=CARTESIAN_POINT('Ctrl Pts',(10.579289317368,1.17071073633876,1.33504003498291));
#11610=CARTESIAN_POINT('Ctrl Pts',(10.579289317368,1.17071073633876,1.35));
#11611=CARTESIAN_POINT('',(10.75,1.0000000319143,1.15215628418341));
#11612=CARTESIAN_POINT('',(10.75,1.24142140994405,1.35));
#11613=CARTESIAN_POINT('Ctrl Pts',(10.75,1.0000000319143,1.15215628418341));
#11614=CARTESIAN_POINT('Ctrl Pts',(10.75,1.0000000319143,1.16185973177006));
#11615=CARTESIAN_POINT('Ctrl Pts',(10.75,1.00197009129773,1.17133401807977));
#11616=CARTESIAN_POINT('Ctrl Pts',(10.75,1.01013894021568,1.19230259439164));
#11617=CARTESIAN_POINT('Ctrl Pts',(10.75,1.01731225799015,1.20311334389966));
#11618=CARTESIAN_POINT('Ctrl Pts',(10.75,1.04088782741569,1.2302141338394));
#11619=CARTESIAN_POINT('Ctrl Pts',(10.75,1.06087185203972,1.24480662345226));
#11620=CARTESIAN_POINT('Ctrl Pts',(10.75,1.13571790628756,1.29088998206475));
#11621=CARTESIAN_POINT('Ctrl Pts',(10.75,1.2057415834218,1.31450648349608));
#11622=CARTESIAN_POINT('Ctrl Pts',(10.75,1.241245960693,1.34982478131541));
#11623=CARTESIAN_POINT('Ctrl Pts',(10.75,1.24133374288911,1.34991233294506));
#11624=CARTESIAN_POINT('Ctrl Pts',(10.75,1.24142140994405,1.35));
#11625=CARTESIAN_POINT('Origin',(10.85,1.04142138441261,1.35));
#11626=CARTESIAN_POINT('Origin',(10.779289317368,0.970710710807323,1.35));
#11627=CARTESIAN_POINT('Ctrl Pts',(11.25,0.54142135623731,1.35));
#11628=CARTESIAN_POINT('Ctrl Pts',(11.25,0.54142135623731,1.32756005247436));
#11629=CARTESIAN_POINT('Ctrl Pts',(11.2368789654248,0.56766342538771,1.29030005613929));
#11630=CARTESIAN_POINT('Ctrl Pts',(11.1948227460955,0.651775864046215,1.2568452420366));
#11631=CARTESIAN_POINT('Ctrl Pts',(11.1649599650171,0.711501426203121,1.25));
#11632=CARTESIAN_POINT('Ctrl Pts',(11.15,0.741421356237309,1.25));
#11633=CARTESIAN_POINT('Ctrl Pts',(11.25,0.526461391220215,1.35));
#11634=CARTESIAN_POINT('Ctrl Pts',(11.25,0.526461391220215,1.32420689613989));
#11635=CARTESIAN_POINT('Ctrl Pts',(11.2327760449336,0.55225895331656,1.28131669490703));
#11636=CARTESIAN_POINT('Ctrl Pts',(11.1800569914194,0.634225503526643,1.24866573321747));
#11637=CARTESIAN_POINT('Ctrl Pts',(11.1452114202373,0.691801277439855,1.24673706540241));
#11638=CARTESIAN_POINT('Ctrl Pts',(11.1288434145802,0.720264770817507,1.25));
#11639=CARTESIAN_POINT('Ctrl Pts',(11.2559830306868,0.500299688330135,1.35));
#11640=CARTESIAN_POINT('Ctrl Pts',(11.2559830306868,0.500299688330135,1.31698944914584));
#11641=CARTESIAN_POINT('Ctrl Pts',(11.2331143391597,0.525189149444668,1.26230310611935));
#11642=CARTESIAN_POINT('Ctrl Pts',(11.162320039929,0.603539130194992,1.2210201701754));
#11643=CARTESIAN_POINT('Ctrl Pts',(11.114732394615,0.657506227701459,1.21980729258392));
#11644=CARTESIAN_POINT('Ctrl Pts',(11.0922302608611,0.683651617098442,1.22484331967217));
#11645=CARTESIAN_POINT('Ctrl Pts',(11.2713556023489,0.478644397651081,1.35));
#11646=CARTESIAN_POINT('Ctrl Pts',(11.2713556023489,0.478644397651081,1.3086800057484));
#11647=CARTESIAN_POINT('Ctrl Pts',(11.2458514998933,0.504203335565968,1.24013646756876));
#11648=CARTESIAN_POINT('Ctrl Pts',(11.1645966459816,0.585441837011051,1.18089976071021));
#11649=CARTESIAN_POINT('Ctrl Pts',(11.1075542268935,0.642483895909243,1.17094591366611));
#11650=CARTESIAN_POINT('Ctrl Pts',(11.0792893218813,0.670710678118654,1.17243994752564));
#11651=CARTESIAN_POINT('Ctrl Pts',(11.2792893218813,0.470710678118655,1.35));
#11652=CARTESIAN_POINT('Ctrl Pts',(11.2792893218813,0.470710678118655,1.30512010494872));
#11653=CARTESIAN_POINT('Ctrl Pts',(11.2530472527309,0.496952747269056,1.23060011227857));
#11654=CARTESIAN_POINT('Ctrl Pts',(11.1689348140724,0.58106518592756,1.16369048407319));
#11655=CARTESIAN_POINT('Ctrl Pts',(11.1092092519155,0.640790748084466,1.15));
#11656=CARTESIAN_POINT('Ctrl Pts',(11.0792893218813,0.670710678118654,1.15));
#11657=CARTESIAN_POINT('',(11.25,0.54142135623731,1.35));
#11658=CARTESIAN_POINT('',(11.25,0.5,1.245798923344));
#11659=CARTESIAN_POINT('Ctrl Pts',(11.25,0.54142135623731,1.35));
#11660=CARTESIAN_POINT('Ctrl Pts',(11.25,0.541328666804305,1.349907310567));
#11661=CARTESIAN_POINT('Ctrl Pts',(11.25,0.541236106779786,1.34981449280354));
#11662=CARTESIAN_POINT('Ctrl Pts',(11.25,0.534884730029891,1.34342765850362));
#11663=CARTESIAN_POINT('Ctrl Pts',(11.25,0.52931394450155,1.33663822169187));
#11664=CARTESIAN_POINT('Ctrl Pts',(11.25,0.519493313127618,1.32194008512603));
#11665=CARTESIAN_POINT('Ctrl Pts',(11.25,0.515326008273767,1.31415778898601));
#11666=CARTESIAN_POINT('Ctrl Pts',(11.25,0.508135344333797,1.29712764134112));
#11667=CARTESIAN_POINT('Ctrl Pts',(11.2499999999957,0.5052817819387,1.28786259259381));
#11668=CARTESIAN_POINT('Ctrl Pts',(11.2499999999957,0.501085799245248,1.26768204249774));
#11669=CARTESIAN_POINT('Ctrl Pts',(11.25,0.5,1.25674764700991));
#11670=CARTESIAN_POINT('Ctrl Pts',(11.25,0.5,1.24579892334401));
#11671=CARTESIAN_POINT('Origin',(11.0792893218813,0.670710678118655,1.35));
#11672=CARTESIAN_POINT('Origin',(11.15,0.741421356237309,1.35));
#11673=CARTESIAN_POINT('Origin',(11.15,0.750000000000001,1.35));
#11674=CARTESIAN_POINT('',(11.15,0.85,1.25));
#11675=CARTESIAN_POINT('',(11.15,0.750000000000001,1.25));
#11676=CARTESIAN_POINT('',(11.25,0.750000000000001,1.35));
#11677=CARTESIAN_POINT('Origin',(11.15,0.85,1.35));
#11678=CARTESIAN_POINT('',(11.25,0.750000000000001,1.35));
#11679=CARTESIAN_POINT('Origin',(11.,1.25,1.25));
#11680=CARTESIAN_POINT('',(11.25,0.85,1.25));
#11681=CARTESIAN_POINT('',(10.85,1.15,1.25));
#11682=CARTESIAN_POINT('',(10.85,1.12500001595715,1.25));
#11683=CARTESIAN_POINT('',(11.375,1.15,1.25));
#11684=CARTESIAN_POINT('Origin',(10.85,1.12500001595715,1.35));
#11685=CARTESIAN_POINT('',(10.75,1.25,1.35));
#11686=CARTESIAN_POINT('',(10.75,1.12500001595715,1.35));
#11687=CARTESIAN_POINT('Origin',(10.85,1.15,1.35));
#11688=CARTESIAN_POINT('Origin',(11.375,1.15,1.35));
#11689=CARTESIAN_POINT('',(11.375,1.25,1.35));
#11690=CARTESIAN_POINT('Origin',(11.75,1.25,0.25));
#11691=CARTESIAN_POINT('',(10.75,1.25,3.25));
#11692=CARTESIAN_POINT('',(10.75,1.25,3.25));
#11693=CARTESIAN_POINT('',(11.75,1.25,2.25));
#11694=CARTESIAN_POINT('',(12.,1.25,1.99999999999997));
#11695=CARTESIAN_POINT('',(11.75,1.25,0.25));
#11696=CARTESIAN_POINT('',(11.75,1.25,0.25));
#11697=CARTESIAN_POINT('',(8.875,1.25,0.25));
#11698=CARTESIAN_POINT('Origin',(10.75,1.0000000319143,0.25));
#11699=CARTESIAN_POINT('',(10.75,1.0000000319143,0.25));
#11700=CARTESIAN_POINT('',(10.75,1.0000000319143,0.25));
#11701=CARTESIAN_POINT('',(10.75,0.25,0.25));
#11702=CARTESIAN_POINT('',(10.75,3.50000001595715,0.25));
#11703=CARTESIAN_POINT('',(10.75,0.25,2.25));
#11704=CARTESIAN_POINT('',(10.75,0.25,0.25));
#11705=CARTESIAN_POINT('',(10.75,0.187500007978575,2.18750000797857));
#11706=CARTESIAN_POINT('Origin',(11.25,0.85,1.35));
#11707=CARTESIAN_POINT('',(11.25,0.75,1.35));
#11708=CARTESIAN_POINT('Origin',(11.25,0.25,0.25));
#11709=CARTESIAN_POINT('',(11.25,0.5,0.25));
#11710=CARTESIAN_POINT('',(11.25,0.5,0.25));
#11711=CARTESIAN_POINT('',(11.25,0.750000000000001,3.75));
#11712=CARTESIAN_POINT('',(11.25,0.25,0.25));
#11713=CARTESIAN_POINT('',(11.25,0.25,0.25));
#11714=CARTESIAN_POINT('',(11.25,3.125,0.25));
#11715=CARTESIAN_POINT('Origin',(11.5,0.75,0.250000000000006));
#11716=CARTESIAN_POINT('',(11.75,0.75,0.250000000000011));
#11717=CARTESIAN_POINT('',(8.75,0.75,0.25));
#11718=CARTESIAN_POINT('',(11.75,0.75,0.250000000000011));
#11719=CARTESIAN_POINT('Origin',(8.9025,0.15,2.68));
#11720=CARTESIAN_POINT('',(4.945,0.05,2.58));
#11721=CARTESIAN_POINT('',(4.945,0.25,2.78));
#11722=CARTESIAN_POINT('',(4.945,0.15,2.68));
#11723=CARTESIAN_POINT('',(7.055,0.25,2.78));
#11724=CARTESIAN_POINT('',(8.9025,0.25,2.78));
#11725=CARTESIAN_POINT('',(7.055,0.05,2.58));
#11726=CARTESIAN_POINT('',(7.055,-0.2025,2.3275));
#11727=CARTESIAN_POINT('',(7.055,0.05,2.58));
#11728=CARTESIAN_POINT('Origin',(10.75,0.25,0.25));
#11729=CARTESIAN_POINT('',(4.945,0.25,3.5));
#11730=CARTESIAN_POINT('',(4.945,0.25,3.5));
#11731=CARTESIAN_POINT('',(1.25,0.25,3.5));
#11732=CARTESIAN_POINT('',(6.,0.25,3.5));
#11733=CARTESIAN_POINT('',(1.25,0.25,0.25));
#11734=CARTESIAN_POINT('',(10.75,0.25,3.5));
#11735=CARTESIAN_POINT('',(10.75,0.25,0.25));
#11736=CARTESIAN_POINT('',(7.055,0.25,3.5));
#11737=CARTESIAN_POINT('',(6.,0.25,3.5));
#11738=CARTESIAN_POINT('',(7.055,0.25,3.5));
#11739=CARTESIAN_POINT('Origin',(4.945,0.25,2.58));
#11740=CARTESIAN_POINT('',(4.945,0.05,1.17));
#11741=CARTESIAN_POINT('',(4.945,0.05,2.58));
#11742=CARTESIAN_POINT('',(4.945,0.25,1.17));
#11743=CARTESIAN_POINT('',(4.945,0.25,1.17));
#11744=CARTESIAN_POINT('',(4.945,0.25,2.25));
#11745=CARTESIAN_POINT('',(4.945,0.25,1.415));
#11746=CARTESIAN_POINT('',(4.945,1.25,3.25));
#11747=CARTESIAN_POINT('',(4.945,0.8125,2.8125));
#11748=CARTESIAN_POINT('',(4.945,1.25,3.5));
#11749=CARTESIAN_POINT('',(4.945,1.25,3.4375));
#11750=CARTESIAN_POINT('',(4.945,0.25,3.5));
#11751=CARTESIAN_POINT('Origin',(11.25,0.75,2.75));
#11752=CARTESIAN_POINT('',(11.25,0.25,2.25));
#11753=CARTESIAN_POINT('',(1.25,1.25,3.25));
#11754=CARTESIAN_POINT('',(3.1465,0.75,2.75));
#11755=CARTESIAN_POINT('Origin',(3.25,0.75,2.75));
#11756=CARTESIAN_POINT('Origin',(11.25,0.75,2.75));
#11757=CARTESIAN_POINT('',(7.055,1.25,3.25));
#11758=CARTESIAN_POINT('',(7.055,0.25,2.25));
#11759=CARTESIAN_POINT('',(7.055,0.23,2.23));
#11760=CARTESIAN_POINT('',(1.25,1.25,3.25));
#11761=CARTESIAN_POINT('',(11.25,0.25,2.25));
#11762=CARTESIAN_POINT('',(8.6465,0.75,2.75));
#11763=CARTESIAN_POINT('Origin',(8.75,0.75,2.75));
#11764=CARTESIAN_POINT('Origin',(6.,1.25,3.375));
#11765=CARTESIAN_POINT('',(1.25,1.25000036207087,3.49999999999948));
#11766=CARTESIAN_POINT('',(1.25,1.25000036207087,3.49999999999948));
#11767=CARTESIAN_POINT('',(10.75,1.25,3.5));
#11768=CARTESIAN_POINT('Origin',(6.,1.25,3.375));
#11769=CARTESIAN_POINT('',(7.055,1.25,3.5));
#11770=CARTESIAN_POINT('',(7.055,1.25,3.4375));
#11771=CARTESIAN_POINT('',(10.75,1.25,3.5));
#11772=CARTESIAN_POINT('',(10.75,1.25,3.5));
#11773=CARTESIAN_POINT('',(10.75,1.25,3.25));
#11774=CARTESIAN_POINT('Origin',(1.25,0.25,3.5));
#11775=CARTESIAN_POINT('',(1.25,0.25,3.5));
#11776=CARTESIAN_POINT('',(3.1465,0.75,3.5));
#11777=CARTESIAN_POINT('Origin',(3.25,0.75,3.5));
#11778=CARTESIAN_POINT('Origin',(1.25,0.25,3.5));
#11779=CARTESIAN_POINT('',(7.055,0.75,3.5));
#11780=CARTESIAN_POINT('',(10.75,0.625000015957149,3.5));
#11781=CARTESIAN_POINT('',(8.6465,0.75,3.5));
#11782=CARTESIAN_POINT('Origin',(8.75,0.75,3.5));
#11783=CARTESIAN_POINT('Origin',(2.75,11.,0.75));
#11784=CARTESIAN_POINT('',(3.25,11.,1.25));
#11785=CARTESIAN_POINT('',(2.25,11.,0.25));
#11786=CARTESIAN_POINT('',(2.,11.,-8.74191357972564E-17));
#11787=CARTESIAN_POINT('',(2.25,11.25,0.25));
#11788=CARTESIAN_POINT('',(2.25,11.,0.25));
#11789=CARTESIAN_POINT('',(3.25,11.25,1.25));
#11790=CARTESIAN_POINT('',(4.68750008776432,11.25,2.68750008776432));
#11791=CARTESIAN_POINT('',(3.25,11.,1.25));
#11792=CARTESIAN_POINT('Origin',(4.25,11.,0.75));
#11793=CARTESIAN_POINT('',(4.75,11.,0.25));
#11794=CARTESIAN_POINT('',(3.75,11.,1.25));
#11795=CARTESIAN_POINT('',(3.375,11.,1.625));
#11796=CARTESIAN_POINT('',(3.75,11.25,1.25));
#11797=CARTESIAN_POINT('',(3.75,11.,1.25));
#11798=CARTESIAN_POINT('',(4.75,11.25,0.25));
#11799=CARTESIAN_POINT('',(6.06250008776432,11.25,-1.06250008776432));
#11800=CARTESIAN_POINT('',(4.75,11.,0.25));
#11801=CARTESIAN_POINT('Origin',(2.25,11.,1.25));
#11802=CARTESIAN_POINT('',(6.62500017552864,11.25,1.25));
#11803=CARTESIAN_POINT('',(1.25,11.,1.25));
#11804=CARTESIAN_POINT('Origin',(9.25,11.,0.75));
#11805=CARTESIAN_POINT('',(9.75,11.,0.25));
#11806=CARTESIAN_POINT('',(8.75,11.,1.25));
#11807=CARTESIAN_POINT('',(7.125,11.,2.875));
#11808=CARTESIAN_POINT('',(8.75,11.25,1.25));
#11809=CARTESIAN_POINT('',(8.75,11.,1.25));
#11810=CARTESIAN_POINT('',(9.75,11.25,0.25));
#11811=CARTESIAN_POINT('',(9.81250008776432,11.25,0.18749991223568));
#11812=CARTESIAN_POINT('',(9.75,11.,0.25));
#11813=CARTESIAN_POINT('Origin',(7.25,11.,1.25));
#11814=CARTESIAN_POINT('',(8.25,11.,1.25));
#11815=CARTESIAN_POINT('',(3.75,11.,1.25));
#11816=CARTESIAN_POINT('',(8.25,11.25,1.25));
#11817=CARTESIAN_POINT('',(8.25,11.,1.25));
#11818=CARTESIAN_POINT('',(9.12500017552864,11.25,1.25));
#11819=CARTESIAN_POINT('Origin',(7.75,11.,0.75));
#11820=CARTESIAN_POINT('',(7.25,11.,0.25));
#11821=CARTESIAN_POINT('',(5.75,11.,-1.25));
#11822=CARTESIAN_POINT('',(7.25,11.25,0.25));
#11823=CARTESIAN_POINT('',(7.25,11.,0.25));
#11824=CARTESIAN_POINT('',(8.43750008776432,11.25,1.43750008776432));
#11825=CARTESIAN_POINT('Origin',(0.75,3.25,2.25));
#11826=CARTESIAN_POINT('',(0.6465,3.25,3.5));
#11827=CARTESIAN_POINT('Origin',(0.75,3.25,3.5));
#11828=CARTESIAN_POINT('',(0.6465,3.25,2.6465));
#11829=CARTESIAN_POINT('',(0.6465,3.25,2.25));
#11830=CARTESIAN_POINT('Origin',(0.75,3.25,2.75));
#11831=CARTESIAN_POINT('Origin',(8.75,0.75,2.25));
#11832=CARTESIAN_POINT('',(8.6465,0.75,2.25));
#11833=CARTESIAN_POINT('Origin',(3.25,0.75,2.25));
#11834=CARTESIAN_POINT('',(3.1465,0.75,2.25));
#11835=CARTESIAN_POINT('Origin',(0.75,9.00000035105728,2.25));
#11836=CARTESIAN_POINT('',(0.6465,9.00000035105728,3.5));
#11837=CARTESIAN_POINT('Origin',(0.75,9.00000035105728,3.5));
#11838=CARTESIAN_POINT('',(0.6465,9.00000035105728,2.6465));
#11839=CARTESIAN_POINT('',(0.6465,9.00000035105728,2.25));
#11840=CARTESIAN_POINT('Origin',(0.75,9.00000035105728,2.75));
#11841=CARTESIAN_POINT('Origin',(0.75,1.25,2.75));
#11842=CARTESIAN_POINT('',(0.25,1.25,2.25));
#11843=CARTESIAN_POINT('',(1.00000036207034,1.24999963792966,3.00000036207034));
#11844=CARTESIAN_POINT('',(0.1875,1.25,2.1875));
#11845=CARTESIAN_POINT('',(0.25,10.9999998347966,2.25));
#11846=CARTESIAN_POINT('',(0.25,1.25,2.25));
#11847=CARTESIAN_POINT('',(1.25,10.9999999881997,3.25));
#11848=CARTESIAN_POINT('',(-1.74838271594513E-16,11.,2.));
#11849=CARTESIAN_POINT('',(1.25,1.25,3.25));
#11850=CARTESIAN_POINT('',(0.937500000000328,1.24999954741142,2.93750000000033));
#11851=CARTESIAN_POINT('Origin',(0.25,1.25,0.25));
#11852=CARTESIAN_POINT('',(0.25,1.25,0.25));
#11853=CARTESIAN_POINT('',(0.25,1.25,0.25));
#11854=CARTESIAN_POINT('',(0.25,10.9999998347966,0.25));
#11855=CARTESIAN_POINT('',(0.25,3.625,0.25));
#11856=CARTESIAN_POINT('',(0.25,10.9999998347966,0.25));
#11857=CARTESIAN_POINT('Origin',(1.,1.25,0.25));
#11858=CARTESIAN_POINT('',(1.0000037085618,1.2499962914382,0.25));
#11859=CARTESIAN_POINT('',(1.00000217242521,1.24999782757479,1.75000000000629));
#11860=CARTESIAN_POINT('',(3.5,1.25,0.25));
#11861=CARTESIAN_POINT('Origin',(10.75,0.25,0.25));
#11862=CARTESIAN_POINT('',(8.375,0.25,0.25));
#11863=CARTESIAN_POINT('',(7.055,0.25,1.17));
#11864=CARTESIAN_POINT('',(7.8475,0.25,1.17));
#11865=CARTESIAN_POINT('',(7.055,0.25,0.71));
#11866=CARTESIAN_POINT('Origin',(11.25,3.25,2.25));
#11867=CARTESIAN_POINT('',(11.1465,3.25,3.5));
#11868=CARTESIAN_POINT('Origin',(11.25,3.25,3.5));
#11869=CARTESIAN_POINT('',(11.1465,3.25,2.85349999999996));
#11870=CARTESIAN_POINT('',(11.1465,3.25,2.25));
#11871=CARTESIAN_POINT('Origin',(11.25,3.25,2.74999999999996));
#11872=CARTESIAN_POINT('Origin',(11.25,9.00000035105728,2.25));
#11873=CARTESIAN_POINT('',(11.1465,9.00000035105728,3.5));
#11874=CARTESIAN_POINT('Origin',(11.25,9.00000035105728,3.5));
#11875=CARTESIAN_POINT('',(11.1465,9.00000035105728,2.85349999999999));
#11876=CARTESIAN_POINT('',(11.1465,9.00000035105728,2.25));
#11877=CARTESIAN_POINT('Origin',(11.25,9.00000035105728,2.74999999999999));
#11878=CARTESIAN_POINT('Origin',(11.25,11.0000003510573,2.75));
#11879=CARTESIAN_POINT('',(11.75,11.0000003510573,2.25));
#11880=CARTESIAN_POINT('',(10.75,11.0000003510573,3.25));
#11881=CARTESIAN_POINT('',(9.12500000000001,11.,4.875));
#11882=CARTESIAN_POINT('',(11.75,11.0000003510573,2.25));
#11883=CARTESIAN_POINT('',(10.75,1.25,3.25));
#11884=CARTESIAN_POINT('Origin',(11.75,11.0000003510573,0.25));
#11885=CARTESIAN_POINT('',(11.75,11.0000003510573,0.25));
#11886=CARTESIAN_POINT('',(11.75,11.0000003510573,0.25));
#11887=CARTESIAN_POINT('',(11.75,8.50000017552862,0.25));
#11888=CARTESIAN_POINT('Origin',(1.,1.25,3.25));
#11889=CARTESIAN_POINT('',(3.50000144828347,1.24999565514958,0.25));
#11890=CARTESIAN_POINT('Origin',(0.25,11.,0.25));
#11891=CARTESIAN_POINT('',(3.125,11.,0.25));
#11892=CARTESIAN_POINT('',(3.125,11.,0.25));
#11893=CARTESIAN_POINT('',(3.125,11.,0.25));
#11894=CARTESIAN_POINT('',(10.75,11.0000003510573,3.5));
#11895=CARTESIAN_POINT('',(10.75,11.,1.8125));
#11896=CARTESIAN_POINT('',(11.75,11.0000003510573,3.5));
#11897=CARTESIAN_POINT('',(6.,11.,3.5));
#11898=CARTESIAN_POINT('',(11.75,11.0000003510573,0.25));
#11899=CARTESIAN_POINT('',(0.25,10.9999999881997,3.5));
#11900=CARTESIAN_POINT('',(0.25,10.9999998347966,0.25));
#11901=CARTESIAN_POINT('',(1.25,10.9999999881997,3.5));
#11902=CARTESIAN_POINT('',(0.25,11.,3.5));
#11903=CARTESIAN_POINT('',(1.25,11.,1.81250018894278));
#11904=CARTESIAN_POINT('Origin',(5.99988837155527,6.12515543243668,-1.));
#11905=CARTESIAN_POINT('',(5.74988837155527,6.12515543243668,0.25));
#11906=CARTESIAN_POINT('Origin',(5.99988837155527,6.12515543243668,0.25));
#11907=CARTESIAN_POINT('',(5.74988837155527,6.12515543243668,0.));
#11908=CARTESIAN_POINT('',(5.74988837155527,6.12515543243668,-1.));
#11909=CARTESIAN_POINT('Origin',(5.99988837155527,6.12515543243668,0.));
#11910=CARTESIAN_POINT('Origin',(7.055,0.25,1.17));
#11911=CARTESIAN_POINT('',(7.055,0.05,1.17));
#11912=CARTESIAN_POINT('',(7.055,0.25,1.17));
#11913=CARTESIAN_POINT('',(7.055,0.05,1.17));
#11914=CARTESIAN_POINT('Origin',(4.945,0.25,1.17));
#11915=CARTESIAN_POINT('',(4.945,0.05,1.17));
#11916=CARTESIAN_POINT('Origin',(6.,0.05,1.875));
#11917=CARTESIAN_POINT('',(5.195,0.05,1.27));
#11918=CARTESIAN_POINT('',(5.195,0.05,2.48));
#11919=CARTESIAN_POINT('',(5.195,0.05,1.5725));
#11920=CARTESIAN_POINT('',(6.805,0.05,1.27));
#11921=CARTESIAN_POINT('',(6.4025,0.05,1.27));
#11922=CARTESIAN_POINT('',(6.805,0.05,2.48));
#11923=CARTESIAN_POINT('',(6.805,0.05,2.1775));
#11924=CARTESIAN_POINT('',(5.5975,0.05,2.48));
#11925=CARTESIAN_POINT('Origin',(6.805,0.,1.27));
#11926=CARTESIAN_POINT('',(5.195,0.,1.27));
#11927=CARTESIAN_POINT('',(5.195,0.,1.27));
#11928=CARTESIAN_POINT('',(6.805,0.,1.27));
#11929=CARTESIAN_POINT('',(3.4025,0.,1.27));
#11930=CARTESIAN_POINT('',(6.805,0.,1.27));
#11931=CARTESIAN_POINT('Origin',(5.195,0.,1.27));
#11932=CARTESIAN_POINT('',(5.195,0.,2.48));
#11933=CARTESIAN_POINT('',(5.195,0.,2.48));
#11934=CARTESIAN_POINT('',(5.195,0.,0.635));
#11935=CARTESIAN_POINT('Origin',(6.805,0.,2.48));
#11936=CARTESIAN_POINT('',(6.805,0.,2.48));
#11937=CARTESIAN_POINT('',(6.805,0.,1.24));
#11938=CARTESIAN_POINT('',(6.805,0.,2.48));
#11939=CARTESIAN_POINT('Origin',(5.195,0.,2.48));
#11940=CARTESIAN_POINT('',(2.5975,0.,2.48));
#11941=CARTESIAN_POINT('Origin',(1.25,0.25,3.5));
#11942=CARTESIAN_POINT('',(11.75,1.25,3.5));
#11943=CARTESIAN_POINT('',(6.125,1.25,3.5));
#11944=CARTESIAN_POINT('',(11.75,6.12500017552864,3.5));
#11945=CARTESIAN_POINT('',(10.75,11.0000003510573,3.5));
#11946=CARTESIAN_POINT('Origin',(11.8,11.8,0.));
#11947=CARTESIAN_POINT('',(12.,11.8,0.));
#11948=CARTESIAN_POINT('',(12.,11.8,0.));
#11949=CARTESIAN_POINT('',(11.8,12.,0.));
#11950=CARTESIAN_POINT('Origin',(11.8,11.8,0.));
#11951=CARTESIAN_POINT('',(11.8,12.,0.));
#11952=CARTESIAN_POINT('Origin',(12.,0.,0.));
#11953=CARTESIAN_POINT('',(12.,0.2,0.));
#11954=CARTESIAN_POINT('',(12.,0.2,0.));
#11955=CARTESIAN_POINT('',(12.,12.,0.));
#11956=CARTESIAN_POINT('Origin',(11.8,0.2,0.));
#11957=CARTESIAN_POINT('',(11.8,0.,0.));
#11958=CARTESIAN_POINT('',(11.8,0.,0.));
#11959=CARTESIAN_POINT('Origin',(11.8,0.2,0.));
#11960=CARTESIAN_POINT('Origin',(0.,0.,0.));
#11961=CARTESIAN_POINT('',(0.2,0.,0.));
#11962=CARTESIAN_POINT('',(0.2,0.,0.));
#11963=CARTESIAN_POINT('',(12.,0.,0.));
#11964=CARTESIAN_POINT('Origin',(0.2,0.2,0.));
#11965=CARTESIAN_POINT('',(0.,0.2,0.));
#11966=CARTESIAN_POINT('',(0.,0.2,0.));
#11967=CARTESIAN_POINT('Origin',(0.2,0.2,0.));
#11968=CARTESIAN_POINT('Origin',(0.,12.,0.));
#11969=CARTESIAN_POINT('',(0.,11.8,0.));
#11970=CARTESIAN_POINT('',(0.,11.8,0.));
#11971=CARTESIAN_POINT('',(0.,0.,0.));
#11972=CARTESIAN_POINT('Origin',(0.2,11.8,0.));
#11973=CARTESIAN_POINT('',(0.2,12.,0.));
#11974=CARTESIAN_POINT('',(0.2,12.,0.));
#11975=CARTESIAN_POINT('Origin',(0.2,11.8,0.));
#11976=CARTESIAN_POINT('Origin',(12.,12.,0.));
#11977=CARTESIAN_POINT('',(0.,12.,0.));
#11978=CARTESIAN_POINT('Origin',(1.25,1.25000036207087,3.49999999999948));
#11979=CARTESIAN_POINT('',(1.,1.25,3.49999999999948));
#11980=CARTESIAN_POINT('',(0.25,1.25000036207087,3.49999999999948));
#11981=CARTESIAN_POINT('',(1.,1.25,0.25));
#11982=CARTESIAN_POINT('',(1.25,1.25000072414174,3.74999999999921));
#11983=CARTESIAN_POINT('',(0.25,1.25000072414174,3.74999999999921));
#11984=CARTESIAN_POINT('',(1.25,1.25000036207087,3.49999999999948));
#11985=CARTESIAN_POINT('Origin',(1.25,1.25000072414121,3.74999963792835));
#11986=CARTESIAN_POINT('',(1.25,0.250000362070868,3.74999999999974));
#11987=CARTESIAN_POINT('Origin',(11.0000003510573,11.25,0.25));
#11988=CARTESIAN_POINT('',(1.0000000319143,11.25,0.25));
#11989=CARTESIAN_POINT('',(8.50000017552864,11.25,0.25));
#11990=CARTESIAN_POINT('',(1.0000000319143,11.25,0.25));
#11991=CARTESIAN_POINT('',(11.0000003510573,11.25,0.25));
#11992=CARTESIAN_POINT('',(11.0000003510573,11.25,0.25));
#11993=CARTESIAN_POINT('',(8.50000017552864,11.25,0.25));
#11994=CARTESIAN_POINT('',(8.50000017552864,11.25,0.25));
#11995=CARTESIAN_POINT('Origin',(6.,6.,0.25));
#11996=CARTESIAN_POINT('',(11.,0.75,0.25));
#11997=CARTESIAN_POINT('',(8.43750015957149,3.31250016755004,0.25));
#11998=CARTESIAN_POINT('',(8.5625,3.1875,0.25));
#11999=CARTESIAN_POINT('',(11.75,0.25,0.25));
#12000=CARTESIAN_POINT('',(8.875,0.25,0.25));
#12001=CARTESIAN_POINT('',(11.75,3.375,0.25));
#12002=CARTESIAN_POINT('',(11.,11.75,0.25));
#12003=CARTESIAN_POINT('',(11.,8.875,0.25));
#12004=CARTESIAN_POINT('',(1.,11.75,0.25));
#12005=CARTESIAN_POINT('',(3.5,11.75,0.25));
#12006=CARTESIAN_POINT('',(1.,8.625,0.25));
#12007=CARTESIAN_POINT('Origin',(10.75,6.12500017552864,3.375));
#12008=CARTESIAN_POINT('Origin',(10.75,1.0000000319143,0.25));
#12009=CARTESIAN_POINT('',(10.75,1.25,3.5));
#12010=CARTESIAN_POINT('Origin',(1.25,0.25,0.25));
#12011=CARTESIAN_POINT('Origin',(0.25,10.9999999881997,3.5));
#12012=CARTESIAN_POINT('',(0.25,1.25000036207087,3.49999999999948));
#12013=CARTESIAN_POINT('',(0.25,6.12499999409986,3.5));
#12014=CARTESIAN_POINT('',(0.624999999999997,1.25,3.5));
#12015=CARTESIAN_POINT('',(1.25,10.9999999881997,3.5));
#12016=CARTESIAN_POINT('Origin',(1.25,6.12499979724947,3.37500037788557));
#12017=CARTESIAN_POINT('Origin',(1.,1.25,0.25));
#12018=CARTESIAN_POINT('',(0.25,1.25,0.25));
#12019=CARTESIAN_POINT('Origin',(0.25,1.25,0.25));
#12020=CARTESIAN_POINT('Origin',(11.75,11.0000003510573,0.25));
#12021=CARTESIAN_POINT('',(11.75,1.25,0.25));
#12022=CARTESIAN_POINT('Origin',(11.,0.75,0.25));
#12023=CARTESIAN_POINT('',(11.,0.75,0.25));
#12024=CARTESIAN_POINT('Origin',(11.25,0.5,0.25));
#12025=CARTESIAN_POINT('Origin',(11.75,0.25,0.25));
#12026=CARTESIAN_POINT('',(11.75,0.25,0.25));
#12027=CARTESIAN_POINT('Origin',(11.75,0.75,0.250000000000011));
#12028=CARTESIAN_POINT('Origin',(11.75,1.25,0.25));
#12029=CARTESIAN_POINT('Origin',(0.75,11.25,0.25));
#12030=CARTESIAN_POINT('',(0.25,11.25,0.25));
#12031=CARTESIAN_POINT('',(0.75,11.25,0.25));
#12032=CARTESIAN_POINT('',(3.375,11.25,0.25));
#12033=CARTESIAN_POINT('',(0.25,11.25,0.25));
#12034=CARTESIAN_POINT('',(0.75,11.25,0.25));
#12035=CARTESIAN_POINT('Origin',(0.75,11.75,0.25));
#12036=CARTESIAN_POINT('',(0.75,11.75,0.25));
#12037=CARTESIAN_POINT('',(0.75,8.875,0.25));
#12038=CARTESIAN_POINT('',(0.75,11.75,0.25));
#12039=CARTESIAN_POINT('Origin',(0.25,11.75,0.25));
#12040=CARTESIAN_POINT('',(0.25,11.75,0.25));
#12041=CARTESIAN_POINT('',(3.125,11.75,0.25));
#12042=CARTESIAN_POINT('',(0.25,11.75,0.25));
#12043=CARTESIAN_POINT('Origin',(0.25,11.25,0.25));
#12044=CARTESIAN_POINT('',(0.25,8.625,0.25));
#12045=CARTESIAN_POINT('Origin',(11.25,11.25,0.25));
#12046=CARTESIAN_POINT('',(11.25,11.75,0.25));
#12047=CARTESIAN_POINT('',(11.25,11.25,0.25));
#12048=CARTESIAN_POINT('',(11.25,8.625,0.25));
#12049=CARTESIAN_POINT('',(11.25,11.75,0.25));
#12050=CARTESIAN_POINT('',(11.25,11.25,0.25));
#12051=CARTESIAN_POINT('Origin',(11.75,11.25,0.25));
#12052=CARTESIAN_POINT('',(11.75,11.25,0.25));
#12053=CARTESIAN_POINT('',(8.875,11.25,0.25));
#12054=CARTESIAN_POINT('',(11.75,11.25,0.25));
#12055=CARTESIAN_POINT('Origin',(11.75,11.75,0.250000000000011));
#12056=CARTESIAN_POINT('',(11.75,11.75,0.250000000000011));
#12057=CARTESIAN_POINT('',(11.75,8.875,0.25));
#12058=CARTESIAN_POINT('',(11.75,11.75,0.250000000000011));
#12059=CARTESIAN_POINT('Origin',(11.25,11.75,0.25));
#12060=CARTESIAN_POINT('',(8.625,11.75,0.25));
#12061=CARTESIAN_POINT('Origin',(11.,11.75,0.25));
#12062=CARTESIAN_POINT('',(11.,11.75,0.25));
#12063=CARTESIAN_POINT('Origin',(1.,11.75,0.25));
#12064=CARTESIAN_POINT('',(1.,11.75,0.25));
#12065=CARTESIAN_POINT('Origin',(1.,11.25,0.25));
#12066=CARTESIAN_POINT('Origin',(6.,6.,0.25));
#12067=CARTESIAN_POINT('Origin',(6.,6.,0.25));
#12068=CARTESIAN_POINT('Origin',(6.,6.,0.));
#12069=CARTESIAN_POINT('',(0.,0.,0.));
#12070=CARTESIAN_POINT('',(0.,0.,0.));
#12071=CARTESIAN_POINT('Origin',(-6.,0.3225,0.4));
#12072=CARTESIAN_POINT('',(-11.75,0.395,0.4));
#12073=CARTESIAN_POINT('',(-0.249999999999999,0.395,0.4));
#12074=CARTESIAN_POINT('',(-11.75,0.395,0.4));
#12075=CARTESIAN_POINT('',(-11.75,0.25,0.4));
#12076=CARTESIAN_POINT('',(-11.75,0.25,0.4));
#12077=CARTESIAN_POINT('',(-0.249999999999999,0.25,0.4));
#12078=CARTESIAN_POINT('',(-0.25,0.25,0.4));
#12079=CARTESIAN_POINT('',(-0.25,0.395,0.4));
#12080=CARTESIAN_POINT('Ctrl Pts',(-0.499999999999999,0.395,0.5));
#12081=CARTESIAN_POINT('Ctrl Pts',(-4.16666666666667,0.395,0.5));
#12082=CARTESIAN_POINT('Ctrl Pts',(-7.83333333333334,0.395,0.5));
#12083=CARTESIAN_POINT('Ctrl Pts',(-11.5,0.395,0.5));
#12084=CARTESIAN_POINT('Ctrl Pts',(-0.499999999999999,0.464960736059586,
0.498342612244549));
#12085=CARTESIAN_POINT('Ctrl Pts',(-4.16666666666667,0.464959312134191,
0.498312576135118));
#12086=CARTESIAN_POINT('Ctrl Pts',(-7.83333333333334,0.464959312134186,
0.498312576135063));
#12087=CARTESIAN_POINT('Ctrl Pts',(-11.5,0.464960736059585,0.498342612244544));
#12088=CARTESIAN_POINT('Ctrl Pts',(-0.5,0.534921472119172,0.496685224489097));
#12089=CARTESIAN_POINT('Ctrl Pts',(-4.16666666666667,0.534918624268383,
0.496625152270235));
#12090=CARTESIAN_POINT('Ctrl Pts',(-7.83333333333333,0.534918624268372,
0.496625152270125));
#12091=CARTESIAN_POINT('Ctrl Pts',(-11.5,0.534921472119171,0.496685224489088));
#12092=CARTESIAN_POINT('Ctrl Pts',(-0.5,0.604882208178758,0.495027836733646));
#12093=CARTESIAN_POINT('Ctrl Pts',(-4.16666666666667,0.604877936402574,
0.494937728405353));
#12094=CARTESIAN_POINT('Ctrl Pts',(-7.83333333333334,0.604877936402558,
0.494937728405187));
#12095=CARTESIAN_POINT('Ctrl Pts',(-11.5,0.604882208178757,0.495027836733632));
#12096=CARTESIAN_POINT('',(-11.5,0.395,0.5));
#12097=CARTESIAN_POINT('',(-11.3940732172709,0.604882085601612,0.495025251775743));
#12098=CARTESIAN_POINT('Ctrl Pts',(-11.5,0.395,0.5));
#12099=CARTESIAN_POINT('Ctrl Pts',(-11.464676474644,0.464990936156467,0.498341896796514));
#12100=CARTESIAN_POINT('Ctrl Pts',(-11.4293666754764,0.534952670832971,
0.496683615934776));
#12101=CARTESIAN_POINT('Ctrl Pts',(-11.3940732172706,0.604882085959272,
0.495025258650667));
#12102=CARTESIAN_POINT('',(-0.5,0.395,0.5));
#12103=CARTESIAN_POINT('Ctrl Pts',(-11.5,0.395,0.5));
#12104=CARTESIAN_POINT('Ctrl Pts',(-7.83333333333334,0.395,0.5));
#12105=CARTESIAN_POINT('Ctrl Pts',(-4.16666666666667,0.395,0.5));
#12106=CARTESIAN_POINT('Ctrl Pts',(-0.499999999999999,0.395,0.5));
#12107=CARTESIAN_POINT('',(-0.605926782732975,0.604882085602909,0.495025251775698));
#12108=CARTESIAN_POINT('Ctrl Pts',(-0.605926782729125,0.604882085959274,
0.495025258650684));
#12109=CARTESIAN_POINT('Ctrl Pts',(-0.570633324926462,0.534952671631467,
0.49668361591585));
#12110=CARTESIAN_POINT('Ctrl Pts',(-0.535323525758396,0.464990936953876,
0.498341896777628));
#12111=CARTESIAN_POINT('Ctrl Pts',(-0.499999999999999,0.395,0.5));
#12112=CARTESIAN_POINT('Ctrl Pts',(-0.605926782732975,0.604882085959274,
0.495025258650684));
#12113=CARTESIAN_POINT('Ctrl Pts',(-4.20197559424563,0.604877977142402,
0.494938587766337));
#12114=CARTESIAN_POINT('Ctrl Pts',(-7.79802440575827,0.604877977142386,
0.494938587766179));
#12115=CARTESIAN_POINT('Ctrl Pts',(-11.3940732172709,0.604882085959272,
0.495025258650667));
#12116=CARTESIAN_POINT('Ctrl Pts',(-5.82322330470336,5.77072330470336,0.25));
#12117=CARTESIAN_POINT('Ctrl Pts',(-4.08412446404508,4.04877623166938,0.331675083925264));
#12118=CARTESIAN_POINT('Ctrl Pts',(-2.3450256233868,2.32682915863541,0.413350167850529));
#12119=CARTESIAN_POINT('Ctrl Pts',(-0.605926782728512,0.604882085601428,
0.495025251775793));
#12120=CARTESIAN_POINT('Ctrl Pts',(-5.84966903647812,5.74427757292861,0.25));
#12121=CARTESIAN_POINT('Ctrl Pts',(-4.44419025271852,4.03098845079012,0.331675083925265));
#12122=CARTESIAN_POINT('Ctrl Pts',(-3.03870429354874,2.31764496431118,0.413350167850529));
#12123=CARTESIAN_POINT('Ctrl Pts',(-1.63322550978915,0.604355842172691,
0.495025251775793));
#12124=CARTESIAN_POINT('Ctrl Pts',(-5.91455419112498,5.7035762823946,0.25));
#12125=CARTESIAN_POINT('Ctrl Pts',(-5.17238146600949,4.00358370232207,0.331675083925264));
#12126=CARTESIAN_POINT('Ctrl Pts',(-4.43023435139985,2.30353850755399,0.413350167850529));
#12127=CARTESIAN_POINT('Ctrl Pts',(-3.68806162628436,0.603545927481463,
0.495025251775793));
#12128=CARTESIAN_POINT('Ctrl Pts',(-6.04809254265218,5.68828586336962,0.25));
#12129=CARTESIAN_POINT('Ctrl Pts',(-6.46021457953762,3.99325493656115,0.331675083925265));
#12130=CARTESIAN_POINT('Ctrl Pts',(-6.87230056081906,2.29827259035036,0.413350167850529));
#12131=CARTESIAN_POINT('Ctrl Pts',(-7.2844225977045,0.603241663541896,0.495025251775794));
#12132=CARTESIAN_POINT('Ctrl Pts',(-6.13710809763451,5.73105470704123,0.25));
#12133=CARTESIAN_POINT('Ctrl Pts',(-7.37573767476415,4.02214103076362,0.331675083925264));
#12134=CARTESIAN_POINT('Ctrl Pts',(-8.6144955495509,2.31300639673593,0.413350167850529));
#12135=CARTESIAN_POINT('Ctrl Pts',(-9.85312512668054,0.604092720458323,
0.495025251775793));
#12136=CARTESIAN_POINT('Ctrl Pts',(-6.17677669529664,5.77072330470336,0.25));
#12137=CARTESIAN_POINT('Ctrl Pts',(-7.91587553595492,4.04877623166938,0.331675083925264));
#12138=CARTESIAN_POINT('Ctrl Pts',(-9.65497437661321,2.32682915863541,0.413350167850529));
#12139=CARTESIAN_POINT('Ctrl Pts',(-11.3940732172715,0.604882085601428,
0.495025251775793));
#12140=CARTESIAN_POINT('',(-5.82322330470336,5.77072330470336,0.25));
#12141=CARTESIAN_POINT('',(-5.82322330470336,5.77072330470336,0.25));
#12142=CARTESIAN_POINT('',(-6.17677669529664,5.77072330470336,0.25));
#12143=CARTESIAN_POINT('Origin',(-6.,5.9475,0.25));
#12144=CARTESIAN_POINT('',(-6.17677669529664,5.77072330470336,0.25));
#12145=CARTESIAN_POINT('Ctrl Pts',(-6.17677669529664,6.12427669529664,0.25));
#12146=CARTESIAN_POINT('Ctrl Pts',(-7.95118446353109,7.91618446353109,0.333333333333333));
#12147=CARTESIAN_POINT('Ctrl Pts',(-9.72559223176555,9.70809223176554,0.416666666666667));
#12148=CARTESIAN_POINT('Ctrl Pts',(-11.5,11.5,0.5));
#12149=CARTESIAN_POINT('Ctrl Pts',(-6.15033096352188,6.15072242707139,0.25));
#12150=CARTESIAN_POINT('Ctrl Pts',(-7.58434518611073,7.93379646201434,0.333333333333333));
#12151=CARTESIAN_POINT('Ctrl Pts',(-9.01836672979211,9.71692596505704,0.416666666666667));
#12152=CARTESIAN_POINT('Ctrl Pts',(-10.452380952381,11.5,0.5));
#12153=CARTESIAN_POINT('Ctrl Pts',(-6.08544652454442,6.19141355849099,0.25));
#12154=CARTESIAN_POINT('Ctrl Pts',(-6.8426875841257,7.96092109164524,0.333333333333333));
#12155=CARTESIAN_POINT('Ctrl Pts',(-7.59990179756158,9.73049246684575,0.416666666666667));
#12156=CARTESIAN_POINT('Ctrl Pts',(-8.35714285714286,11.5,0.5));
#12157=CARTESIAN_POINT('Ctrl Pts',(-5.95192003210462,6.20668881723513,0.25));
#12158=CARTESIAN_POINT('Ctrl Pts',(-5.5314306806004,7.97113396066823,0.333333333333333));
#12159=CARTESIAN_POINT('Ctrl Pts',(-5.11096554198041,9.7355548565669,0.416666666666666));
#12160=CARTESIAN_POINT('Ctrl Pts',(-4.69047619047619,11.5,0.5));
#12161=CARTESIAN_POINT('Ctrl Pts',(-5.86289190236549,6.16394529295876,0.25));
#12162=CARTESIAN_POINT('Ctrl Pts',(-4.59911442621476,7.94255504735392,0.333333333333333));
#12163=CARTESIAN_POINT('Ctrl Pts',(-3.3352060475793,9.72139024560485,0.416666666666667));
#12164=CARTESIAN_POINT('Ctrl Pts',(-2.07142857142857,11.5,0.5));
#12165=CARTESIAN_POINT('Ctrl Pts',(-5.82322330470336,6.12427669529664,0.25));
#12166=CARTESIAN_POINT('Ctrl Pts',(-4.04881553646891,7.91618446353109,0.333333333333333));
#12167=CARTESIAN_POINT('Ctrl Pts',(-2.27440776823445,9.70809223176554,0.416666666666667));
#12168=CARTESIAN_POINT('Ctrl Pts',(-0.499999999999998,11.5,0.5));
#12169=CARTESIAN_POINT('',(-6.17677669529664,6.12427669529664,0.25));
#12170=CARTESIAN_POINT('',(-5.82322330470336,6.12427669529664,0.25));
#12171=CARTESIAN_POINT('Origin',(-6.,5.9475,0.25));
#12172=CARTESIAN_POINT('',(-0.5,11.5,0.5));
#12173=CARTESIAN_POINT('',(-5.82322330470336,6.12427669529664,0.25));
#12174=CARTESIAN_POINT('',(-11.5,11.5,0.5));
#12175=CARTESIAN_POINT('',(-8.75,11.5,0.5));
#12176=CARTESIAN_POINT('',(-6.17677669529664,6.12427669529664,0.25));
#12177=CARTESIAN_POINT('Ctrl Pts',(-5.82322330470336,6.12427669529664,0.25));
#12178=CARTESIAN_POINT('Ctrl Pts',(-4.04881553646891,7.91618446353109,0.333333333333333));
#12179=CARTESIAN_POINT('Ctrl Pts',(-2.27440776823445,9.70809223176554,0.416666666666667));
#12180=CARTESIAN_POINT('Ctrl Pts',(-0.5,11.5,0.5));
#12181=CARTESIAN_POINT('Ctrl Pts',(-5.79652513639803,6.09757852699131,0.25));
#12182=CARTESIAN_POINT('Ctrl Pts',(-4.03103585880873,7.54584359765534,0.333333333333334));
#12183=CARTESIAN_POINT('Ctrl Pts',(-2.2654892775893,8.99411588171692,0.416666666666666));
#12184=CARTESIAN_POINT('Ctrl Pts',(-0.5,10.4423809523809,0.5));
#12185=CARTESIAN_POINT('Ctrl Pts',(-5.75555794387947,6.03195748293269,0.25));
#12186=CARTESIAN_POINT('Ctrl Pts',(-4.00372359180844,6.79702854194772,0.333333333333333));
#12187=CARTESIAN_POINT('Ctrl Pts',(-2.25183435207102,7.56207179812783,0.416666666666667));
#12188=CARTESIAN_POINT('Ctrl Pts',(-0.5,8.32714285714285,0.5));
#12189=CARTESIAN_POINT('Ctrl Pts',(-5.74097348875773,5.89697616866087,0.25));
#12190=CARTESIAN_POINT('Ctrl Pts',(-3.99396472550948,5.47312957003125,0.333333333333334));
#12191=CARTESIAN_POINT('Ctrl Pts',(-2.24700876324825,5.0493227891058,0.416666666666666));
#12192=CARTESIAN_POINT('Ctrl Pts',(-0.5,4.62547619047618,0.5));
#12193=CARTESIAN_POINT('Ctrl Pts',(-5.78525046451383,5.80753499770534,0.25));
#12194=CARTESIAN_POINT('Ctrl Pts',(-4.02357781909312,4.53221249291417,0.333333333333333));
#12195=CARTESIAN_POINT('Ctrl Pts',(-2.26167264542071,3.25675107621973,0.416666666666667));
#12196=CARTESIAN_POINT('Ctrl Pts',(-0.5,1.98142857142856,0.5));
#12197=CARTESIAN_POINT('Ctrl Pts',(-5.8258936599649,5.76809269145438,0.25));
#12198=CARTESIAN_POINT('Ctrl Pts',(-4.05059577330993,3.97706179430292,0.333333333333333));
#12199=CARTESIAN_POINT('Ctrl Pts',(-2.27529788665497,2.18603089715145,0.416666666666667));
#12200=CARTESIAN_POINT('Ctrl Pts',(-0.5,0.394999999999989,0.5));
#12201=CARTESIAN_POINT('Origin',(-6.,5.9475,0.25));
#12202=CARTESIAN_POINT('',(-0.5,8.75,0.5));
#12203=CARTESIAN_POINT('Ctrl Pts',(-6.1741063400351,5.76809269145438,0.25));
#12204=CARTESIAN_POINT('Ctrl Pts',(-7.94940422669007,3.97706179430292,0.333333333333333));
#12205=CARTESIAN_POINT('Ctrl Pts',(-9.72470211334503,2.18603089715146,0.416666666666667));
#12206=CARTESIAN_POINT('Ctrl Pts',(-11.5,0.394999999999999,0.5));
#12207=CARTESIAN_POINT('Ctrl Pts',(-6.21474953548617,5.80753499770534,0.25));
#12208=CARTESIAN_POINT('Ctrl Pts',(-7.97642218090688,4.53221249291418,0.333333333333333));
#12209=CARTESIAN_POINT('Ctrl Pts',(-9.73832735457929,3.25675107621974,0.416666666666667));
#12210=CARTESIAN_POINT('Ctrl Pts',(-11.5,1.98142857142857,0.5));
#12211=CARTESIAN_POINT('Ctrl Pts',(-6.25899943790905,5.89699006300657,0.25));
#12212=CARTESIAN_POINT('Ctrl Pts',(-8.0060082011573,5.47314346437695,0.333333333333333));
#12213=CARTESIAN_POINT('Ctrl Pts',(-9.75299123675175,5.04932278910581,0.416666666666667));
#12214=CARTESIAN_POINT('Ctrl Pts',(-11.5,4.62547619047619,0.5));
#12215=CARTESIAN_POINT('Ctrl Pts',(-6.24443129535368,6.03195825073698,0.25));
#12216=CARTESIAN_POINT('Ctrl Pts',(-7.9962656474247,6.79702930975201,0.333333333333333));
#12217=CARTESIAN_POINT('Ctrl Pts',(-9.74816564792898,7.56207179812783,0.416666666666667));
#12218=CARTESIAN_POINT('Ctrl Pts',(-11.5,8.32714285714286,0.5));
#12219=CARTESIAN_POINT('Ctrl Pts',(-6.20347486360197,6.09757852699131,0.25));
#12220=CARTESIAN_POINT('Ctrl Pts',(-7.96896414119127,7.54584359765534,0.333333333333333));
#12221=CARTESIAN_POINT('Ctrl Pts',(-9.7345107224107,8.99411588171692,0.416666666666667));
#12222=CARTESIAN_POINT('Ctrl Pts',(-11.5,10.442380952381,0.5));
#12223=CARTESIAN_POINT('Ctrl Pts',(-6.17677669529664,6.12427669529664,0.25));
#12224=CARTESIAN_POINT('Ctrl Pts',(-7.95118446353109,7.91618446353109,0.333333333333333));
#12225=CARTESIAN_POINT('Ctrl Pts',(-9.72559223176555,9.70809223176555,0.416666666666667));
#12226=CARTESIAN_POINT('Ctrl Pts',(-11.5,11.5,0.5));
#12227=CARTESIAN_POINT('Origin',(-6.,5.9475,0.25));
#12228=CARTESIAN_POINT('',(-11.5,3.,0.5));
#12229=CARTESIAN_POINT('Origin',(-6.,5.9475,0.25));
#12230=CARTESIAN_POINT('Origin',(-11.75,0.25,3.));
#12231=CARTESIAN_POINT('',(-11.75,0.25,3.));
#12232=CARTESIAN_POINT('',(-11.75,0.395,3.));
#12233=CARTESIAN_POINT('',(-11.75,3.125,3.));
#12234=CARTESIAN_POINT('',(-11.75,0.25,3.));
#12235=CARTESIAN_POINT('',(-11.75,0.395,3.));
#12236=CARTESIAN_POINT('Origin',(-11.5,0.25,3.));
#12237=CARTESIAN_POINT('',(-11.5,0.25,3.));
#12238=CARTESIAN_POINT('',(-8.75,0.25,3.));
#12239=CARTESIAN_POINT('',(-11.5,0.25,0.5));
#12240=CARTESIAN_POINT('',(-11.5,0.25,1.75));
#12241=CARTESIAN_POINT('',(-0.5,0.25,0.5));
#12242=CARTESIAN_POINT('',(-3.125,0.25,0.5));
#12243=CARTESIAN_POINT('',(-0.5,0.25,3.));
#12244=CARTESIAN_POINT('',(-0.5,0.250000000000001,1.75));
#12245=CARTESIAN_POINT('',(-0.25,0.25,3.));
#12246=CARTESIAN_POINT('',(-3.125,0.25,3.));
#12247=CARTESIAN_POINT('',(-0.25,0.25,3.));
#12248=CARTESIAN_POINT('Origin',(-0.25,0.395,3.));
#12249=CARTESIAN_POINT('',(-0.25,0.395,3.));
#12250=CARTESIAN_POINT('',(-0.25,3.1975,3.));
#12251=CARTESIAN_POINT('',(-0.25,0.395,3.));
#12252=CARTESIAN_POINT('Origin',(-0.5,0.395,3.));
#12253=CARTESIAN_POINT('',(-0.5,0.395,3.));
#12254=CARTESIAN_POINT('',(-3.25,0.395,3.));
#12255=CARTESIAN_POINT('',(-0.5,0.395,1.75));
#12256=CARTESIAN_POINT('',(-11.5,0.395,3.));
#12257=CARTESIAN_POINT('',(-11.5,0.395,1.75));
#12258=CARTESIAN_POINT('',(-8.875,0.395,3.));
#12259=CARTESIAN_POINT('Origin',(-11.5,0.,0.5));
#12260=CARTESIAN_POINT('',(-11.5,0.,3.));
#12261=CARTESIAN_POINT('',(-11.5,0.25,3.));
#12262=CARTESIAN_POINT('',(-11.5,0.,0.5));
#12263=CARTESIAN_POINT('',(-11.5,0.,0.5));
#12264=CARTESIAN_POINT('',(-11.5,3.,0.5));
#12265=CARTESIAN_POINT('Origin',(-0.5,11.5,0.5));
#12266=CARTESIAN_POINT('',(-0.5,0.,0.5));
#12267=CARTESIAN_POINT('',(-0.5,8.75,0.5));
#12268=CARTESIAN_POINT('',(-0.5,0.,3.));
#12269=CARTESIAN_POINT('',(-0.5,0.,0.5));
#12270=CARTESIAN_POINT('',(-0.5,11.5,3.));
#12271=CARTESIAN_POINT('Origin',(-0.5,11.5,0.5));
#12272=CARTESIAN_POINT('',(-0.5,11.5,3.));
#12273=CARTESIAN_POINT('',(-0.5,11.5,3.));
#12274=CARTESIAN_POINT('',(-0.5,11.5,0.5));
#12275=CARTESIAN_POINT('Origin',(-11.8,11.8,0.));
#12276=CARTESIAN_POINT('',(-12.,11.8,3.));
#12277=CARTESIAN_POINT('',(-11.8,12.,3.));
#12278=CARTESIAN_POINT('Origin',(-11.8,11.8,3.));
#12279=CARTESIAN_POINT('',(-11.8,12.,0.));
#12280=CARTESIAN_POINT('',(-11.8,12.,0.));
#12281=CARTESIAN_POINT('',(-12.,11.8,0.));
#12282=CARTESIAN_POINT('Origin',(-11.8,11.8,0.));
#12283=CARTESIAN_POINT('',(-12.,11.8,0.));
#12284=CARTESIAN_POINT('Origin',(0.,12.,0.));
#12285=CARTESIAN_POINT('',(-0.2,12.,3.));
#12286=CARTESIAN_POINT('',(0.,12.,3.));
#12287=CARTESIAN_POINT('',(-0.2,12.,0.));
#12288=CARTESIAN_POINT('',(-0.2,12.,0.));
#12289=CARTESIAN_POINT('',(-12.,12.,0.));
#12290=CARTESIAN_POINT('Origin',(-6.,6.,3.));
#12291=CARTESIAN_POINT('',(-11.5,11.5,3.));
#12292=CARTESIAN_POINT('',(-11.5,0.25,3.));
#12293=CARTESIAN_POINT('',(-11.5,11.5,3.));
#12294=CARTESIAN_POINT('',(-0.2,0.,3.));
#12295=CARTESIAN_POINT('',(-12.,0.,3.));
#12296=CARTESIAN_POINT('',(0.,0.2,3.));
#12297=CARTESIAN_POINT('Origin',(-0.2,0.2,3.));
#12298=CARTESIAN_POINT('',(0.,11.8,3.));
#12299=CARTESIAN_POINT('',(0.,0.,3.));
#12300=CARTESIAN_POINT('Origin',(-0.2,11.8,3.));
#12301=CARTESIAN_POINT('',(-12.,0.2,3.));
#12302=CARTESIAN_POINT('',(-12.,12.,3.));
#12303=CARTESIAN_POINT('',(-11.8,0.,3.));
#12304=CARTESIAN_POINT('Origin',(-11.8,0.2,3.));
#12305=CARTESIAN_POINT('',(-12.,0.,3.));
#12306=CARTESIAN_POINT('Origin',(-0.2,11.8,0.));
#12307=CARTESIAN_POINT('',(0.,11.8,0.));
#12308=CARTESIAN_POINT('',(0.,11.8,0.));
#12309=CARTESIAN_POINT('Origin',(-0.2,11.8,0.));
#12310=CARTESIAN_POINT('Origin',(0.,0.,0.));
#12311=CARTESIAN_POINT('',(0.,0.2,0.));
#12312=CARTESIAN_POINT('',(0.,0.2,0.));
#12313=CARTESIAN_POINT('',(0.,12.,0.));
#12314=CARTESIAN_POINT('Origin',(-0.2,0.2,0.));
#12315=CARTESIAN_POINT('',(-0.2,0.,0.));
#12316=CARTESIAN_POINT('',(-0.2,0.,0.));
#12317=CARTESIAN_POINT('Origin',(-0.2,0.2,0.));
#12318=CARTESIAN_POINT('Origin',(-12.,0.,0.));
#12319=CARTESIAN_POINT('',(0.,0.,0.5));
#12320=CARTESIAN_POINT('',(-11.8,0.,0.));
#12321=CARTESIAN_POINT('',(-11.8,0.,0.));
#12322=CARTESIAN_POINT('',(0.,0.,0.));
#12323=CARTESIAN_POINT('Origin',(-11.8,0.2,0.));
#12324=CARTESIAN_POINT('',(-12.,0.2,0.));
#12325=CARTESIAN_POINT('',(-12.,0.2,0.));
#12326=CARTESIAN_POINT('Origin',(-11.8,0.2,0.));
#12327=CARTESIAN_POINT('Origin',(-12.,12.,0.));
#12328=CARTESIAN_POINT('',(-12.,0.,0.));
#12329=CARTESIAN_POINT('Origin',(-11.5,11.5,0.5));
#12330=CARTESIAN_POINT('',(-11.5,11.5,0.5));
#12331=CARTESIAN_POINT('Origin',(-11.5,0.,0.5));
#12332=CARTESIAN_POINT('Origin',(-6.,6.,0.5));
#12333=CARTESIAN_POINT('Origin',(-6.,6.,0.));
#12334=CARTESIAN_POINT('',(0.,0.,0.));
#12335=CARTESIAN_POINT('Origin',(-0.899999999999999,4.98,0.0575));
#12336=CARTESIAN_POINT('',(-0.899999999999999,4.98,0.0575));
#12337=CARTESIAN_POINT('',(-0.9,4.98,0.1925));
#12338=CARTESIAN_POINT('',(-0.899999999999999,4.98,0.0287499999999983));
#12339=CARTESIAN_POINT('',(-0.899999999999999,0.130000000000001,0.0575));
#12340=CARTESIAN_POINT('',(-0.899999999999999,4.98,0.0575));
#12341=CARTESIAN_POINT('',(-0.9,0.130000000000001,0.1925));
#12342=CARTESIAN_POINT('',(-0.899999999999999,0.130000000000001,0.0575));
#12343=CARTESIAN_POINT('',(-0.9,4.98,0.1925));
#12344=CARTESIAN_POINT('Origin',(-8.58,4.98,0.0575000000000001));
#12345=CARTESIAN_POINT('',(-8.58,4.98,0.0575000000000001));
#12346=CARTESIAN_POINT('',(-4.29,4.98,0.0575000000000001));
#12347=CARTESIAN_POINT('',(-8.58,0.130000000000001,0.0575000000000001));
#12348=CARTESIAN_POINT('',(-8.58,4.98,0.0575000000000001));
#12349=CARTESIAN_POINT('',(-8.58,0.130000000000001,0.0575000000000001));
#12350=CARTESIAN_POINT('',(-1.,0.5,0.0575));
#12351=CARTESIAN_POINT('',(-1.,4.48,0.0575));
#12352=CARTESIAN_POINT('',(-1.,4.73,0.0575));
#12353=CARTESIAN_POINT('',(-8.48,0.5,0.0575000000000001));
#12354=CARTESIAN_POINT('',(-4.79,0.5,0.0575000000000001));
#12355=CARTESIAN_POINT('',(-8.48,4.48,0.0575000000000001));
#12356=CARTESIAN_POINT('',(-8.48,2.74,0.0575000000000001));
#12357=CARTESIAN_POINT('',(-8.53,4.48,0.0575000000000001));
#12358=CARTESIAN_POINT('Origin',(-8.58,4.98,0.1925));
#12359=CARTESIAN_POINT('',(-8.58,4.98,0.1925));
#12360=CARTESIAN_POINT('',(-8.58,4.98,0.09625));
#12361=CARTESIAN_POINT('',(-8.58,0.130000000000001,0.1925));
#12362=CARTESIAN_POINT('',(-8.58,4.98,0.1925));
#12363=CARTESIAN_POINT('',(-8.58,0.130000000000001,0.1925));
#12364=CARTESIAN_POINT('Origin',(-0.9,4.98,0.1925));
#12365=CARTESIAN_POINT('',(-0.45,4.98,0.1925));
#12366=CARTESIAN_POINT('',(-0.9,0.130000000000001,0.1925));
#12367=CARTESIAN_POINT('',(-1.,4.48,0.1925));
#12368=CARTESIAN_POINT('',(-1.,0.5,0.1925));
#12369=CARTESIAN_POINT('',(-1.,4.73,0.1925));
#12370=CARTESIAN_POINT('',(-8.48,4.48,0.1925));
#12371=CARTESIAN_POINT('',(-4.69,4.48,0.1925));
#12372=CARTESIAN_POINT('',(-8.48,0.5,0.1925));
#12373=CARTESIAN_POINT('',(-8.48,2.74,0.1925));
#12374=CARTESIAN_POINT('',(-0.95,0.5,0.1925));
#12375=CARTESIAN_POINT('Origin',(-4.74,0.130000000000001,0.125));
#12376=CARTESIAN_POINT('Origin',(-1.,0.5,0.));
#12377=CARTESIAN_POINT('',(-8.48,0.5,0.25));
#12378=CARTESIAN_POINT('',(-8.48,0.5,0.));
#12379=CARTESIAN_POINT('',(-1.,0.5,0.25));
#12380=CARTESIAN_POINT('',(-1.,0.5,0.25));
#12381=CARTESIAN_POINT('',(-1.,0.5,0.));
#12382=CARTESIAN_POINT('Origin',(-1.,0.5,0.));
#12383=CARTESIAN_POINT('',(-1.,0.5,0.));
#12384=CARTESIAN_POINT('',(-1.,0.5,0.));
#12385=CARTESIAN_POINT('',(-8.48,0.5,0.));
#12386=CARTESIAN_POINT('',(-1.,0.5,0.));
#12387=CARTESIAN_POINT('',(-8.48,0.5,0.));
#12388=CARTESIAN_POINT('Origin',(-8.48,0.5,0.));
#12389=CARTESIAN_POINT('',(-8.48,4.48,0.25));
#12390=CARTESIAN_POINT('',(-8.48,4.48,0.));
#12391=CARTESIAN_POINT('',(-8.48,0.5,0.25));
#12392=CARTESIAN_POINT('Origin',(-8.48,0.5,0.));
#12393=CARTESIAN_POINT('',(-8.48,4.48,0.));
#12394=CARTESIAN_POINT('',(-8.48,0.5,0.));
#12395=CARTESIAN_POINT('',(-8.48,4.48,0.));
#12396=CARTESIAN_POINT('Origin',(-8.48,4.48,0.));
#12397=CARTESIAN_POINT('',(-1.,4.48,0.25));
#12398=CARTESIAN_POINT('',(-1.,4.48,0.));
#12399=CARTESIAN_POINT('',(-8.48,4.48,0.25));
#12400=CARTESIAN_POINT('Origin',(-1.,4.48,0.));
#12401=CARTESIAN_POINT('',(-1.,4.48,0.25));
#12402=CARTESIAN_POINT('Origin',(-1.,4.48,0.));
#12403=CARTESIAN_POINT('',(-1.,4.48,0.));
#12404=CARTESIAN_POINT('',(-1.,4.48,0.));
#12405=CARTESIAN_POINT('',(-1.,4.48,0.));
#12406=CARTESIAN_POINT('Origin',(-8.48,4.48,0.));
#12407=CARTESIAN_POINT('',(-8.48,4.48,0.));
#12408=CARTESIAN_POINT('Origin',(-2.1550480812082E-48,0.,0.));
#12409=CARTESIAN_POINT('',(-1.94109474709895E-32,4.98,0.));
#12410=CARTESIAN_POINT('',(-2.1550480812082E-48,0.,0.));
#12411=CARTESIAN_POINT('',(-1.94109474709895E-32,4.98,0.));
#12412=CARTESIAN_POINT('',(0.,4.98,0.25));
#12413=CARTESIAN_POINT('',(-1.94109474709895E-32,4.98,0.));
#12414=CARTESIAN_POINT('',(0.,0.,0.25));
#12415=CARTESIAN_POINT('',(-1.94109474709895E-32,4.98,0.25));
#12416=CARTESIAN_POINT('',(-2.1550480812082E-48,0.,0.));
#12417=CARTESIAN_POINT('Origin',(-9.48,0.,0.));
#12418=CARTESIAN_POINT('',(-9.48,0.,0.));
#12419=CARTESIAN_POINT('',(0.,0.,0.));
#12420=CARTESIAN_POINT('',(-9.48,0.,0.25));
#12421=CARTESIAN_POINT('',(0.,0.,0.25));
#12422=CARTESIAN_POINT('',(-9.48,0.,0.));
#12423=CARTESIAN_POINT('Origin',(-9.48,4.98,0.));
#12424=CARTESIAN_POINT('',(-9.48,4.98,0.));
#12425=CARTESIAN_POINT('',(-9.48,0.,0.));
#12426=CARTESIAN_POINT('',(-9.48,4.98,0.25));
#12427=CARTESIAN_POINT('',(-9.48,0.,0.25));
#12428=CARTESIAN_POINT('',(-9.48,4.98,0.));
#12429=CARTESIAN_POINT('Origin',(0.,4.98,0.));
#12430=CARTESIAN_POINT('',(-9.48,4.98,0.));
#12431=CARTESIAN_POINT('',(-9.48,4.98,0.25));
#12432=CARTESIAN_POINT('Origin',(-4.74,2.49,0.25));
#12433=CARTESIAN_POINT('Origin',(-4.74,2.49,0.));
#12434=CARTESIAN_POINT('',(0.,0.,0.));
#12435=CARTESIAN_POINT('',(0.,0.,0.));
#12436=CARTESIAN_POINT('',(0.,0.,0.));
#12437=CARTESIAN_POINT('Origin',(0.403543307086614,-0.078740157480315,0.442913385826772));
#12438=CARTESIAN_POINT('',(0.206692913385827,-0.078740157480315,-0.442913385826772));
#12439=CARTESIAN_POINT('',(-0.246062992125984,-0.078740157480315,-0.442913385826772));
#12440=CARTESIAN_POINT('',(0.403543307086614,-0.078740157480315,-0.442913385826772));
#12441=CARTESIAN_POINT('',(0.403543307086614,-0.078740157480315,-0.246062992125984));
#12442=CARTESIAN_POINT('Origin',(0.206692913385827,-0.078740157480315,-0.246062992125984));
#12443=CARTESIAN_POINT('',(0.403543307086614,-0.078740157480315,0.246062992125984));
#12444=CARTESIAN_POINT('',(0.403543307086614,-0.078740157480315,0.442913385826772));
#12445=CARTESIAN_POINT('',(0.206692913385827,-0.078740157480315,0.442913385826772));
#12446=CARTESIAN_POINT('Origin',(0.206692913385827,-0.078740157480315,0.246062992125984));
#12447=CARTESIAN_POINT('',(-0.246062992125984,-0.078740157480315,0.442913385826772));
#12448=CARTESIAN_POINT('',(0.403543307086614,-0.078740157480315,0.442913385826772));
#12449=CARTESIAN_POINT('',(-0.246062992125984,-0.078740157480315,0.275590551181102));
#12450=CARTESIAN_POINT('',(-0.246062992125984,-0.078740157480315,0.442913385826772));
#12451=CARTESIAN_POINT('',(-0.226377952755906,-0.078740157480315,0.275590551181102));
#12452=CARTESIAN_POINT('',(0.403543307086614,-0.078740157480315,0.275590551181102));
#12453=CARTESIAN_POINT('',(-0.226377952755906,-0.078740157480315,-0.275590551181102));
#12454=CARTESIAN_POINT('',(-0.226377952755906,-0.078740157480315,0.275590551181102));
#12455=CARTESIAN_POINT('',(-0.246062992125984,-0.078740157480315,-0.275590551181102));
#12456=CARTESIAN_POINT('',(0.403543307086614,-0.078740157480315,-0.275590551181102));
#12457=CARTESIAN_POINT('',(-0.246062992125984,-0.078740157480315,0.442913385826772));
#12458=CARTESIAN_POINT('',(0.187007874015748,-0.078740157480315,-0.14523244183792));
#12459=CARTESIAN_POINT('Origin',(0.187007874015748,-0.078740157480315,-0.236220472440945));
#12460=CARTESIAN_POINT('',(0.187007874015748,-0.078740157480315,0.324803149606299));
#12461=CARTESIAN_POINT('Origin',(0.187007874015748,-0.078740157480315,0.236220472440944));
#12462=CARTESIAN_POINT('Origin',(-0.403543307086614,0.078740157480315,0.442913385826772));
#12463=CARTESIAN_POINT('',(0.403543307086614,0.078740157480315,0.246062992125984));
#12464=CARTESIAN_POINT('',(0.403543307086614,0.078740157480315,-0.246062992125984));
#12465=CARTESIAN_POINT('',(0.403543307086614,0.078740157480315,0.442913385826772));
#12466=CARTESIAN_POINT('',(0.206692913385827,0.078740157480315,-0.442913385826772));
#12467=CARTESIAN_POINT('Origin',(0.206692913385827,0.078740157480315,-0.246062992125984));
#12468=CARTESIAN_POINT('',(-0.403543307086614,0.078740157480315,-0.442913385826772));
#12469=CARTESIAN_POINT('',(-0.403543307086614,0.078740157480315,-0.442913385826772));
#12470=CARTESIAN_POINT('',(-0.403543307086614,0.078740157480315,-0.275590551181102));
#12471=CARTESIAN_POINT('',(-0.403543307086614,0.078740157480315,0.442913385826772));
#12472=CARTESIAN_POINT('',(-0.308202335392771,0.078740157480315,-0.275590551181102));
#12473=CARTESIAN_POINT('',(-0.403543307086614,0.078740157480315,-0.275590551181102));
#12474=CARTESIAN_POINT('',(-0.308202335392771,0.078740157480315,0.275590551181102));
#12475=CARTESIAN_POINT('',(-0.308202335392771,0.078740157480315,0.275590551181102));
#12476=CARTESIAN_POINT('',(-0.403543307086614,0.078740157480315,0.275590551181102));
#12477=CARTESIAN_POINT('',(-0.403543307086614,0.078740157480315,0.275590551181102));
#12478=CARTESIAN_POINT('',(-0.403543307086614,0.078740157480315,0.442913385826772));
#12479=CARTESIAN_POINT('',(-0.403543307086614,0.078740157480315,0.442913385826772));
#12480=CARTESIAN_POINT('',(0.206692913385827,0.078740157480315,0.442913385826772));
#12481=CARTESIAN_POINT('',(-0.403543307086614,0.078740157480315,0.442913385826772));
#12482=CARTESIAN_POINT('Origin',(0.206692913385827,0.078740157480315,0.246062992125984));
#12483=CARTESIAN_POINT('',(0.187007874015748,0.078740157480315,-0.32720850304397));
#12484=CARTESIAN_POINT('Origin',(0.187007874015748,0.078740157480315,-0.236220472440945));
#12485=CARTESIAN_POINT('',(0.187007874015748,0.078740157480315,0.14763779527559));
#12486=CARTESIAN_POINT('Origin',(0.187007874015748,0.078740157480315,0.236220472440944));
#12487=CARTESIAN_POINT('Origin',(-0.403543307086614,-0.078740157480315,
0.442913385826772));
#12488=CARTESIAN_POINT('Origin',(-0.403543307086614,-0.078740157480315,
0.275590551181102));
#12489=CARTESIAN_POINT('Origin',(-0.403543307086614,-0.078740157480315,
0.442913385826772));
#12490=CARTESIAN_POINT('Origin',(0.403543307086614,0.078740157480315,0.442913385826772));
#12491=CARTESIAN_POINT('',(0.403543307086614,0.078740157480315,-0.246062992125984));
#12492=CARTESIAN_POINT('',(0.403543307086614,-0.078740157480315,0.246062992125984));
#12493=CARTESIAN_POINT('Origin',(0.,0.,0.442913385826772));
#12494=CARTESIAN_POINT('',(0.206692913385827,0.078740157480315,0.442913385826772));
#12495=CARTESIAN_POINT('Origin',(0.,0.,-0.442913385826772));
#12496=CARTESIAN_POINT('',(0.206692913385827,0.,-0.442913385826772));
#12497=CARTESIAN_POINT('Origin',(-0.403543307086614,-0.078740157480315,
-0.442913385826772));
#12498=CARTESIAN_POINT('Origin',(-0.403543307086614,-0.078740157480315,
0.442913385826772));
#12499=CARTESIAN_POINT('Origin',(-0.403543307086614,-0.078740157480315,
-0.275590551181102));
#12500=CARTESIAN_POINT('Origin',(0.187007874015748,-0.236220472440945,0.236220472440944));
#12501=CARTESIAN_POINT('',(0.187007874015748,-0.0590551181102362,0.30511811023622));
#12502=CARTESIAN_POINT('',(0.255905511811024,-0.0590551181102362,0.236220472440944));
#12503=CARTESIAN_POINT('Origin',(0.187007874015748,-0.0590551181102362,
0.236220472440944));
#12504=CARTESIAN_POINT('',(0.255905511811024,0.0590551181102362,0.236220472440944));
#12505=CARTESIAN_POINT('',(0.255905511811024,-0.236220472440945,0.236220472440944));
#12506=CARTESIAN_POINT('',(0.187007874015748,0.0590551181102362,0.167322834645669));
#12507=CARTESIAN_POINT('Origin',(0.187007874015748,0.0590551181102362,0.236220472440944));
#12508=CARTESIAN_POINT('Origin',(0.187007874015748,0.0590551181102362,0.236220472440944));
#12509=CARTESIAN_POINT('Origin',(0.187007874015748,-0.0590551181102362,
0.236220472440944));
#12510=CARTESIAN_POINT('Origin',(0.187007874015748,-0.236220472440945,-0.236220472440945));
#12511=CARTESIAN_POINT('',(0.187007874015748,-0.0590551181102362,-0.164917481207999));
#12512=CARTESIAN_POINT('',(0.258310865248694,-0.0590551181102362,-0.236220472440945));
#12513=CARTESIAN_POINT('Origin',(0.187007874015748,-0.0590551181102362,
-0.236220472440945));
#12514=CARTESIAN_POINT('',(0.258310865248694,0.0590551181102362,-0.236220472440945));
#12515=CARTESIAN_POINT('',(0.258310865248694,-0.236220472440945,-0.236220472440945));
#12516=CARTESIAN_POINT('',(0.187007874015748,0.0590551181102362,-0.307523463673892));
#12517=CARTESIAN_POINT('Origin',(0.187007874015748,0.0590551181102362,-0.236220472440945));
#12518=CARTESIAN_POINT('Origin',(0.187007874015748,0.0590551181102362,-0.236220472440945));
#12519=CARTESIAN_POINT('Origin',(0.187007874015748,-0.0590551181102362,
-0.236220472440945));
#12520=CARTESIAN_POINT('Origin',(0.187007874015748,0.0590551181102362,-0.236220472440945));
#12521=CARTESIAN_POINT('',(0.187007874015748,0.0590551181102362,-0.307523463673892));
#12522=CARTESIAN_POINT('Origin',(0.187007874015748,0.0590551181102362,0.236220472440944));
#12523=CARTESIAN_POINT('',(0.187007874015748,0.0590551181102362,0.167322834645669));
#12524=CARTESIAN_POINT('Origin',(0.187007874015748,-0.0590551181102362,
-0.236220472440945));
#12525=CARTESIAN_POINT('',(0.187007874015748,-0.0590551181102362,-0.164917481207999));
#12526=CARTESIAN_POINT('Origin',(0.187007874015748,-0.0590551181102362,
0.236220472440944));
#12527=CARTESIAN_POINT('',(0.187007874015748,-0.0590551181102362,0.30511811023622));
#12528=CARTESIAN_POINT('Origin',(-0.403543307086614,-0.078740157480315,
0.275590551181102));
#12529=CARTESIAN_POINT('',(-0.324803149606299,-0.078740157480315,-0.275590551181102));
#12530=CARTESIAN_POINT('Origin',(-0.403543307086614,-0.078740157480315,
-0.275590551181102));
#12531=CARTESIAN_POINT('',(-0.324803149606299,-0.078740157480315,0.275590551181102));
#12532=CARTESIAN_POINT('',(-0.324803149606299,-0.078740157480315,0.275590551181102));
#12533=CARTESIAN_POINT('Origin',(-0.403543307086614,-0.078740157480315,
0.275590551181102));
#12534=CARTESIAN_POINT('Origin',(-0.403543307086614,-0.078740157480315,
0.275590551181102));
#12535=CARTESIAN_POINT('',(-0.310172807442921,0.0718238241733748,0.275590551181102));
#12536=CARTESIAN_POINT('Origin',(-0.403543307086614,-0.078740157480315,
0.275590551181102));
#12537=CARTESIAN_POINT('',(-0.310172807442921,0.0718238241733748,-0.275590551181102));
#12538=CARTESIAN_POINT('',(-0.310172807442921,0.0718238241733748,0.275590551181102));
#12539=CARTESIAN_POINT('Origin',(-0.403543307086614,-0.078740157480315,
-0.275590551181102));
#12540=CARTESIAN_POINT('Origin',(-0.403543307086614,-0.078740157480315,
0.275590551181102));
#12541=CARTESIAN_POINT('',(-0.310172807442921,0.0718238241733748,0.275590551181102));
#12542=CARTESIAN_POINT('Origin',(-0.403543307086614,-0.078740157480315,
-0.275590551181102));
#12543=CARTESIAN_POINT('',(-0.356858057264768,-0.0920408438188244,-0.275590551181102));
#12544=CARTESIAN_POINT('Origin',(-0.310172807442921,0.0718238241733748,
0.275590551181102));
#12545=CARTESIAN_POINT('Origin',(0.206692913385827,0.078740157480315,0.246062992125984));
#12546=CARTESIAN_POINT('Origin',(0.206692913385827,0.,-0.246062992125984));
#12547=CARTESIAN_POINT('',(0.,0.,0.));
#12548=CARTESIAN_POINT('Origin',(-1.48532109193348,-0.078740157480315,0.257874015748031));
#12549=CARTESIAN_POINT('',(-1.58510357120578,0.0676532153389492,0.257874015748031));
#12550=CARTESIAN_POINT('',(-1.66248644626419,-0.078740157480315,0.257874015748031));
#12551=CARTESIAN_POINT('Origin',(-1.48532109193348,-0.078740157480315,0.257874015748031));
#12552=CARTESIAN_POINT('',(-1.58510357120578,0.0676532153389492,0.442913385826772));
#12553=CARTESIAN_POINT('',(-1.58510357120578,0.0676532153389488,0.257874015748031));
#12554=CARTESIAN_POINT('',(-1.66248644626419,-0.078740157480315,0.442913385826772));
#12555=CARTESIAN_POINT('Origin',(-1.48532109193348,-0.078740157480315,0.442913385826772));
#12556=CARTESIAN_POINT('',(-1.66248644626419,-0.078740157480315,0.257874015748031));
#12557=CARTESIAN_POINT('Origin',(-1.48532109193348,-0.078740157480315,0.257874015748031));
#12558=CARTESIAN_POINT('',(-1.58852268026261,0.078740157480315,0.257874015748031));
#12559=CARTESIAN_POINT('',(-1.48532109193348,0.078740157480315,0.257874015748031));
#12560=CARTESIAN_POINT('',(-1.48532109193348,0.078740157480315,0.257874015748031));
#12561=CARTESIAN_POINT('',(-1.53521233156963,-0.0941261482360374,0.257874015748031));
#12562=CARTESIAN_POINT('',(-1.64280140689411,-0.078740157480315,0.257874015748031));
#12563=CARTESIAN_POINT('',(-2.29240770610671,-0.078740157480315,0.257874015748031));
#12564=CARTESIAN_POINT('Origin',(-1.48532109193348,-0.078740157480315,0.257874015748031));
#12565=CARTESIAN_POINT('',(-1.39673841476813,-0.078740157480315,0.257874015748031));
#12566=CARTESIAN_POINT('Origin',(-1.48532109193348,-0.078740157480315,0.257874015748031));
#12567=CARTESIAN_POINT('Origin',(-1.48532109193348,-0.078740157480315,0.442913385826772));
#12568=CARTESIAN_POINT('',(-1.48532109193348,0.078740157480315,-0.257874015748031));
#12569=CARTESIAN_POINT('',(-1.48532109193348,0.078740157480315,0.442913385826772));
#12570=CARTESIAN_POINT('',(-1.64280140689411,-0.078740157480315,-0.257874015748031));
#12571=CARTESIAN_POINT('',(-1.64280140689411,-0.078740157480315,0.442913385826772));
#12572=CARTESIAN_POINT('Origin',(-1.48532109193348,-0.078740157480315,-0.257874015748031));
#12573=CARTESIAN_POINT('Origin',(-1.48532109193348,0.078740157480315,0.442913385826772));
#12574=CARTESIAN_POINT('',(-2.29240770610671,0.078740157480315,0.246062992125984));
#12575=CARTESIAN_POINT('',(-2.29240770610671,0.078740157480315,-0.246062992125984));
#12576=CARTESIAN_POINT('',(-2.29240770610671,0.078740157480315,0.442913385826772));
#12577=CARTESIAN_POINT('',(-2.09555731240593,0.078740157480315,0.442913385826772));
#12578=CARTESIAN_POINT('Origin',(-2.09555731240593,0.078740157480315,0.246062992125984));
#12579=CARTESIAN_POINT('',(-1.58852268026261,0.078740157480315,0.442913385826772));
#12580=CARTESIAN_POINT('',(-1.48532109193348,0.078740157480315,0.442913385826772));
#12581=CARTESIAN_POINT('',(-1.58852268026261,0.078740157480315,0.442913385826772));
#12582=CARTESIAN_POINT('',(-1.58852268026261,0.078740157480315,-0.257874015748031));
#12583=CARTESIAN_POINT('',(-1.48532109193348,0.078740157480315,-0.257874015748031));
#12584=CARTESIAN_POINT('',(-1.58852268026261,0.078740157480315,-0.442913385826772));
#12585=CARTESIAN_POINT('',(-1.58852268026261,0.078740157480315,0.442913385826772));
#12586=CARTESIAN_POINT('',(-2.09555731240593,0.078740157480315,-0.442913385826772));
#12587=CARTESIAN_POINT('',(-1.48532109193348,0.078740157480315,-0.442913385826772));
#12588=CARTESIAN_POINT('Origin',(-2.09555731240593,0.078740157480315,-0.246062992125984));
#12589=CARTESIAN_POINT('',(-2.07587227303585,0.078740157480315,-0.32720850304397));
#12590=CARTESIAN_POINT('Origin',(-2.07587227303585,0.078740157480315,-0.236220472440945));
#12591=CARTESIAN_POINT('',(-2.07587227303585,0.078740157480315,0.14763779527559));
#12592=CARTESIAN_POINT('Origin',(-2.07587227303585,0.078740157480315,0.236220472440944));
#12593=CARTESIAN_POINT('Origin',(-2.29240770610671,-0.078740157480315,0.442913385826772));
#12594=CARTESIAN_POINT('',(-2.09555731240593,-0.078740157480315,0.442913385826772));
#12595=CARTESIAN_POINT('',(-2.29240770610671,-0.078740157480315,0.442913385826772));
#12596=CARTESIAN_POINT('',(-2.29240770610671,-0.078740157480315,0.246062992125984));
#12597=CARTESIAN_POINT('Origin',(-2.09555731240593,-0.078740157480315,0.246062992125984));
#12598=CARTESIAN_POINT('',(-2.29240770610671,-0.078740157480315,-0.246062992125984));
#12599=CARTESIAN_POINT('',(-2.29240770610671,-0.078740157480315,0.442913385826772));
#12600=CARTESIAN_POINT('',(-2.09555731240593,-0.078740157480315,-0.442913385826772));
#12601=CARTESIAN_POINT('Origin',(-2.09555731240593,-0.078740157480315,-0.246062992125984));
#12602=CARTESIAN_POINT('',(-1.66248644626419,-0.078740157480315,-0.442913385826772));
#12603=CARTESIAN_POINT('',(-2.29240770610671,-0.078740157480315,-0.442913385826772));
#12604=CARTESIAN_POINT('',(-1.66248644626419,-0.078740157480315,-0.257874015748031));
#12605=CARTESIAN_POINT('',(-1.66248644626419,-0.078740157480315,-0.257874015748031));
#12606=CARTESIAN_POINT('',(-2.29240770610671,-0.078740157480315,-0.257874015748031));
#12607=CARTESIAN_POINT('',(-2.07587227303585,-0.078740157480315,-0.14523244183792));
#12608=CARTESIAN_POINT('Origin',(-2.07587227303585,-0.078740157480315,-0.236220472440945));
#12609=CARTESIAN_POINT('',(-2.07587227303585,-0.078740157480315,0.324803149606299));
#12610=CARTESIAN_POINT('Origin',(-2.07587227303585,-0.078740157480315,0.236220472440944));
#12611=CARTESIAN_POINT('Origin',(-2.07587227303585,0.0590551181102362,-0.236220472440945));
#12612=CARTESIAN_POINT('',(-2.07587227303585,0.0590551181102362,-0.307523463673892));
#12613=CARTESIAN_POINT('',(-2.14717526426879,0.0590551181102362,-0.236220472440945));
#12614=CARTESIAN_POINT('Origin',(-2.07587227303585,0.0590551181102362,-0.236220472440945));
#12615=CARTESIAN_POINT('Origin',(-2.07587227303585,0.0590551181102362,-0.236220472440945));
#12616=CARTESIAN_POINT('',(-2.07587227303585,0.0590551181102362,-0.307523463673892));
#12617=CARTESIAN_POINT('Origin',(-2.07587227303585,0.0590551181102362,0.236220472440944));
#12618=CARTESIAN_POINT('',(-2.07587227303585,0.0590551181102362,0.167322834645669));
#12619=CARTESIAN_POINT('',(-2.14476991083112,0.0590551181102362,0.236220472440944));
#12620=CARTESIAN_POINT('Origin',(-2.07587227303585,0.0590551181102362,0.236220472440944));
#12621=CARTESIAN_POINT('Origin',(-2.07587227303585,0.0590551181102362,0.236220472440944));
#12622=CARTESIAN_POINT('',(-2.07587227303585,0.0590551181102362,0.167322834645669));
#12623=CARTESIAN_POINT('Origin',(-2.07587227303585,-0.0590551181102362,
-0.236220472440945));
#12624=CARTESIAN_POINT('',(-2.07587227303585,-0.0590551181102362,-0.164917481207999));
#12625=CARTESIAN_POINT('',(-2.14717526426879,-0.0590551181102362,-0.236220472440945));
#12626=CARTESIAN_POINT('Origin',(-2.07587227303585,-0.0590551181102362,
-0.236220472440945));
#12627=CARTESIAN_POINT('Origin',(-2.07587227303585,-0.0590551181102362,
-0.236220472440945));
#12628=CARTESIAN_POINT('',(-2.07587227303585,-0.0590551181102362,-0.164917481207999));
#12629=CARTESIAN_POINT('Origin',(-2.07587227303585,-0.0590551181102362,
0.236220472440944));
#12630=CARTESIAN_POINT('',(-2.07587227303585,-0.0590551181102362,0.30511811023622));
#12631=CARTESIAN_POINT('',(-2.14476991083112,-0.0590551181102362,0.236220472440944));
#12632=CARTESIAN_POINT('Origin',(-2.07587227303585,-0.0590551181102362,
0.236220472440944));
#12633=CARTESIAN_POINT('Origin',(-2.07587227303585,-0.0590551181102362,
0.236220472440944));
#12634=CARTESIAN_POINT('',(-2.07587227303585,-0.0590551181102362,0.30511811023622));
#12635=CARTESIAN_POINT('Origin',(-2.07587227303585,-0.236220472440945,-0.236220472440945));
#12636=CARTESIAN_POINT('',(-2.14717526426879,-0.236220472440945,-0.236220472440945));
#12637=CARTESIAN_POINT('Origin',(-2.07587227303585,-0.236220472440945,0.236220472440944));
#12638=CARTESIAN_POINT('',(-2.14476991083112,-0.236220472440945,0.236220472440944));
#12639=CARTESIAN_POINT('Origin',(-1.8888643990201,0.,0.442913385826772));
#12640=CARTESIAN_POINT('',(-2.09555731240593,-0.078740157480315,0.442913385826772));
#12641=CARTESIAN_POINT('',(-1.58510357120578,0.0676532153389488,0.442913385826772));
#12642=CARTESIAN_POINT('Origin',(-1.8888643990201,0.,-0.442913385826772));
#12643=CARTESIAN_POINT('',(-2.09555731240593,0.,-0.442913385826772));
#12644=CARTESIAN_POINT('',(-1.58510357120578,0.0676532153389492,-0.442913385826772));
#12645=CARTESIAN_POINT('',(-1.59243208368484,0.0914169480796272,-0.442913385826772));
#12646=CARTESIAN_POINT('Origin',(-1.48532109193348,-0.078740157480315,-0.442913385826772));
#12647=CARTESIAN_POINT('Origin',(-2.29240770610671,0.078740157480315,0.442913385826772));
#12648=CARTESIAN_POINT('',(-2.29240770610671,0.078740157480315,0.246062992125984));
#12649=CARTESIAN_POINT('',(-2.29240770610671,0.078740157480315,-0.246062992125984));
#12650=CARTESIAN_POINT('Origin',(-1.48532109193348,-0.078740157480315,0.442913385826772));
#12651=CARTESIAN_POINT('',(-1.39673841476813,-0.078740157480315,-0.238188976377953));
#12652=CARTESIAN_POINT('',(-1.39673841476813,-0.078740157480315,0.442913385826772));
#12653=CARTESIAN_POINT('Origin',(-1.48532109193348,-0.078740157480315,-0.238188976377953));
#12654=CARTESIAN_POINT('Origin',(-1.48532109193348,-0.078740157480315,-0.257874015748031));
#12655=CARTESIAN_POINT('',(-1.58510357120578,0.0676532153389492,-0.257874015748031));
#12656=CARTESIAN_POINT('',(-1.58510357120578,0.0676532153389492,-0.257874015748031));
#12657=CARTESIAN_POINT('Origin',(-1.48532109193348,-0.078740157480315,-0.257874015748031));
#12658=CARTESIAN_POINT('Origin',(-1.48532109193348,-0.078740157480315,-0.257874015748031));
#12659=CARTESIAN_POINT('',(-1.53521233156963,-0.0941261482360374,-0.257874015748031));
#12660=CARTESIAN_POINT('',(-1.37705337539805,-0.078740157480315,-0.257874015748031));
#12661=CARTESIAN_POINT('Origin',(-1.48532109193348,-0.078740157480315,-0.257874015748031));
#12662=CARTESIAN_POINT('Origin',(-1.48532109193348,-0.078740157480315,-0.257874015748031));
#12663=CARTESIAN_POINT('',(-1.37705337539805,-0.078740157480315,-0.257874015748031));
#12664=CARTESIAN_POINT('Origin',(-1.58852268026261,0.078740157480315,-0.257874015748031));
#12665=CARTESIAN_POINT('Origin',(-1.58510357120578,0.0676532153389488,0.257874015748031));
#12666=CARTESIAN_POINT('Origin',(-2.09555731240593,0.078740157480315,-0.246062992125984));
#12667=CARTESIAN_POINT('Origin',(-2.09555731240593,0.,0.246062992125984));
#12668=CARTESIAN_POINT('',(-1.77635683940025E-15,0.,0.));
#12669=CARTESIAN_POINT('',(1.08177778484687,1.3987061727561E-15,1.04902962956708E-15));
#12670=CARTESIAN_POINT('',(0.,0.,0.));
#12671=CARTESIAN_POINT('',(1.08177778484687,0.,1.3987061727561E-15));
#12672=CARTESIAN_POINT('',(1.05258600077416E-16,4.14742808806521E-16,3.75));
#12673=CARTESIAN_POINT('',(12.,6.44186370593849E-16,3.74999999999998));
#12674=CARTESIAN_POINT('',(12.0000003510573,12.0000000159571,3.75));
#12675=CARTESIAN_POINT('',(3.51057279800476E-7,1.59571473023551E-8,8.75));
#12676=CARTESIAN_POINT('',(1.24988837155527,1.25015543243667,1.79127894824703));
#12677=CARTESIAN_POINT('',(10.4998883715552,1.87515543243665,2.24127894824704));
#12678=CARTESIAN_POINT('',(12.0000003510573,12.0000000159572,8.75));
#12679=CARTESIAN_POINT('',(0.,0.,0.));
#12680=CARTESIAN_POINT('',(12.,0.,-3.));
#12681=CARTESIAN_POINT('',(10.73,0.250000000000002,3.75));
#12682=CARTESIAN_POINT('',(1.75538111341586,-0.0815332578582559,3.98504895731414));
#12683=CARTESIAN_POINT('',(10.2347910407509,-0.0711133821832755,3.98504895731409));
#12684=UNCERTAINTY_MEASURE_WITH_UNIT(LENGTH_MEASURE(0.000393700787401575),
#12719,'DISTANCE_ACCURACY_VALUE',
'Maximum model space distance between geometric entities at asserted c
onnectivities');
#12685=UNCERTAINTY_MEASURE_WITH_UNIT(LENGTH_MEASURE(0.000393700787401575),
#12719,'DISTANCE_ACCURACY_VALUE',
'Maximum model space distance between geometric entities at asserted c
onnectivities');
#12686=UNCERTAINTY_MEASURE_WITH_UNIT(LENGTH_MEASURE(0.000393700787401575),
#12719,'DISTANCE_ACCURACY_VALUE',
'Maximum model space distance between geometric entities at asserted c
onnectivities');
#12687=UNCERTAINTY_MEASURE_WITH_UNIT(LENGTH_MEASURE(0.000393700787401575),
#12719,'DISTANCE_ACCURACY_VALUE',
'Maximum model space distance between geometric entities at asserted c
onnectivities');
#12688=UNCERTAINTY_MEASURE_WITH_UNIT(LENGTH_MEASURE(0.000393700787401575),
#12719,'DISTANCE_ACCURACY_VALUE',
'Maximum model space distance between geometric entities at asserted c
onnectivities');
#12689=UNCERTAINTY_MEASURE_WITH_UNIT(LENGTH_MEASURE(0.000393700787401575),
#12719,'DISTANCE_ACCURACY_VALUE',
'Maximum model space distance between geometric entities at asserted c
onnectivities');
#12690=UNCERTAINTY_MEASURE_WITH_UNIT(LENGTH_MEASURE(0.000393700787401575),
#12719,'DISTANCE_ACCURACY_VALUE',
'Maximum model space distance between geometric entities at asserted c
onnectivities');
#12691=UNCERTAINTY_MEASURE_WITH_UNIT(LENGTH_MEASURE(0.000393700787401575),
#12719,'DISTANCE_ACCURACY_VALUE',
'Maximum model space distance between geometric entities at asserted c
onnectivities');
#12692=UNCERTAINTY_MEASURE_WITH_UNIT(LENGTH_MEASURE(0.000393700787401575),
#12719,'DISTANCE_ACCURACY_VALUE',
'Maximum model space distance between geometric entities at asserted c
onnectivities');
#12693=UNCERTAINTY_MEASURE_WITH_UNIT(LENGTH_MEASURE(0.000393700787401575),
#12719,'DISTANCE_ACCURACY_VALUE',
'Maximum model space distance between geometric entities at asserted c
onnectivities');
#12694=UNCERTAINTY_MEASURE_WITH_UNIT(LENGTH_MEASURE(0.000393700787401575),
#12719,'DISTANCE_ACCURACY_VALUE',
'Maximum model space distance between geometric entities at asserted c
onnectivities');
#12695=UNCERTAINTY_MEASURE_WITH_UNIT(LENGTH_MEASURE(0.000393700787401575),
#12719,'DISTANCE_ACCURACY_VALUE',
'Maximum model space distance between geometric entities at asserted c
onnectivities');
#12696=UNCERTAINTY_MEASURE_WITH_UNIT(LENGTH_MEASURE(0.000393700787401575),
#12719,'DISTANCE_ACCURACY_VALUE',
'Maximum model space distance between geometric entities at asserted c
onnectivities');
#12697=UNCERTAINTY_MEASURE_WITH_UNIT(LENGTH_MEASURE(0.000393700787401575),
#12719,'DISTANCE_ACCURACY_VALUE',
'Maximum model space distance between geometric entities at asserted c
onnectivities');
#12698=UNCERTAINTY_MEASURE_WITH_UNIT(LENGTH_MEASURE(0.000393700787401575),
#12719,'DISTANCE_ACCURACY_VALUE',
'Maximum model space distance between geometric entities at asserted c
onnectivities');
#12699=UNCERTAINTY_MEASURE_WITH_UNIT(LENGTH_MEASURE(0.000393700787401575),
#12719,'DISTANCE_ACCURACY_VALUE',
'Maximum model space distance between geometric entities at asserted c
onnectivities');
#12700=UNCERTAINTY_MEASURE_WITH_UNIT(LENGTH_MEASURE(0.000393700787401575),
#12719,'DISTANCE_ACCURACY_VALUE',
'Maximum model space distance between geometric entities at asserted c
onnectivities');
#12701=(
GEOMETRIC_REPRESENTATION_CONTEXT(3)
GLOBAL_UNCERTAINTY_ASSIGNED_CONTEXT((#12684))
GLOBAL_UNIT_ASSIGNED_CONTEXT((#12719,#12723,#12724))
REPRESENTATION_CONTEXT('','3D')
);
#12702=(
GEOMETRIC_REPRESENTATION_CONTEXT(3)
GLOBAL_UNCERTAINTY_ASSIGNED_CONTEXT((#12685))
GLOBAL_UNIT_ASSIGNED_CONTEXT((#12719,#12723,#12724))
REPRESENTATION_CONTEXT('','3D')
);
#12703=(
GEOMETRIC_REPRESENTATION_CONTEXT(3)
GLOBAL_UNCERTAINTY_ASSIGNED_CONTEXT((#12686))
GLOBAL_UNIT_ASSIGNED_CONTEXT((#12719,#12723,#12724))
REPRESENTATION_CONTEXT('','3D')
);
#12704=(
GEOMETRIC_REPRESENTATION_CONTEXT(3)
GLOBAL_UNCERTAINTY_ASSIGNED_CONTEXT((#12687))
GLOBAL_UNIT_ASSIGNED_CONTEXT((#12719,#12723,#12724))
REPRESENTATION_CONTEXT('','3D')
);
#12705=(
GEOMETRIC_REPRESENTATION_CONTEXT(3)
GLOBAL_UNCERTAINTY_ASSIGNED_CONTEXT((#12688))
GLOBAL_UNIT_ASSIGNED_CONTEXT((#12719,#12723,#12724))
REPRESENTATION_CONTEXT('','3D')
);
#12706=(
GEOMETRIC_REPRESENTATION_CONTEXT(3)
GLOBAL_UNCERTAINTY_ASSIGNED_CONTEXT((#12689))
GLOBAL_UNIT_ASSIGNED_CONTEXT((#12719,#12723,#12724))
REPRESENTATION_CONTEXT('','3D')
);
#12707=(
GEOMETRIC_REPRESENTATION_CONTEXT(3)
GLOBAL_UNCERTAINTY_ASSIGNED_CONTEXT((#12690))
GLOBAL_UNIT_ASSIGNED_CONTEXT((#12719,#12723,#12724))
REPRESENTATION_CONTEXT('','3D')
);
#12708=(
GEOMETRIC_REPRESENTATION_CONTEXT(3)
GLOBAL_UNCERTAINTY_ASSIGNED_CONTEXT((#12691))
GLOBAL_UNIT_ASSIGNED_CONTEXT((#12719,#12723,#12724))
REPRESENTATION_CONTEXT('','3D')
);
#12709=(
GEOMETRIC_REPRESENTATION_CONTEXT(3)
GLOBAL_UNCERTAINTY_ASSIGNED_CONTEXT((#12692))
GLOBAL_UNIT_ASSIGNED_CONTEXT((#12719,#12723,#12724))
REPRESENTATION_CONTEXT('','3D')
);
#12710=(
GEOMETRIC_REPRESENTATION_CONTEXT(3)
GLOBAL_UNCERTAINTY_ASSIGNED_CONTEXT((#12693))
GLOBAL_UNIT_ASSIGNED_CONTEXT((#12719,#12723,#12724))
REPRESENTATION_CONTEXT('','3D')
);
#12711=(
GEOMETRIC_REPRESENTATION_CONTEXT(3)
GLOBAL_UNCERTAINTY_ASSIGNED_CONTEXT((#12694))
GLOBAL_UNIT_ASSIGNED_CONTEXT((#12719,#12723,#12724))
REPRESENTATION_CONTEXT('','3D')
);
#12712=(
GEOMETRIC_REPRESENTATION_CONTEXT(3)
GLOBAL_UNCERTAINTY_ASSIGNED_CONTEXT((#12695))
GLOBAL_UNIT_ASSIGNED_CONTEXT((#12719,#12723,#12724))
REPRESENTATION_CONTEXT('','3D')
);
#12713=(
GEOMETRIC_REPRESENTATION_CONTEXT(3)
GLOBAL_UNCERTAINTY_ASSIGNED_CONTEXT((#12696))
GLOBAL_UNIT_ASSIGNED_CONTEXT((#12719,#12723,#12724))
REPRESENTATION_CONTEXT('','3D')
);
#12714=(
GEOMETRIC_REPRESENTATION_CONTEXT(3)
GLOBAL_UNCERTAINTY_ASSIGNED_CONTEXT((#12697))
GLOBAL_UNIT_ASSIGNED_CONTEXT((#12719,#12723,#12724))
REPRESENTATION_CONTEXT('','3D')
);
#12715=(
GEOMETRIC_REPRESENTATION_CONTEXT(3)
GLOBAL_UNCERTAINTY_ASSIGNED_CONTEXT((#12698))
GLOBAL_UNIT_ASSIGNED_CONTEXT((#12719,#12723,#12724))
REPRESENTATION_CONTEXT('','3D')
);
#12716=(
GEOMETRIC_REPRESENTATION_CONTEXT(3)
GLOBAL_UNCERTAINTY_ASSIGNED_CONTEXT((#12699))
GLOBAL_UNIT_ASSIGNED_CONTEXT((#12719,#12723,#12724))
REPRESENTATION_CONTEXT('','3D')
);
#12717=(
GEOMETRIC_REPRESENTATION_CONTEXT(3)
GLOBAL_UNCERTAINTY_ASSIGNED_CONTEXT((#12700))
GLOBAL_UNIT_ASSIGNED_CONTEXT((#12719,#12723,#12724))
REPRESENTATION_CONTEXT('','3D')
);
#12718=DIMENSIONAL_EXPONENTS(1.,0.,0.,0.,0.,0.,0.);
#12719=(
CONVERSION_BASED_UNIT('inch',#12722)
LENGTH_UNIT()
NAMED_UNIT(#12718)
);
#12720=(
LENGTH_UNIT()
NAMED_UNIT(*)
SI_UNIT(.MILLI.,.METRE.)
);
#12721=(
LENGTH_UNIT()
NAMED_UNIT(*)
SI_UNIT($,.METRE.)
);
#12722=LENGTH_MEASURE_WITH_UNIT(LENGTH_MEASURE(25.4),#12720);
#12723=(
NAMED_UNIT(*)
PLANE_ANGLE_UNIT()
SI_UNIT($,.RADIAN.)
);
#12724=(
NAMED_UNIT(*)
SI_UNIT($,.STERADIAN.)
SOLID_ANGLE_UNIT()
);
#12725=SHAPE_DEFINITION_REPRESENTATION(#12741,#12774);
#12726=SHAPE_DEFINITION_REPRESENTATION(#12742,#12775);
#12727=SHAPE_DEFINITION_REPRESENTATION(#12743,#12776);
#12728=SHAPE_DEFINITION_REPRESENTATION(#12744,#12777);
#12729=SHAPE_DEFINITION_REPRESENTATION(#12745,#12778);
#12730=SHAPE_DEFINITION_REPRESENTATION(#12746,#12779);
#12731=SHAPE_DEFINITION_REPRESENTATION(#12747,#12780);
#12732=SHAPE_DEFINITION_REPRESENTATION(#12748,#12781);
#12733=SHAPE_DEFINITION_REPRESENTATION(#12749,#12782);
#12734=SHAPE_DEFINITION_REPRESENTATION(#12750,#12783);
#12735=SHAPE_DEFINITION_REPRESENTATION(#12752,#12784);
#12736=SHAPE_DEFINITION_REPRESENTATION(#12753,#12785);
#12737=SHAPE_DEFINITION_REPRESENTATION(#12754,#12786);
#12738=SHAPE_DEFINITION_REPRESENTATION(#12755,#12787);
#12739=SHAPE_DEFINITION_REPRESENTATION(#12756,#12788);
#12740=SHAPE_DEFINITION_REPRESENTATION(#12757,#12789);
#12741=PRODUCT_DEFINITION_SHAPE('',$,#12791);
#12742=PRODUCT_DEFINITION_SHAPE('',$,#12792);
#12743=PRODUCT_DEFINITION_SHAPE('',$,#12793);
#12744=PRODUCT_DEFINITION_SHAPE('',$,#12794);
#12745=PRODUCT_DEFINITION_SHAPE('',$,#12795);
#12746=PRODUCT_DEFINITION_SHAPE('',$,#12796);
#12747=PRODUCT_DEFINITION_SHAPE('',$,#12797);
#12748=PRODUCT_DEFINITION_SHAPE('',$,#12798);
#12749=PRODUCT_DEFINITION_SHAPE('',$,#12799);
#12750=PRODUCT_DEFINITION_SHAPE('',$,#12800);
#12751=PRODUCT_DEFINITION_SHAPE($,$,#71);
#12752=PRODUCT_DEFINITION_SHAPE('',$,#12801);
#12753=PRODUCT_DEFINITION_SHAPE('',$,#12802);
#12754=PRODUCT_DEFINITION_SHAPE('',$,#12803);
#12755=PRODUCT_DEFINITION_SHAPE('',$,#12804);
#12756=PRODUCT_DEFINITION_SHAPE('',$,#12805);
#12757=PRODUCT_DEFINITION_SHAPE('',$,#12806);
#12758=PRODUCT_DEFINITION_SHAPE($,$,#72);
#12759=PRODUCT_DEFINITION_SHAPE($,$,#73);
#12760=PRODUCT_DEFINITION_SHAPE($,$,#74);
#12761=PRODUCT_DEFINITION_SHAPE($,$,#75);
#12762=PRODUCT_DEFINITION_SHAPE($,$,#76);
#12763=PRODUCT_DEFINITION_SHAPE($,$,#77);
#12764=PRODUCT_DEFINITION_SHAPE($,$,#78);
#12765=PRODUCT_DEFINITION_SHAPE($,$,#79);
#12766=PRODUCT_DEFINITION_SHAPE($,$,#80);
#12767=PRODUCT_DEFINITION_SHAPE($,$,#81);
#12768=PRODUCT_DEFINITION_SHAPE($,$,#82);
#12769=PRODUCT_DEFINITION_SHAPE($,$,#83);
#12770=PRODUCT_DEFINITION_SHAPE($,$,#84);
#12771=PRODUCT_DEFINITION_SHAPE($,$,#85);
#12772=PRODUCT_DEFINITION_SHAPE($,$,#86);
#12773=PRODUCT_DEFINITION_SHAPE($,$,#87);
#12774=SHAPE_REPRESENTATION('',(#7654,#8222,#8223,#8224,#8225,#8226,#8227,
#8228,#8229,#8230,#8231,#8232,#8233),#12701);
#12775=SHAPE_REPRESENTATION('',(#7655),#12702);
#12776=SHAPE_REPRESENTATION('',(#7677),#12703);
#12777=SHAPE_REPRESENTATION('',(#7698),#12704);
#12778=SHAPE_REPRESENTATION('',(#7730),#12705);
#12779=SHAPE_REPRESENTATION('',(#7761),#12706);
#12780=SHAPE_REPRESENTATION('',(#7790),#12707);
#12781=SHAPE_REPRESENTATION('',(#7883),#12708);
#12782=SHAPE_REPRESENTATION('',(#7910,#8067),#12709);
#12783=SHAPE_REPRESENTATION('',(#7911),#12710);
#12784=SHAPE_REPRESENTATION('',(#8068),#12711);
#12785=SHAPE_REPRESENTATION('',(#8103),#12712);
#12786=SHAPE_REPRESENTATION('',(#8123,#8218,#8219),#12713);
#12787=SHAPE_REPRESENTATION('',(#8124,#8220,#8221),#12714);
#12788=SHAPE_REPRESENTATION('',(#8125),#12715);
#12789=SHAPE_REPRESENTATION('',(#8170),#12716);
#12790=PRODUCT_DEFINITION_CONTEXT('part definition',#12840,'design');
#12791=PRODUCT_DEFINITION('2025-11-13-04-38-57-914','Final Assembly',#12807,
#12790);
#12792=PRODUCT_DEFINITION('2025-11-13-03-51-46-836','Left Arm V1',#12808,
#12790);
#12793=PRODUCT_DEFINITION('2025-11-13-03-51-46-836_1','Right  Arm V1',#12809,
#12790);
#12794=PRODUCT_DEFINITION('2025-11-13-04-03-09-694','Back Plate V1',#12810,
#12790);
#12795=PRODUCT_DEFINITION('2025-11-13-04-25-52-835','Roof Base V1',#12811,
#12790);
#12796=PRODUCT_DEFINITION('2025-11-13-02-18-23-851','Water Holder V1',#12812,
#12790);
#12797=PRODUCT_DEFINITION('2025-11-13-03-15-23-058','Soil Holder V1',#12813,
#12790);
#12798=PRODUCT_DEFINITION('2025-11-13-14-34-23-182','Roof Top V1',#12814,
#12790);
#12799=PRODUCT_DEFINITION('2025-10-17-19-54-34-423','Base Component V1',
#12815,#12790);
#12800=PRODUCT_DEFINITION('2025-11-13-04-37-27-691','Base',#12816,#12790);
#12801=PRODUCT_DEFINITION('2026-01-29-00-00-10-274',
'Water Reservoir V1',#12817,#12790);
#12802=PRODUCT_DEFINITION('2025-11-13-02-18-23-851_1','Front Door V1',#12818,
#12790);
#12803=PRODUCT_DEFINITION('2026-01-30-21-59-57-111',
'Hinge_PrintInPlaceV2_VC',#12819,#12790);
#12804=PRODUCT_DEFINITION('2026-01-30-21-59-57-111_1',
'Hinge_PrintInPlaceV2_VC',#12820,#12790);
#12805=PRODUCT_DEFINITION('2026-01-30-21-59-57-112','Hinge_Bottom_V1',#12821,
#12790);
#12806=PRODUCT_DEFINITION('2026-01-30-21-59-57-113','Hinge_Top_V1',#12822,
#12790);
#12807=PRODUCT_DEFINITION_FORMATION('',$,#12842);
#12808=PRODUCT_DEFINITION_FORMATION('',$,#12843);
#12809=PRODUCT_DEFINITION_FORMATION('',$,#12844);
#12810=PRODUCT_DEFINITION_FORMATION('',$,#12845);
#12811=PRODUCT_DEFINITION_FORMATION('',$,#12846);
#12812=PRODUCT_DEFINITION_FORMATION('',$,#12847);
#12813=PRODUCT_DEFINITION_FORMATION('',$,#12848);
#12814=PRODUCT_DEFINITION_FORMATION('',$,#12849);
#12815=PRODUCT_DEFINITION_FORMATION('',$,#12850);
#12816=PRODUCT_DEFINITION_FORMATION('',$,#12851);
#12817=PRODUCT_DEFINITION_FORMATION('',$,#12852);
#12818=PRODUCT_DEFINITION_FORMATION('',$,#12853);
#12819=PRODUCT_DEFINITION_FORMATION('',$,#12854);
#12820=PRODUCT_DEFINITION_FORMATION('',$,#12855);
#12821=PRODUCT_DEFINITION_FORMATION('',$,#12856);
#12822=PRODUCT_DEFINITION_FORMATION('',$,#12857);
#12823=PRODUCT_RELATED_PRODUCT_CATEGORY('Final Assembly',
'Final Assembly',(#12842));
#12824=PRODUCT_RELATED_PRODUCT_CATEGORY('Left Arm V1','Left Arm V1',(#12843));
#12825=PRODUCT_RELATED_PRODUCT_CATEGORY('Right  Arm V1','Right  Arm V1',
(#12844));
#12826=PRODUCT_RELATED_PRODUCT_CATEGORY('Back Plate V1','Back Plate V1',
(#12845));
#12827=PRODUCT_RELATED_PRODUCT_CATEGORY('Roof Base V1','Roof Base V1',(#12846));
#12828=PRODUCT_RELATED_PRODUCT_CATEGORY('Water Holder V1',
'Water Holder V1',(#12847));
#12829=PRODUCT_RELATED_PRODUCT_CATEGORY('Soil Holder V1',
'Soil Holder V1',(#12848));
#12830=PRODUCT_RELATED_PRODUCT_CATEGORY('Roof Top V1','Roof Top V1',(#12849));
#12831=PRODUCT_RELATED_PRODUCT_CATEGORY('Base Component V1',
'Base Component V1',(#12850));
#12832=PRODUCT_RELATED_PRODUCT_CATEGORY('Base','Base',(#12851));
#12833=PRODUCT_RELATED_PRODUCT_CATEGORY('Water Reservoir V1',
'Water Reservoir V1',(#12852));
#12834=PRODUCT_RELATED_PRODUCT_CATEGORY('Front Door V1','Front Door V1',
(#12853));
#12835=PRODUCT_RELATED_PRODUCT_CATEGORY('Hinge_PrintInPlaceV2_VC',
'Hinge_PrintInPlaceV2_VC',(#12854));
#12836=PRODUCT_RELATED_PRODUCT_CATEGORY('Hinge_PrintInPlaceV2_VC',
'Hinge_PrintInPlaceV2_VC',(#12855));
#12837=PRODUCT_RELATED_PRODUCT_CATEGORY('Hinge_Bottom_V1',
'Hinge_Bottom_V1',(#12856));
#12838=PRODUCT_RELATED_PRODUCT_CATEGORY('Hinge_Top_V1','Hinge_Top_V1',(#12857));
#12839=APPLICATION_PROTOCOL_DEFINITION('international standard',
'automotive_design',2009,#12840);
#12840=APPLICATION_CONTEXT(
'Core Data for Automotive Mechanical Design Process');
#12841=PRODUCT_CONTEXT('part definition',#12840,'mechanical');
#12842=PRODUCT('2025-11-13-04-38-57-914','Final Assembly',$,(#12841));
#12843=PRODUCT('2025-11-13-03-51-46-836','Left Arm V1',$,(#12841));
#12844=PRODUCT('2025-11-13-03-51-46-836_1','Right  Arm V1',$,(#12841));
#12845=PRODUCT('2025-11-13-04-03-09-694','Back Plate V1',$,(#12841));
#12846=PRODUCT('2025-11-13-04-25-52-835','Roof Base V1',$,(#12841));
#12847=PRODUCT('2025-11-13-02-18-23-851','Water Holder V1',$,(#12841));
#12848=PRODUCT('2025-11-13-03-15-23-058','Soil Holder V1',$,(#12841));
#12849=PRODUCT('2025-11-13-14-34-23-182','Roof Top V1',$,(#12841));
#12850=PRODUCT('2025-10-17-19-54-34-423','Base Component V1',$,(#12841));
#12851=PRODUCT('2025-11-13-04-37-27-691','Base',$,(#12841));
#12852=PRODUCT('2026-01-29-00-00-10-274','Water Reservoir V1',$,(#12841));
#12853=PRODUCT('2025-11-13-02-18-23-851_1','Front Door V1',$,(#12841));
#12854=PRODUCT('2026-01-30-21-59-57-111','Hinge_PrintInPlaceV2_VC',
'Unknown',(#12841));
#12855=PRODUCT('2026-01-30-21-59-57-111_1','Hinge_PrintInPlaceV2_VC',
'Unknown',(#12841));
#12856=PRODUCT('2026-01-30-21-59-57-112','Hinge_Bottom_V1',
'Hinge_Bottom_V1',(#12841));
#12857=PRODUCT('2026-01-30-21-59-57-113','Hinge_Top_V1','Hinge_Top_V1',
(#12841));
#12858=PRESENTATION_STYLE_ASSIGNMENT((#12860));
#12859=PRESENTATION_STYLE_ASSIGNMENT((#12861));
#12860=SURFACE_STYLE_USAGE(.BOTH.,#12862);
#12861=SURFACE_STYLE_USAGE(.BOTH.,#12863);
#12862=SURFACE_SIDE_STYLE('',(#12864));
#12863=SURFACE_SIDE_STYLE('',(#12865));
#12864=SURFACE_STYLE_FILL_AREA(#12866);
#12865=SURFACE_STYLE_FILL_AREA(#12867);
#12866=FILL_AREA_STYLE('Steel - Satin',(#12868));
#12867=FILL_AREA_STYLE('Opaque(129,136,140)',(#12869));
#12868=FILL_AREA_STYLE_COLOUR('Steel - Satin',#12870);
#12869=FILL_AREA_STYLE_COLOUR('Opaque(129,136,140)',#12871);
#12870=COLOUR_RGB('Steel - Satin',0.627450980392157,0.627450980392157,0.627450980392157);
#12871=COLOUR_RGB('Opaque(129,136,140)',0.505882352941176,0.533333333333333,
0.549019607843137);
ENDSEC;
END-ISO-10303-21;
